county,precinct,office,district,party,candidate,votes
Autauga,,President of the United States,,DEM,Bill Clinton,4819
Autauga,,President of the United States,,LIB,Andre Marrou,117
Autauga,,President of the United States,,REP,George Bush,8715
Autauga,,President of the United States,,IND,Lenora Fulani,8
Autauga,,President of the United States,,IND,John Hagelin,2
Autauga,,President of the United States,,IND,"Lyndon H. Larouche, Jr.",2
Autauga,,President of the United States,,IND,H. Ross Perot,1916
Autauga,,President of the United States,,IND,James Warren,6
Autauga,,United States Senator,,DEM,Richard C. Shelby,9012
Autauga,,United States Senator,,LIB,Jerome Shockley,242
Autauga,,United States Senator,,REP,Richard Sellers,4279
Autauga,,United States Senator,,NON,Write-ins,1
Autauga,,U.S. House,2,DEM,"George Wallace, Jr.",7716
Autauga,,U.S. House,2,LIB,Glynn Reeves,244
Autauga,,U.S. House,2,REP,Terry Everett,7104
Autauga,,U.S. House,2,IND,Malcolm S. Brassell,172
Autauga,,U.S. House,2,IND,Richard C. Boone,53
Autauga,,Associate Justice of the Supreme Court Place No. 1,,DEM,R.P. Almon,7152
Autauga,,Associate Justice of the Supreme Court Place No. 1,,REP,Mark Anderson,5266
Autauga,,Associate Justice of the Supreme Court Place No. 2,,DEM,Janie Shores,8197
Autauga,,Associate Justice of the Supreme Court Place No. 2,,REP,Rebecca Thomason,4637
Autauga,,Associate Justice of the Supreme Court Place No. 3,,DEM,J. Gorman Houstohn,7794
Autauga,,Associate Justice of the Supreme Court Place No. 3,,LIB,David L. Rawls,1293
Autauga,,Court of Civil Appeals Place 1,,DEM,Sharon G. Yates,6456
Autauga,,Court of Civil Appeals Place 1,,REP,Robert J. Russell,5574
Autauga,,"For President, Public Service Commission",,DEM,Jim Sullivan,9046
Autauga,,"For President, Public Service Commission",,LIB,Bill Crew,1417
Baldwin,,President of the United States,,DEM,Bill Clinton,12195
Baldwin,,President of the United States,,LIB,Andre Marrou,269
Baldwin,,President of the United States,,REP,George Bush,26270
Baldwin,,President of the United States,,IND,Lenora Fulani,34
Baldwin,,President of the United States,,IND,John Hagelin,10
Baldwin,,President of the United States,,IND,"Lyndon H. Larouche, Jr.",26
Baldwin,,President of the United States,,IND,H. Ross Perot,7656
Baldwin,,President of the United States,,IND,James Warren,16
Baldwin,,President of the United States,,NON,Write-ins,3
Baldwin,,United States Senator,,DEM,Richard C. Shelby,21036
Baldwin,,United States Senator,,LIB,Jerome Shockley,1094
Baldwin,,United States Senator,,REP,Richard Sellers,19258
Baldwin,,U.S. House,1,DEM,William A. Brewer,11951
Baldwin,,U.S. House,1,LIB,John R. Garrett,1724
Baldwin,,U.S. House,1,REP,H.L. Sonny Callahan,29426
Baldwin,,Associate Justice of the Supreme Court Place No. 1,,DEM,R.P. Almon,15759
Baldwin,,Associate Justice of the Supreme Court Place No. 1,,REP,Mark Anderson,21766
Baldwin,,Associate Justice of the Supreme Court Place No. 2,,DEM,Janie Shores,20287
Baldwin,,Associate Justice of the Supreme Court Place No. 2,,REP,Rebecca Thomason,19288
Baldwin,,Associate Justice of the Supreme Court Place No. 3,,DEM,J. Gorman Houstohn,18770
Baldwin,,Associate Justice of the Supreme Court Place No. 3,,LIB,David L. Rawls,4286
Baldwin,,Associate Justice of the Supreme Court Place No. 3,,NON,Write-ins,1
Baldwin,,Court of Civil Appeals Place 1,,DEM,Sharon G. Yates,15370
Baldwin,,Court of Civil Appeals Place 1,,REP,Robert J. Russell,21740
Baldwin,,"For President, Public Service Commission",,DEM,Jim Sullivan,19778
Baldwin,,"For President, Public Service Commission",,LIB,Bill Crew,3562
Baldwin,,"For President, Public Service Commission",,NON,Write-ins,1
Barbour,,President of the United States,,DEM,Bill Clinton,4836
Barbour,,President of the United States,,LIB,Andre Marrou,80
Barbour,,President of the United States,,REP,George Bush,4475
Barbour,,President of the United States,,IND,Lenora Fulani,6
Barbour,,President of the United States,,IND,John Hagelin,6
Barbour,,President of the United States,,IND,"Lyndon H. Larouche, Jr.",5
Barbour,,President of the United States,,IND,H. Ross Perot,1020
Barbour,,President of the United States,,IND,James Warren,3
Barbour,,United States Senator,,DEM,Richard C. Shelby,5783
Barbour,,United States Senator,,LIB,Jerome Shockley,145
Barbour,,United States Senator,,REP,Richard Sellers,2087
Barbour,,U.S. House,2,DEM,"George Wallace, Jr.",6427
Barbour,,U.S. House,2,LIB,Glynn Reeves,144
Barbour,,U.S. House,2,REP,Terry Everett,3144
Barbour,,U.S. House,2,IND,Malcolm S. Brassell,50
Barbour,,U.S. House,2,IND,Richard C. Boone,26
Barbour,,Associate Justice of the Supreme Court Place No. 1,,DEM,R.P. Almon,4634
Barbour,,Associate Justice of the Supreme Court Place No. 1,,REP,Mark Anderson,2563
Barbour,,Associate Justice of the Supreme Court Place No. 2,,DEM,Janie Shores,5195
Barbour,,Associate Justice of the Supreme Court Place No. 2,,REP,Rebecca Thomason,2305
Barbour,,Associate Justice of the Supreme Court Place No. 3,,DEM,J. Gorman Houstohn,6711
Barbour,,Associate Justice of the Supreme Court Place No. 3,,LIB,David L. Rawls,360
Barbour,,Court of Civil Appeals Place 1,,DEM,Sharon G. Yates,4635
Barbour,,Court of Civil Appeals Place 1,,REP,Robert J. Russell,2672
Barbour,,"For President, Public Service Commission",,DEM,Jim Sullivan,5651
Barbour,,"For President, Public Service Commission",,LIB,Bill Crew,429
Bibb,,President of the United States,,DEM,Bill Clinton,2900
Bibb,,President of the United States,,LIB,Andre Marrou,8
Bibb,,President of the United States,,REP,George Bush,3124
Bibb,,President of the United States,,IND,John Hagelin,2
Bibb,,President of the United States,,IND,H. Ross Perot,686
Bibb,,President of the United States,,IND,James Warren,0
Bibb,,United States Senator,,DEM,Richard C. Shelby,4877
Bibb,,United States Senator,,LIB,Jerome Shockley,78
Bibb,,United States Senator,,REP,Richard Sellers,1698
Bibb,,U.S. House,3,DEM,Glen Browder,3103
Bibb,,U.S. House,3,LIB,Rodric. D. Templeton,78
Bibb,,U.S. House,3,REP,Don Sledge,1851
Bibb,,U.S. House,6,DEM,Ben Erdreich,943
Bibb,,U.S. House,6,LIB,Mark Bodenhausen,13
Bibb,,U.S. House,6,REP,Spencer Bachus,417
Bibb,,U.S. House,6,IND,Carla Cloum,25
Bibb,,Associate Justice of the Supreme Court Place No. 1,,DEM,R.P. Almon,3666
Bibb,,Associate Justice of the Supreme Court Place No. 1,,REP,Mark Anderson,2544
Bibb,,Associate Justice of the Supreme Court Place No. 2,,DEM,Janie Shores,4013
Bibb,,Associate Justice of the Supreme Court Place No. 2,,REP,Rebecca Thomason,2224
Bibb,,Associate Justice of the Supreme Court Place No. 3,,DEM,J. Gorman Houstohn,4642
Bibb,,Associate Justice of the Supreme Court Place No. 3,,LIB,David L. Rawls,536
Bibb,,Court of Civil Appeals Place 1,,DEM,Sharon G. Yates,3694
Bibb,,Court of Civil Appeals Place 1,,REP,Robert J. Russell,2452
Bibb,,"For President, Public Service Commission",,DEM,Jim Sullivan,4904
Bibb,,"For President, Public Service Commission",,LIB,Bill Crew,485
Blount,,President of the United States,,DEM,Bill Clinton,5433
Blount,,President of the United States,,LIB,Andre Marrou,209
Blount,,President of the United States,,REP,George Bush,8882
Blount,,President of the United States,,IND,Lenora Fulani,9
Blount,,President of the United States,,IND,John Hagelin,6
Blount,,President of the United States,,IND,"Lyndon H. Larouche, Jr.",16
Blount,,President of the United States,,IND,H. Ross Perot,1949
Blount,,President of the United States,,IND,James Warren,1
Blount,,United States Senator,,DEM,Richard C. Shelby,8311
Blount,,United States Senator,,LIB,Jerome Shockley,421
Blount,,United States Senator,,REP,Richard Sellers,5974
Blount,,U.S. House,4,DEM,Tom Bevill,8852
Blount,,U.S. House,4,LIB,Robert P. King,760
Blount,,U.S. House,4,REP,Martha Strickland,5582
Blount,,Associate Justice of the Supreme Court Place No. 1,,DEM,R.P. Almon,6445
Blount,,Associate Justice of the Supreme Court Place No. 1,,REP,Mark Anderson,6553
Blount,,Associate Justice of the Supreme Court Place No. 2,,DEM,Janie Shores,6885
Blount,,Associate Justice of the Supreme Court Place No. 2,,REP,Rebecca Thomason,6195
Blount,,Associate Justice of the Supreme Court Place No. 3,,DEM,J. Gorman Houstohn,7213
Blount,,Associate Justice of the Supreme Court Place No. 3,,LIB,David L. Rawls,1219
Blount,,Court of Civil Appeals Place 1,,DEM,Sharon G. Yates,6173
Blount,,Court of Civil Appeals Place 1,,REP,Robert J. Russell,6953
Blount,,"For President, Public Service Commission",,DEM,Jim Sullivan,7681
Blount,,"For President, Public Service Commission",,LIB,Bill Crew,1147
Bullock,,President of the United States,,DEM,Bill Clinton,3259
Bullock,,President of the United States,,LIB,Andre Marrou,16
Bullock,,President of the United States,,REP,George Bush,1253
Bullock,,President of the United States,,IND,Lenora Fulani,8
Bullock,,President of the United States,,IND,John Hagelin,3
Bullock,,President of the United States,,IND,"Lyndon H. Larouche, Jr.",8
Bullock,,President of the United States,,IND,H. Ross Perot,266
Bullock,,President of the United States,,IND,James Warren,3
Bullock,,United States Senator,,DEM,Richard C. Shelby,3564
Bullock,,United States Senator,,LIB,Jerome Shockley,43
Bullock,,United States Senator,,REP,Richard Sellers,480
Bullock,,U.S. House,2,DEM,"George Wallace, Jr.",3618
Bullock,,U.S. House,2,LIB,Glynn Reeves,53
Bullock,,U.S. House,2,REP,Terry Everett,974
Bullock,,U.S. House,2,IND,Malcolm S. Brassell,11
Bullock,,U.S. House,2,IND,Richard C. Boone,27
Bullock,,Associate Justice of the Supreme Court Place No. 1,,DEM,R.P. Almon,3114
Bullock,,Associate Justice of the Supreme Court Place No. 1,,REP,Mark Anderson,679
Bullock,,Associate Justice of the Supreme Court Place No. 2,,DEM,Janie Shores,3439
Bullock,,Associate Justice of the Supreme Court Place No. 2,,REP,Rebecca Thomason,548
Bullock,,Associate Justice of the Supreme Court Place No. 3,,DEM,J. Gorman Houstohn,3326
Bullock,,Associate Justice of the Supreme Court Place No. 3,,LIB,David L. Rawls,141
Bullock,,Court of Civil Appeals Place 1,,DEM,Sharon G. Yates,3137
Bullock,,Court of Civil Appeals Place 1,,REP,Robert J. Russell,701
Bullock,,"For President, Public Service Commission",,DEM,Jim Sullivan,3511
Bullock,,"For President, Public Service Commission",,LIB,Bill Crew,141
Butler,,President of the United States,,DEM,Bill Clinton,4021
Butler,,President of the United States,,LIB,Andre Marrou,67
Butler,,President of the United States,,REP,George Bush,3494
Butler,,President of the United States,,IND,Lenora Fulani,8
Butler,,President of the United States,,IND,John Hagelin,3
Butler,,President of the United States,,IND,"Lyndon H. Larouche, Jr.",13
Butler,,President of the United States,,IND,H. Ross Perot,867
Butler,,President of the United States,,IND,James Warren,5
Butler,,President of the United States,,NON,Write-ins,3
Butler,,United States Senator,,DEM,Richard C. Shelby,5305
Butler,,United States Senator,,LIB,Jerome Shockley,99
Butler,,United States Senator,,REP,Richard Sellers,1655
Butler,,U.S. House,2,DEM,"George Wallace, Jr.",4985
Butler,,U.S. House,2,LIB,Glynn Reeves,107
Butler,,U.S. House,2,REP,Terry Everett,2793
Butler,,U.S. House,2,IND,Malcolm S. Brassell,43
Butler,,U.S. House,2,IND,Richard C. Boone,34
Butler,,Associate Justice of the Supreme Court Place No. 1,,DEM,R.P. Almon,4386
Butler,,Associate Justice of the Supreme Court Place No. 1,,REP,Mark Anderson,2145
Butler,,Associate Justice of the Supreme Court Place No. 2,,DEM,Janie Shores,5093
Butler,,Associate Justice of the Supreme Court Place No. 2,,REP,Rebecca Thomason,1767
Butler,,Associate Justice of the Supreme Court Place No. 3,,DEM,J. Gorman Houstohn,4800
Butler,,Associate Justice of the Supreme Court Place No. 3,,LIB,David L. Rawls,340
Butler,,Court of Civil Appeals Place 1,,DEM,Sharon G. Yates,4178
Butler,,Court of Civil Appeals Place 1,,REP,Robert J. Russell,2187
Butler,,"For President, Public Service Commission",,DEM,Jim Sullivan,5233
Butler,,"For President, Public Service Commission",,LIB,Bill Crew,338
Butler,,"For President, Public Service Commission",,NON,Write-ins,1
Calhoun,,President of the United States,,DEM,Bill Clinton,16453
Calhoun,,President of the United States,,LIB,Andre Marrou,252
Calhoun,,President of the United States,,REP,George Bush,20623
Calhoun,,President of the United States,,IND,Lenora Fulani,494
Calhoun,,President of the United States,,IND,John Hagelin,7
Calhoun,,President of the United States,,IND,"Lyndon H. Larouche, Jr.",8
Calhoun,,President of the United States,,IND,H. Ross Perot,4717
Calhoun,,President of the United States,,IND,James Warren,246
Calhoun,,United States Senator,,DEM,Richard C. Shelby,22735
Calhoun,,United States Senator,,LIB,Jerome Shockley,1033
Calhoun,,United States Senator,,REP,Richard Sellers,14190
Calhoun,,U.S. House,3,DEM,Glen Browder,26060
Calhoun,,U.S. House,3,LIB,Rodric. D. Templeton,952
Calhoun,,U.S. House,3,REP,Don Sledge,11779
Calhoun,,Associate Justice of the Supreme Court Place No. 1,,DEM,R.P. Almon,18564
Calhoun,,Associate Justice of the Supreme Court Place No. 1,,REP,Mark Anderson,14300
Calhoun,,Associate Justice of the Supreme Court Place No. 2,,DEM,Janie Shores,20056
Calhoun,,Associate Justice of the Supreme Court Place No. 2,,REP,Rebecca Thomason,13460
Calhoun,,Associate Justice of the Supreme Court Place No. 3,,DEM,J. Gorman Houstohn,20283
Calhoun,,Associate Justice of the Supreme Court Place No. 3,,LIB,David L. Rawls,2163
Calhoun,,Court of Civil Appeals Place 1,,DEM,Sharon G. Yates,18500
Calhoun,,Court of Civil Appeals Place 1,,REP,Robert J. Russell,13920
Calhoun,,"For President, Public Service Commission",,DEM,Jim Sullivan,21072
Calhoun,,"For President, Public Service Commission",,LIB,Bill Crew,2185
Chambers,,President of the United States,,DEM,Bill Clinton,5938
Chambers,,President of the United States,,LIB,Andre Marrou,34
Chambers,,President of the United States,,REP,George Bush,5682
Chambers,,President of the United States,,IND,Lenora Fulani,3
Chambers,,President of the United States,,IND,John Hagelin,2
Chambers,,President of the United States,,IND,"Lyndon H. Larouche, Jr.",2
Chambers,,President of the United States,,IND,H. Ross Perot,1427
Chambers,,President of the United States,,IND,James Warren,3
Chambers,,President of the United States,,NON,Write-ins,8
Chambers,,United States Senator,,DEM,Richard C. Shelby,8187
Chambers,,United States Senator,,LIB,Jerome Shockley,269
Chambers,,United States Senator,,REP,Richard Sellers,3942
Chambers,,United States Senator,,NON,Write-ins,8
Chambers,,U.S. House,3,DEM,Glen Browder,6565
Chambers,,U.S. House,3,LIB,Rodric. D. Templeton,185
Chambers,,U.S. House,3,REP,Don Sledge,5661
Chambers,,U.S. House,3,NON,Write-ins,9
Chambers,,Associate Justice of the Supreme Court Place No. 1,,DEM,R.P. Almon,6632
Chambers,,Associate Justice of the Supreme Court Place No. 1,,REP,Mark Anderson,4591
Chambers,,Associate Justice of the Supreme Court Place No. 1,,NON,Write-ins,8
Chambers,,Associate Justice of the Supreme Court Place No. 2,,DEM,Janie Shores,6923
Chambers,,Associate Justice of the Supreme Court Place No. 2,,REP,Rebecca Thomason,4255
Chambers,,Associate Justice of the Supreme Court Place No. 2,,NON,Write-ins,10
Chambers,,Associate Justice of the Supreme Court Place No. 3,,DEM,J. Gorman Houstohn,8098
Chambers,,Associate Justice of the Supreme Court Place No. 3,,LIB,David L. Rawls,1190
Chambers,,Associate Justice of the Supreme Court Place No. 3,,NON,Write-ins,16
Chambers,,Court of Civil Appeals Place 1,,DEM,Sharon G. Yates,6843
Chambers,,Court of Civil Appeals Place 1,,REP,Robert J. Russell,4252
Chambers,,Court of Civil Appeals Place 1,,NON,Write-ins,11
Chambers,,"For President, Public Service Commission",,DEM,Jim Sullivan,8629
Chambers,,"For President, Public Service Commission",,LIB,Bill Crew,1099
Chambers,,"For President, Public Service Commission",,NON,Write-ins,17
Cherokee,,President of the United States,,DEM,Bill Clinton,4222
Cherokee,,President of the United States,,LIB,Andre Marrou,41
Cherokee,,President of the United States,,REP,George Bush,2745
Cherokee,,President of the United States,,IND,Lenora Fulani,13
Cherokee,,President of the United States,,IND,John Hagelin,4
Cherokee,,President of the United States,,IND,"Lyndon H. Larouche, Jr.",2
Cherokee,,President of the United States,,IND,H. Ross Perot,846
Cherokee,,President of the United States,,IND,James Warren,3
Cherokee,,United States Senator,,DEM,Richard C. Shelby,5004
Cherokee,,United States Senator,,LIB,Jerome Shockley,166
Cherokee,,United States Senator,,REP,Richard Sellers,1372
Cherokee,,U.S. House,4,DEM,Tom Bevill,5237
Cherokee,,U.S. House,4,LIB,Robert P. King,198
Cherokee,,U.S. House,4,REP,Martha Strickland,1614
Cherokee,,Associate Justice of the Supreme Court Place No. 1,,DEM,R.P. Almon,3928
Cherokee,,Associate Justice of the Supreme Court Place No. 1,,REP,Mark Anderson,1646
Cherokee,,Associate Justice of the Supreme Court Place No. 2,,DEM,Janie Shores,4307
Cherokee,,Associate Justice of the Supreme Court Place No. 2,,REP,Rebecca Thomason,1418
Cherokee,,Associate Justice of the Supreme Court Place No. 3,,DEM,J. Gorman Houstohn,4326
Cherokee,,Associate Justice of the Supreme Court Place No. 3,,LIB,David L. Rawls,470
Cherokee,,Court of Civil Appeals Place 1,,DEM,Sharon G. Yates,4165
Cherokee,,Court of Civil Appeals Place 1,,REP,Robert J. Russell,1520
Cherokee,,"For President, Public Service Commission",,DEM,Jim Sullivan,4626
Cherokee,,"For President, Public Service Commission",,LIB,Bill Crew,447
Chilton,,President of the United States,,DEM,Bill Clinton,4946
Chilton,,President of the United States,,LIB,Andre Marrou,24
Chilton,,President of the United States,,REP,George Bush,8126
Chilton,,President of the United States,,IND,Lenora Fulani,3
Chilton,,President of the United States,,IND,John Hagelin,3
Chilton,,President of the United States,,IND,"Lyndon H. Larouche, Jr.",1
Chilton,,President of the United States,,IND,H. Ross Perot,1363
Chilton,,President of the United States,,IND,James Warren,2
Chilton,,United States Senator,,DEM,Richard C. Shelby,9636
Chilton,,United States Senator,,LIB,Jerome Shockley,174
Chilton,,United States Senator,,REP,Richard Sellers,4409
Chilton,,U.S. House,3,DEM,Glen Browder,7608
Chilton,,U.S. House,3,LIB,Rodric. D. Templeton,275
Chilton,,U.S. House,3,REP,Don Sledge,5459
Chilton,,Associate Justice of the Supreme Court Place No. 1,,DEM,R.P. Almon,6526
Chilton,,Associate Justice of the Supreme Court Place No. 1,,REP,Mark Anderson,6130
Chilton,,Associate Justice of the Supreme Court Place No. 2,,DEM,Janie Shores,7225
Chilton,,Associate Justice of the Supreme Court Place No. 2,,REP,Rebecca Thomason,5386
Chilton,,Associate Justice of the Supreme Court Place No. 3,,DEM,J. Gorman Houstohn,8744
Chilton,,Associate Justice of the Supreme Court Place No. 3,,LIB,David L. Rawls,1463
Chilton,,Court of Civil Appeals Place 1,,DEM,Sharon G. Yates,6341
Chilton,,Court of Civil Appeals Place 1,,REP,Robert J. Russell,5885
Chilton,,"For President, Public Service Commission",,DEM,Jim Sullivan,9403
Chilton,,"For President, Public Service Commission",,LIB,Bill Crew,1254
Choctaw,,President of the United States,,DEM,Bill Clinton,3941
Choctaw,,President of the United States,,LIB,Andre Marrou,26
Choctaw,,President of the United States,,REP,George Bush,3069
Choctaw,,President of the United States,,IND,Lenora Fulani,19
Choctaw,,President of the United States,,IND,John Hagelin,2
Choctaw,,President of the United States,,IND,"Lyndon H. Larouche, Jr.",11
Choctaw,,President of the United States,,IND,H. Ross Perot,489
Choctaw,,President of the United States,,IND,James Warren,3
Choctaw,,United States Senator,,DEM,Richard C. Shelby,5069
Choctaw,,United States Senator,,LIB,Jerome Shockley,30
Choctaw,,United States Senator,,REP,Richard Sellers,1195
Choctaw,,U.S. House,7,DEM,Earl Hilliard,3815
Choctaw,,U.S. House,7,LIB,Michael Todd Mayer,79
Choctaw,,U.S. House,7,REP,Kervin Jones,1270
Choctaw,,U.S. House,7,IND,James Chambliss,559
Choctaw,,U.S. House,7,IND,John Hawkins,42
Choctaw,,U.S. House,7,IND,James M. Lewis,79
Choctaw,,Associate Justice of the Supreme Court Place No. 1,,DEM,R.P. Almon,4074
Choctaw,,Associate Justice of the Supreme Court Place No. 1,,REP,Mark Anderson,1545
Choctaw,,Associate Justice of the Supreme Court Place No. 2,,DEM,Janie Shores,4268
Choctaw,,Associate Justice of the Supreme Court Place No. 2,,REP,Rebecca Thomason,1397
Choctaw,,Associate Justice of the Supreme Court Place No. 3,,DEM,J. Gorman Houstohn,4343
Choctaw,,Associate Justice of the Supreme Court Place No. 3,,LIB,David L. Rawls,227
Choctaw,,Court of Civil Appeals Place 1,,DEM,Sharon G. Yates,4094
Choctaw,,Court of Civil Appeals Place 1,,REP,Robert J. Russell,1416
Choctaw,,"For President, Public Service Commission",,DEM,Jim Sullivan,4555
Choctaw,,"For President, Public Service Commission",,LIB,Bill Crew,229
Clarke,,President of the United States,,DEM,Bill Clinton,5023
Clarke,,President of the United States,,LIB,Andre Marrou,65
Clarke,,President of the United States,,REP,George Bush,5495
Clarke,,President of the United States,,IND,Lenora Fulani,68
Clarke,,President of the United States,,IND,John Hagelin,70
Clarke,,President of the United States,,IND,"Lyndon H. Larouche, Jr.",68
Clarke,,President of the United States,,IND,H. Ross Perot,872
Clarke,,President of the United States,,IND,James Warren,56
Clarke,,United States Senator,,DEM,Richard C. Shelby,6655
Clarke,,United States Senator,,LIB,Jerome Shockley,115
Clarke,,United States Senator,,REP,Richard Sellers,3260
Clarke,,U.S. House,1,DEM,William A. Brewer,3784
Clarke,,U.S. House,1,LIB,John R. Garrett,232
Clarke,,U.S. House,1,REP,H.L. Sonny Callahan,5214
Clarke,,U.S. House,7,DEM,Earl Hilliard,647
Clarke,,U.S. House,7,LIB,Michael Todd Mayer,18
Clarke,,U.S. House,7,REP,Kervin Jones,201
Clarke,,U.S. House,7,IND,James Chambliss,45
Clarke,,U.S. House,7,IND,John Hawkins,9
Clarke,,U.S. House,7,IND,James M. Lewis,19
Clarke,,Associate Justice of the Supreme Court Place No. 1,,DEM,R.P. Almon,5029
Clarke,,Associate Justice of the Supreme Court Place No. 1,,REP,Mark Anderson,3499
Clarke,,Associate Justice of the Supreme Court Place No. 2,,DEM,Janie Shores,5674
Clarke,,Associate Justice of the Supreme Court Place No. 2,,REP,Rebecca Thomason,2977
Clarke,,Associate Justice of the Supreme Court Place No. 3,,DEM,J. Gorman Houstohn,5456
Clarke,,Associate Justice of the Supreme Court Place No. 3,,LIB,David L. Rawls,478
Clarke,,Court of Civil Appeals Place 1,,DEM,Sharon G. Yates,5005
Clarke,,Court of Civil Appeals Place 1,,REP,Robert J. Russell,3435
Clarke,,"For President, Public Service Commission",,DEM,Jim Sullivan,6040
Clarke,,"For President, Public Service Commission",,LIB,Bill Crew,439
Clay,,President of the United States,,DEM,Bill Clinton,2073
Clay,,President of the United States,,LIB,Andre Marrou,101
Clay,,President of the United States,,REP,George Bush,2859
Clay,,President of the United States,,IND,Lenora Fulani,26
Clay,,President of the United States,,IND,John Hagelin,2
Clay,,President of the United States,,IND,"Lyndon H. Larouche, Jr.",41
Clay,,President of the United States,,IND,H. Ross Perot,652
Clay,,President of the United States,,IND,James Warren,1
Clay,,United States Senator,,DEM,Richard C. Shelby,3061
Clay,,United States Senator,,LIB,Jerome Shockley,142
Clay,,United States Senator,,REP,Richard Sellers,1309
Clay,,U.S. House,3,DEM,Glen Browder,2927
Clay,,U.S. House,3,LIB,Rodric. D. Templeton,140
Clay,,U.S. House,3,REP,Don Sledge,1381
Clay,,Associate Justice of the Supreme Court Place No. 1,,DEM,R.P. Almon,1926
Clay,,Associate Justice of the Supreme Court Place No. 1,,REP,Mark Anderson,1432
Clay,,Associate Justice of the Supreme Court Place No. 2,,DEM,Janie Shores,2069
Clay,,Associate Justice of the Supreme Court Place No. 2,,REP,Rebecca Thomason,1375
Clay,,Associate Justice of the Supreme Court Place No. 3,,DEM,J. Gorman Houstohn,2091
Clay,,Associate Justice of the Supreme Court Place No. 3,,LIB,David L. Rawls,226
Clay,,Court of Civil Appeals Place 1,,DEM,Sharon G. Yates,1985
Clay,,Court of Civil Appeals Place 1,,REP,Robert J. Russell,1426
Clay,,"For President, Public Service Commission",,DEM,Jim Sullivan,2329
Clay,,"For President, Public Service Commission",,LIB,Bill Crew,251
Cleburne,,President of the United States,,DEM,Bill Clinton,2144
Cleburne,,President of the United States,,LIB,Andre Marrou,29
Cleburne,,President of the United States,,REP,George Bush,2425
Cleburne,,President of the United States,,IND,Lenora Fulani,2
Cleburne,,President of the United States,,IND,John Hagelin,1
Cleburne,,President of the United States,,IND,"Lyndon H. Larouche, Jr.",2
Cleburne,,President of the United States,,IND,H. Ross Perot,630
Cleburne,,President of the United States,,IND,James Warren,4
Cleburne,,United States Senator,,DEM,Richard C. Shelby,2560
Cleburne,,United States Senator,,LIB,Jerome Shockley,119
Cleburne,,United States Senator,,REP,Richard Sellers,1354
Cleburne,,U.S. House,3,DEM,Glen Browder,2636
Cleburne,,U.S. House,3,LIB,Rodric. D. Templeton,103
Cleburne,,U.S. House,3,REP,Don Sledge,1305
Cleburne,,Associate Justice of the Supreme Court Place No. 1,,DEM,R.P. Almon,1820
Cleburne,,Associate Justice of the Supreme Court Place No. 1,,REP,Mark Anderson,1473
Cleburne,,Associate Justice of the Supreme Court Place No. 2,,DEM,Janie Shores,2052
Cleburne,,Associate Justice of the Supreme Court Place No. 2,,REP,Rebecca Thomason,1396
Cleburne,,Associate Justice of the Supreme Court Place No. 3,,DEM,J. Gorman Houstohn,2028
Cleburne,,Associate Justice of the Supreme Court Place No. 3,,LIB,David L. Rawls,246
Cleburne,,Court of Civil Appeals Place 1,,DEM,Sharon G. Yates,1991
Cleburne,,Court of Civil Appeals Place 1,,REP,Robert J. Russell,1418
Cleburne,,"For President, Public Service Commission",,DEM,Jim Sullivan,2238
Cleburne,,"For President, Public Service Commission",,LIB,Bill Crew,253
Coffee,,President of the United States,,DEM,Bill Clinton,5776
Coffee,,President of the United States,,LIB,Andre Marrou,134
Coffee,,President of the United States,,REP,George Bush,7591
Coffee,,President of the United States,,IND,Lenora Fulani,4
Coffee,,President of the United States,,IND,John Hagelin,2
Coffee,,President of the United States,,IND,H. Ross Perot,2021
Coffee,,President of the United States,,IND,James Warren,5
Coffee,,President of the United States,,NON,Write-ins,1
Coffee,,United States Senator,,DEM,Richard C. Shelby,10222
Coffee,,United States Senator,,LIB,Jerome Shockley,236
Coffee,,United States Senator,,REP,Richard Sellers,3420
Coffee,,United States Senator,,NON,Write-ins,1
Coffee,,U.S. House,2,DEM,"George Wallace, Jr.",6617
Coffee,,U.S. House,2,LIB,Glynn Reeves,276
Coffee,,U.S. House,2,REP,Terry Everett,8151
Coffee,,U.S. House,2,IND,Malcolm S. Brassell,26
Coffee,,U.S. House,2,IND,Richard C. Boone,48
Coffee,,Associate Justice of the Supreme Court Place No. 1,,DEM,R.P. Almon,7519
Coffee,,Associate Justice of the Supreme Court Place No. 1,,REP,Mark Anderson,4813
Coffee,,Associate Justice of the Supreme Court Place No. 2,,DEM,Janie Shores,8105
Coffee,,Associate Justice of the Supreme Court Place No. 2,,REP,Rebecca Thomason,4371
Coffee,,Associate Justice of the Supreme Court Place No. 2,,NON,Write-ins,3
Coffee,,Associate Justice of the Supreme Court Place No. 3,,DEM,J. Gorman Houstohn,7824
Coffee,,Associate Justice of the Supreme Court Place No. 3,,LIB,David L. Rawls,1079
Coffee,,Associate Justice of the Supreme Court Place No. 3,,NON,Write-ins,2
Coffee,,Court of Civil Appeals Place 1,,DEM,Sharon G. Yates,7339
Coffee,,Court of Civil Appeals Place 1,,REP,Robert J. Russell,4589
Coffee,,Court of Civil Appeals Place 1,,NON,Write-ins,1
Coffee,,"For President, Public Service Commission",,DEM,Jim Sullivan,8796
Coffee,,"For President, Public Service Commission",,LIB,Bill Crew,899
Coffee,,"For President, Public Service Commission",,NON,Write-ins,2
Colbert,,President of the United States,,DEM,Bill Clinton,12206
Colbert,,President of the United States,,LIB,Andre Marrou,37
Colbert,,President of the United States,,REP,George Bush,8073
Colbert,,President of the United States,,IND,Lenora Fulani,6
Colbert,,President of the United States,,IND,John Hagelin,6
Colbert,,President of the United States,,IND,"Lyndon H. Larouche, Jr.",8
Colbert,,President of the United States,,IND,H. Ross Perot,2098
Colbert,,President of the United States,,IND,James Warren,5
Colbert,,President of the United States,,NON,Write-ins,12
Colbert,,United States Senator,,DEM,Richard C. Shelby,16589
Colbert,,United States Senator,,LIB,Jerome Shockley,321
Colbert,,United States Senator,,REP,Richard Sellers,4965
Colbert,,United States Senator,,NON,Write-ins,38
Colbert,,U.S. House,5,DEM,Bud Cramer,16502
Colbert,,U.S. House,5,LIB,C. Michael Seibert,314
Colbert,,U.S. House,5,REP,Terry Smith,5065
Colbert,,U.S. House,5,NON,Write-ins,28
Colbert,,Associate Justice of the Supreme Court Place No. 1,,DEM,R.P. Almon,15370
Colbert,,Associate Justice of the Supreme Court Place No. 1,,REP,Mark Anderson,5340
Colbert,,Associate Justice of the Supreme Court Place No. 1,,NON,Write-ins,37
Colbert,,Associate Justice of the Supreme Court Place No. 2,,DEM,Janie Shores,15045
Colbert,,Associate Justice of the Supreme Court Place No. 2,,REP,Rebecca Thomason,5631
Colbert,,Associate Justice of the Supreme Court Place No. 2,,NON,Write-ins,22
Colbert,,Associate Justice of the Supreme Court Place No. 3,,DEM,J. Gorman Houstohn,16099
Colbert,,Associate Justice of the Supreme Court Place No. 3,,LIB,David L. Rawls,1434
Colbert,,Associate Justice of the Supreme Court Place No. 3,,NON,Write-ins,43
Colbert,,Court of Civil Appeals Place 1,,DEM,Sharon G. Yates,14368
Colbert,,Court of Civil Appeals Place 1,,REP,Robert J. Russell,5712
Colbert,,Court of Civil Appeals Place 1,,NON,Write-ins,20
Colbert,,"For President, Public Service Commission",,DEM,Jim Sullivan,16355
Colbert,,"For President, Public Service Commission",,LIB,Bill Crew,1353
Colbert,,"For President, Public Service Commission",,NON,Write-ins,74
Conecuh,,President of the United States,,DEM,Bill Clinton,3155
Conecuh,,President of the United States,,LIB,Andre Marrou,38
Conecuh,,President of the United States,,REP,George Bush,2463
Conecuh,,President of the United States,,IND,Lenora Fulani,38
Conecuh,,President of the United States,,IND,John Hagelin,14
Conecuh,,President of the United States,,IND,"Lyndon H. Larouche, Jr.",11
Conecuh,,President of the United States,,IND,H. Ross Perot,552
Conecuh,,President of the United States,,IND,James Warren,36
Conecuh,,United States Senator,,DEM,Richard C. Shelby,3679
Conecuh,,United States Senator,,LIB,Jerome Shockley,96
Conecuh,,United States Senator,,REP,Richard Sellers,980
Conecuh,,U.S. House,2,DEM,"George Wallace, Jr.",3732
Conecuh,,U.S. House,2,LIB,Glynn Reeves,107
Conecuh,,U.S. House,2,REP,Terry Everett,1508
Conecuh,,U.S. House,2,IND,Malcolm S. Brassell,38
Conecuh,,U.S. House,2,IND,Richard C. Boone,61
Conecuh,,Associate Justice of the Supreme Court Place No. 1,,DEM,R.P. Almon,2906
Conecuh,,Associate Justice of the Supreme Court Place No. 1,,REP,Mark Anderson,1206
Conecuh,,Associate Justice of the Supreme Court Place No. 2,,DEM,Janie Shores,3124
Conecuh,,Associate Justice of the Supreme Court Place No. 2,,REP,Rebecca Thomason,1106
Conecuh,,Associate Justice of the Supreme Court Place No. 3,,DEM,J. Gorman Houstohn,2858
Conecuh,,Associate Justice of the Supreme Court Place No. 3,,LIB,David L. Rawls,233
Conecuh,,Court of Civil Appeals Place 1,,DEM,Sharon G. Yates,2532
Conecuh,,Court of Civil Appeals Place 1,,REP,Robert J. Russell,1182
Conecuh,,"For President, Public Service Commission",,DEM,Jim Sullivan,3186
Conecuh,,"For President, Public Service Commission",,LIB,Bill Crew,169
Coosa,,President of the United States,,DEM,Bill Clinton,2330
Coosa,,President of the United States,,LIB,Andre Marrou,15
Coosa,,President of the United States,,REP,George Bush,1973
Coosa,,President of the United States,,IND,Lenora Fulani,1
Coosa,,President of the United States,,IND,"Lyndon H. Larouche, Jr.",1
Coosa,,President of the United States,,IND,H. Ross Perot,476
Coosa,,President of the United States,,IND,James Warren,3
Coosa,,United States Senator,,DEM,Richard C. Shelby,3452
Coosa,,United States Senator,,LIB,Jerome Shockley,110
Coosa,,United States Senator,,REP,Richard Sellers,1142
Coosa,,United States Senator,,NON,Write-ins,12
Coosa,,U.S. House,3,DEM,Glen Browder,3222
Coosa,,U.S. House,3,LIB,Rodric. D. Templeton,116
Coosa,,U.S. House,3,REP,Don Sledge,1256
Coosa,,U.S. House,3,NON,Write-ins,14
Coosa,,Associate Justice of the Supreme Court Place No. 1,,DEM,R.P. Almon,2740
Coosa,,Associate Justice of the Supreme Court Place No. 1,,REP,Mark Anderson,1547
Coosa,,Associate Justice of the Supreme Court Place No. 1,,NON,Write-ins,9
Coosa,,Associate Justice of the Supreme Court Place No. 2,,DEM,Janie Shores,2972
Coosa,,Associate Justice of the Supreme Court Place No. 2,,REP,Rebecca Thomason,1342
Coosa,,Associate Justice of the Supreme Court Place No. 2,,NON,Write-ins,3
Coosa,,Associate Justice of the Supreme Court Place No. 3,,DEM,J. Gorman Houstohn,3182
Coosa,,Associate Justice of the Supreme Court Place No. 3,,LIB,David L. Rawls,605
Coosa,,Associate Justice of the Supreme Court Place No. 3,,NON,Write-ins,2
Coosa,,Court of Civil Appeals Place 1,,DEM,Sharon G. Yates,2785
Coosa,,Court of Civil Appeals Place 1,,REP,Robert J. Russell,1467
Coosa,,Court of Civil Appeals Place 1,,NON,Write-ins,1
Coosa,,"For President, Public Service Commission",,DEM,Jim Sullivan,2878
Coosa,,"For President, Public Service Commission",,LIB,Bill Crew,1336
Coosa,,"For President, Public Service Commission",,NON,Write-ins,5
Covington,,President of the United States,,DEM,Bill Clinton,5004
Covington,,President of the United States,,LIB,Andre Marrou,80
Covington,,President of the United States,,REP,George Bush,6840
Covington,,President of the United States,,IND,Lenora Fulani,141
Covington,,President of the United States,,IND,John Hagelin,1
Covington,,President of the United States,,IND,"Lyndon H. Larouche, Jr.",1
Covington,,President of the United States,,IND,H. Ross Perot,1880
Covington,,President of the United States,,IND,James Warren,15
Covington,,United States Senator,,DEM,Richard C. Shelby,7835
Covington,,United States Senator,,LIB,Jerome Shockley,368
Covington,,United States Senator,,REP,Richard Sellers,2703
Covington,,U.S. House,2,DEM,"George Wallace, Jr.",6747
Covington,,U.S. House,2,LIB,Glynn Reeves,277
Covington,,U.S. House,2,REP,Terry Everett,5719
Covington,,U.S. House,2,IND,Malcolm S. Brassell,62
Covington,,U.S. House,2,IND,Richard C. Boone,140
Covington,,Associate Justice of the Supreme Court Place No. 1,,DEM,R.P. Almon,5379
Covington,,Associate Justice of the Supreme Court Place No. 1,,REP,Mark Anderson,3676
Covington,,Associate Justice of the Supreme Court Place No. 2,,DEM,Janie Shores,6247
Covington,,Associate Justice of the Supreme Court Place No. 2,,REP,Rebecca Thomason,3154
Covington,,Associate Justice of the Supreme Court Place No. 3,,DEM,J. Gorman Houstohn,5427
Covington,,Associate Justice of the Supreme Court Place No. 3,,LIB,David L. Rawls,871
Covington,,Court of Civil Appeals Place 1,,DEM,Sharon G. Yates,4964
Covington,,Court of Civil Appeals Place 1,,REP,Robert J. Russell,3359
Covington,,"For President, Public Service Commission",,DEM,Jim Sullivan,7892
Covington,,"For President, Public Service Commission",,LIB,Bill Crew,804
Crenshaw,,President of the United States,,DEM,Bill Clinton,2404
Crenshaw,,President of the United States,,LIB,Andre Marrou,27
Crenshaw,,President of the United States,,REP,George Bush,2339
Crenshaw,,President of the United States,,IND,Lenora Fulani,26
Crenshaw,,President of the United States,,IND,John Hagelin,4
Crenshaw,,President of the United States,,IND,H. Ross Perot,485
Crenshaw,,President of the United States,,IND,James Warren,5
Crenshaw,,United States Senator,,DEM,Richard C. Shelby,3484
Crenshaw,,United States Senator,,LIB,Jerome Shockley,89
Crenshaw,,United States Senator,,REP,Richard Sellers,777
Crenshaw,,U.S. House,2,DEM,"George Wallace, Jr.",3230
Crenshaw,,U.S. House,2,LIB,Glynn Reeves,72
Crenshaw,,U.S. House,2,REP,Terry Everett,1705
Crenshaw,,U.S. House,2,IND,Malcolm S. Brassell,17
Crenshaw,,U.S. House,2,IND,Richard C. Boone,22
Crenshaw,,Associate Justice of the Supreme Court Place No. 1,,DEM,R.P. Almon,2673
Crenshaw,,Associate Justice of the Supreme Court Place No. 1,,REP,Mark Anderson,1141
Crenshaw,,Associate Justice of the Supreme Court Place No. 2,,DEM,Janie Shores,2929
Crenshaw,,Associate Justice of the Supreme Court Place No. 2,,REP,Rebecca Thomason,947
Crenshaw,,Associate Justice of the Supreme Court Place No. 3,,DEM,J. Gorman Houstohn,2592
Crenshaw,,Associate Justice of the Supreme Court Place No. 3,,LIB,David L. Rawls,177
Crenshaw,,Court of Civil Appeals Place 1,,DEM,Sharon G. Yates,2382
Crenshaw,,Court of Civil Appeals Place 1,,REP,Robert J. Russell,1165
Crenshaw,,"For President, Public Service Commission",,DEM,Jim Sullivan,3089
Crenshaw,,"For President, Public Service Commission",,LIB,Bill Crew,180
Cullman,,President of the United States,,DEM,Bill Clinton,10451
Cullman,,President of the United States,,LIB,Andre Marrou,48
Cullman,,President of the United States,,REP,George Bush,14411
Cullman,,President of the United States,,IND,Lenora Fulani,3
Cullman,,President of the United States,,IND,John Hagelin,10
Cullman,,President of the United States,,IND,"Lyndon H. Larouche, Jr.",4
Cullman,,President of the United States,,IND,H. Ross Perot,4113
Cullman,,President of the United States,,IND,James Warren,3
Cullman,,President of the United States,,NON,Write-ins,7
Cullman,,United States Senator,,DEM,Richard C. Shelby,17366
Cullman,,United States Senator,,LIB,Jerome Shockley,639
Cullman,,United States Senator,,REP,Richard Sellers,10380
Cullman,,United States Senator,,NON,Write-ins,20
Cullman,,U.S. House,4,DEM,Tom Bevill,18449
Cullman,,U.S. House,4,LIB,Robert P. King,639
Cullman,,U.S. House,4,REP,Martha Strickland,9394
Cullman,,U.S. House,4,NON,Write-ins,8
Cullman,,Associate Justice of the Supreme Court Place No. 1,,DEM,R.P. Almon,14429
Cullman,,Associate Justice of the Supreme Court Place No. 1,,REP,Mark Anderson,12347
Cullman,,Associate Justice of the Supreme Court Place No. 1,,NON,Write-ins,12
Cullman,,Associate Justice of the Supreme Court Place No. 2,,DEM,Janie Shores,14999
Cullman,,Associate Justice of the Supreme Court Place No. 2,,REP,Rebecca Thomason,11644
Cullman,,Associate Justice of the Supreme Court Place No. 2,,NON,Write-ins,9
Cullman,,Associate Justice of the Supreme Court Place No. 3,,DEM,J. Gorman Houstohn,17714
Cullman,,Associate Justice of the Supreme Court Place No. 3,,LIB,David L. Rawls,3210
Cullman,,Associate Justice of the Supreme Court Place No. 3,,NON,Write-ins,18
Cullman,,Court of Civil Appeals Place 1,,DEM,Sharon G. Yates,14412
Cullman,,Court of Civil Appeals Place 1,,REP,Robert J. Russell,11857
Cullman,,Court of Civil Appeals Place 1,,NON,Write-ins,6
Cullman,,"For President, Public Service Commission",,DEM,Jim Sullivan,18786
Cullman,,"For President, Public Service Commission",,LIB,Bill Crew,2736
Cullman,,"For President, Public Service Commission",,NON,Write-ins,15
Dale,,President of the United States,,DEM,Bill Clinton,5098
Dale,,President of the United States,,LIB,Andre Marrou,116
Dale,,President of the United States,,REP,George Bush,8123
Dale,,President of the United States,,IND,Lenora Fulani,9
Dale,,President of the United States,,IND,John Hagelin,8
Dale,,President of the United States,,IND,"Lyndon H. Larouche, Jr.",2
Dale,,President of the United States,,IND,H. Ross Perot,2423
Dale,,President of the United States,,IND,James Warren,8
Dale,,United States Senator,,DEM,Richard C. Shelby,9096
Dale,,United States Senator,,LIB,Jerome Shockley,249
Dale,,United States Senator,,REP,Richard Sellers,4341
Dale,,U.S. House,2,DEM,"George Wallace, Jr.",6470
Dale,,U.S. House,2,LIB,Glynn Reeves,272
Dale,,U.S. House,2,REP,Terry Everett,8364
Dale,,U.S. House,2,IND,Malcolm S. Brassell,37
Dale,,U.S. House,2,IND,Richard C. Boone,106
Dale,,Associate Justice of the Supreme Court Place No. 1,,DEM,R.P. Almon,7064
Dale,,Associate Justice of the Supreme Court Place No. 1,,REP,Mark Anderson,5475
Dale,,Associate Justice of the Supreme Court Place No. 1,,NON,Write-ins,1
Dale,,Associate Justice of the Supreme Court Place No. 2,,DEM,Janie Shores,7464
Dale,,Associate Justice of the Supreme Court Place No. 2,,REP,Rebecca Thomason,5108
Dale,,Associate Justice of the Supreme Court Place No. 3,,DEM,J. Gorman Houstohn,7164
Dale,,Associate Justice of the Supreme Court Place No. 3,,LIB,David L. Rawls,1173
Dale,,Court of Civil Appeals Place 1,,DEM,Sharon G. Yates,6782
Dale,,Court of Civil Appeals Place 1,,REP,Robert J. Russell,5363
Dale,,"For President, Public Service Commission",,DEM,Jim Sullivan,8073
Dale,,"For President, Public Service Commission",,LIB,Bill Crew,1011
Dale,,"For President, Public Service Commission",,NON,Write-ins,1
Dallas,,President of the United States,,DEM,Bill Clinton,11053
Dallas,,President of the United States,,LIB,Andre Marrou,29
Dallas,,President of the United States,,REP,George Bush,7394
Dallas,,President of the United States,,IND,Lenora Fulani,7
Dallas,,President of the United States,,IND,John Hagelin,5
Dallas,,President of the United States,,IND,"Lyndon H. Larouche, Jr.",2
Dallas,,President of the United States,,IND,H. Ross Perot,1110
Dallas,,President of the United States,,IND,James Warren,4
Dallas,,United States Senator,,DEM,Richard C. Shelby,15493
Dallas,,United States Senator,,LIB,Jerome Shockley,147
Dallas,,United States Senator,,REP,Richard Sellers,3275
Dallas,,U.S. House,7,DEM,Earl Hilliard,10906
Dallas,,U.S. House,7,LIB,Michael Todd Mayer,140
Dallas,,U.S. House,7,REP,Kervin Jones,3034
Dallas,,U.S. House,7,IND,James Chambliss,3232
Dallas,,U.S. House,7,IND,John Hawkins,61
Dallas,,U.S. House,7,IND,James M. Lewis,1531
Dallas,,Associate Justice of the Supreme Court Place No. 1,,DEM,R.P. Almon,12983
Dallas,,Associate Justice of the Supreme Court Place No. 1,,REP,Mark Anderson,4304
Dallas,,Associate Justice of the Supreme Court Place No. 2,,DEM,Janie Shores,14000
Dallas,,Associate Justice of the Supreme Court Place No. 2,,REP,Rebecca Thomason,3780
Dallas,,Associate Justice of the Supreme Court Place No. 3,,DEM,J. Gorman Houstohn,14733
Dallas,,Associate Justice of the Supreme Court Place No. 3,,LIB,David L. Rawls,1210
Dallas,,Court of Civil Appeals Place 1,,DEM,Sharon G. Yates,11308
Dallas,,Court of Civil Appeals Place 1,,REP,Robert J. Russell,5946
Dallas,,"For President, Public Service Commission",,DEM,Jim Sullivan,15906
Dallas,,"For President, Public Service Commission",,LIB,Bill Crew,1070
DeKalb,,President of the United States,,DEM,Bill Clinton,8245
DeKalb,,President of the United States,,LIB,Andre Marrou,62
DeKalb,,President of the United States,,REP,George Bush,10519
DeKalb,,President of the United States,,IND,Lenora Fulani,8
DeKalb,,President of the United States,,IND,John Hagelin,4
DeKalb,,President of the United States,,IND,"Lyndon H. Larouche, Jr.",4
DeKalb,,President of the United States,,IND,H. Ross Perot,2741
DeKalb,,President of the United States,,IND,James Warren,2
DeKalb,,President of the United States,,NON,Write-ins,3
DeKalb,,United States Senator,,DEM,Richard C. Shelby,11176
DeKalb,,United States Senator,,LIB,Jerome Shockley,477
DeKalb,,United States Senator,,REP,Richard Sellers,7515
DeKalb,,U.S. House,4,DEM,Tom Bevill,10726
DeKalb,,U.S. House,4,LIB,Robert P. King,534
DeKalb,,U.S. House,4,REP,Martha Strickland,8356
DeKalb,,U.S. House,4,NON,Write-ins,2
DeKalb,,Associate Justice of the Supreme Court Place No. 1,,DEM,R.P. Almon,9517
DeKalb,,Associate Justice of the Supreme Court Place No. 1,,REP,Mark Anderson,8386
DeKalb,,Associate Justice of the Supreme Court Place No. 2,,DEM,Janie Shores,10220
DeKalb,,Associate Justice of the Supreme Court Place No. 2,,REP,Rebecca Thomason,7946
DeKalb,,Associate Justice of the Supreme Court Place No. 3,,DEM,J. Gorman Houstohn,10479
DeKalb,,Associate Justice of the Supreme Court Place No. 3,,LIB,David L. Rawls,1540
DeKalb,,Court of Civil Appeals Place 1,,DEM,Sharon G. Yates,9897
DeKalb,,Court of Civil Appeals Place 1,,REP,Robert J. Russell,7977
DeKalb,,Court of Civil Appeals Place 1,,NON,Write-ins,1
DeKalb,,"For President, Public Service Commission",,DEM,Jim Sullivan,10802
DeKalb,,"For President, Public Service Commission",,LIB,Bill Crew,1409
Elmore,,President of the United States,,DEM,Bill Clinton,6223
Elmore,,President of the United States,,LIB,Andre Marrou,35
Elmore,,President of the United States,,REP,George Bush,11356
Elmore,,President of the United States,,IND,Lenora Fulani,3
Elmore,,President of the United States,,IND,John Hagelin,1
Elmore,,President of the United States,,IND,"Lyndon H. Larouche, Jr.",5
Elmore,,President of the United States,,IND,H. Ross Perot,2765
Elmore,,President of the United States,,IND,James Warren,0
Elmore,,President of the United States,,NON,Write-ins,1
Elmore,,United States Senator,,DEM,Richard C. Shelby,13288
Elmore,,United States Senator,,LIB,Jerome Shockley,378
Elmore,,United States Senator,,REP,Richard Sellers,6078
Elmore,,United States Senator,,NON,Write-ins,18
Elmore,,U.S. House,2,DEM,"George Wallace, Jr.",9572
Elmore,,U.S. House,2,LIB,Glynn Reeves,180
Elmore,,U.S. House,2,REP,Terry Everett,9936
Elmore,,U.S. House,2,IND,Malcolm S. Brassell,223
Elmore,,U.S. House,2,IND,Richard C. Boone,178
Elmore,,Associate Justice of the Supreme Court Place No. 1,,DEM,R.P. Almon,10474
Elmore,,Associate Justice of the Supreme Court Place No. 1,,REP,Mark Anderson,7673
Elmore,,Associate Justice of the Supreme Court Place No. 1,,NON,Write-ins,3
Elmore,,Associate Justice of the Supreme Court Place No. 2,,DEM,Janie Shores,11840
Elmore,,Associate Justice of the Supreme Court Place No. 2,,REP,Rebecca Thomason,6338
Elmore,,Associate Justice of the Supreme Court Place No. 3,,DEM,J. Gorman Houstohn,12124
Elmore,,Associate Justice of the Supreme Court Place No. 3,,LIB,David L. Rawls,2297
Elmore,,Associate Justice of the Supreme Court Place No. 3,,NON,Write-ins,5
Elmore,,Court of Civil Appeals Place 1,,DEM,Sharon G. Yates,8798
Elmore,,Court of Civil Appeals Place 1,,REP,Robert J. Russell,8611
Elmore,,Court of Civil Appeals Place 1,,NON,Write-ins,2
Elmore,,"For President, Public Service Commission",,DEM,Jim Sullivan,13638
Elmore,,"For President, Public Service Commission",,LIB,Bill Crew,2111
Escambia,,President of the United States,,DEM,Bill Clinton,4809
Escambia,,President of the United States,,LIB,Andre Marrou,131
Escambia,,President of the United States,,REP,George Bush,5955
Escambia,,President of the United States,,IND,Lenora Fulani,220
Escambia,,President of the United States,,IND,John Hagelin,3
Escambia,,President of the United States,,IND,"Lyndon H. Larouche, Jr.",3
Escambia,,President of the United States,,IND,H. Ross Perot,1616
Escambia,,President of the United States,,IND,James Warren,87
Escambia,,United States Senator,,DEM,Richard C. Shelby,6268
Escambia,,United States Senator,,LIB,Jerome Shockley,300
Escambia,,United States Senator,,REP,Richard Sellers,3874
Escambia,,U.S. House,1,DEM,William A. Brewer,3976
Escambia,,U.S. House,1,LIB,John R. Garrett,286
Escambia,,U.S. House,1,REP,H.L. Sonny Callahan,6134
Escambia,,Associate Justice of the Supreme Court Place No. 1,,DEM,R.P. Almon,4590
Escambia,,Associate Justice of the Supreme Court Place No. 1,,REP,Mark Anderson,3972
Escambia,,Associate Justice of the Supreme Court Place No. 2,,DEM,Janie Shores,4946
Escambia,,Associate Justice of the Supreme Court Place No. 2,,REP,Rebecca Thomason,3678
Escambia,,Associate Justice of the Supreme Court Place No. 3,,DEM,J. Gorman Houstohn,4914
Escambia,,Associate Justice of the Supreme Court Place No. 3,,LIB,David L. Rawls,523
Escambia,,Court of Civil Appeals Place 1,,DEM,Sharon G. Yates,4558
Escambia,,Court of Civil Appeals Place 1,,REP,Robert J. Russell,3811
Escambia,,"For President, Public Service Commission",,DEM,Jim Sullivan,5289
Escambia,,"For President, Public Service Commission",,LIB,Bill Crew,502
Etowah,,President of the United States,,DEM,Bill Clinton,20558
Etowah,,President of the United States,,LIB,Andre Marrou,88
Etowah,,President of the United States,,REP,George Bush,17467
Etowah,,President of the United States,,IND,Lenora Fulani,31
Etowah,,President of the United States,,IND,John Hagelin,12
Etowah,,President of the United States,,IND,"Lyndon H. Larouche, Jr.",7
Etowah,,President of the United States,,IND,H. Ross Perot,4277
Etowah,,President of the United States,,IND,James Warren,11
Etowah,,United States Senator,,DEM,Richard C. Shelby,29183
Etowah,,United States Senator,,LIB,Jerome Shockley,851
Etowah,,United States Senator,,REP,Richard Sellers,11289
Etowah,,U.S. House,4,DEM,Tom Bevill,29436
Etowah,,U.S. House,4,LIB,Robert P. King,888
Etowah,,U.S. House,4,REP,Martha Strickland,11275
Etowah,,Associate Justice of the Supreme Court Place No. 1,,DEM,R.P. Almon,24977
Etowah,,Associate Justice of the Supreme Court Place No. 1,,REP,Mark Anderson,13831
Etowah,,Associate Justice of the Supreme Court Place No. 2,,DEM,Janie Shores,26590
Etowah,,Associate Justice of the Supreme Court Place No. 2,,REP,Rebecca Thomason,12594
Etowah,,Associate Justice of the Supreme Court Place No. 3,,DEM,J. Gorman Houstohn,29221
Etowah,,Associate Justice of the Supreme Court Place No. 3,,LIB,David L. Rawls,4276
Etowah,,Court of Civil Appeals Place 1,,DEM,Sharon G. Yates,25675
Etowah,,Court of Civil Appeals Place 1,,REP,Robert J. Russell,13227
Etowah,,"For President, Public Service Commission",,DEM,Jim Sullivan,30204
Etowah,,"For President, Public Service Commission",,LIB,Bill Crew,3775
Fayette,,President of the United States,,DEM,Bill Clinton,3830
Fayette,,President of the United States,,LIB,Andre Marrou,13
Fayette,,President of the United States,,REP,George Bush,3604
Fayette,,President of the United States,,IND,Lenora Fulani,3
Fayette,,President of the United States,,IND,John Hagelin,1
Fayette,,President of the United States,,IND,"Lyndon H. Larouche, Jr.",5
Fayette,,President of the United States,,IND,H. Ross Perot,1012
Fayette,,President of the United States,,IND,James Warren,2
Fayette,,President of the United States,,NON,Write-ins,2
Fayette,,United States Senator,,DEM,Richard C. Shelby,6184
Fayette,,United States Senator,,LIB,Jerome Shockley,112
Fayette,,United States Senator,,REP,Richard Sellers,1960
Fayette,,United States Senator,,NON,Write-ins,4
Fayette,,U.S. House,4,DEM,Tom Bevill,6571
Fayette,,U.S. House,4,LIB,Robert P. King,105
Fayette,,U.S. House,4,REP,Martha Strickland,1652
Fayette,,U.S. House,4,NON,Write-ins,5
Fayette,,Associate Justice of the Supreme Court Place No. 1,,DEM,R.P. Almon,4639
Fayette,,Associate Justice of the Supreme Court Place No. 1,,REP,Mark Anderson,2753
Fayette,,Associate Justice of the Supreme Court Place No. 1,,NON,Write-ins,2
Fayette,,Associate Justice of the Supreme Court Place No. 2,,DEM,Janie Shores,4961
Fayette,,Associate Justice of the Supreme Court Place No. 2,,REP,Rebecca Thomason,2441
Fayette,,Associate Justice of the Supreme Court Place No. 2,,NON,Write-ins,1
Fayette,,Associate Justice of the Supreme Court Place No. 3,,DEM,J. Gorman Houstohn,5545
Fayette,,Associate Justice of the Supreme Court Place No. 3,,LIB,David L. Rawls,634
Fayette,,Associate Justice of the Supreme Court Place No. 3,,NON,Write-ins,4
Fayette,,Court of Civil Appeals Place 1,,DEM,Sharon G. Yates,4650
Fayette,,Court of Civil Appeals Place 1,,REP,Robert J. Russell,2581
Fayette,,Court of Civil Appeals Place 1,,NON,Write-ins,1
Fayette,,"For President, Public Service Commission",,DEM,Jim Sullivan,5747
Fayette,,"For President, Public Service Commission",,LIB,Bill Crew,531
Fayette,,"For President, Public Service Commission",,NON,Write-ins,4
Franklin,,President of the United States,,DEM,Bill Clinton,5953
Franklin,,President of the United States,,LIB,Andre Marrou,21
Franklin,,President of the United States,,REP,George Bush,4794
Franklin,,President of the United States,,IND,Lenora Fulani,2
Franklin,,President of the United States,,IND,John Hagelin,7
Franklin,,President of the United States,,IND,"Lyndon H. Larouche, Jr.",4
Franklin,,President of the United States,,IND,H. Ross Perot,1075
Franklin,,President of the United States,,IND,James Warren,2
Franklin,,United States Senator,,DEM,Richard C. Shelby,8215
Franklin,,United States Senator,,LIB,Jerome Shockley,208
Franklin,,United States Senator,,REP,Richard Sellers,3021
Franklin,,U.S. House,4,DEM,Tom Bevill,8470
Franklin,,U.S. House,4,LIB,Robert P. King,185
Franklin,,U.S. House,4,REP,Martha Strickland,2847
Franklin,,Associate Justice of the Supreme Court Place No. 1,,DEM,R.P. Almon,7265
Franklin,,Associate Justice of the Supreme Court Place No. 1,,REP,Mark Anderson,3440
Franklin,,Associate Justice of the Supreme Court Place No. 2,,DEM,Janie Shores,6852
Franklin,,Associate Justice of the Supreme Court Place No. 2,,REP,Rebecca Thomason,4352
Franklin,,Associate Justice of the Supreme Court Place No. 3,,DEM,J. Gorman Houstohn,7814
Franklin,,Associate Justice of the Supreme Court Place No. 3,,LIB,David L. Rawls,810
Franklin,,Court of Civil Appeals Place 1,,DEM,Sharon G. Yates,7037
Franklin,,Court of Civil Appeals Place 1,,REP,Robert J. Russell,3454
Franklin,,"For President, Public Service Commission",,DEM,Jim Sullivan,8220
Franklin,,"For President, Public Service Commission",,LIB,Bill Crew,701
Geneva,,President of the United States,,DEM,Bill Clinton,3622
Geneva,,President of the United States,,LIB,Andre Marrou,37
Geneva,,President of the United States,,REP,George Bush,4843
Geneva,,President of the United States,,IND,Lenora Fulani,34
Geneva,,President of the United States,,IND,John Hagelin,4
Geneva,,President of the United States,,IND,H. Ross Perot,1323
Geneva,,President of the United States,,IND,James Warren,4
Geneva,,United States Senator,,DEM,Richard C. Shelby,5629
Geneva,,United States Senator,,LIB,Jerome Shockley,304
Geneva,,United States Senator,,REP,Richard Sellers,1802
Geneva,,U.S. House,2,DEM,"George Wallace, Jr.",4906
Geneva,,U.S. House,2,LIB,Glynn Reeves,205
Geneva,,U.S. House,2,REP,Terry Everett,4229
Geneva,,U.S. House,2,IND,Malcolm S. Brassell,28
Geneva,,U.S. House,2,IND,Richard C. Boone,89
Geneva,,U.S. House,2,NON,Write-ins,1
Geneva,,Associate Justice of the Supreme Court Place No. 1,,DEM,R.P. Almon,4235
Geneva,,Associate Justice of the Supreme Court Place No. 1,,REP,Mark Anderson,2552
Geneva,,Associate Justice of the Supreme Court Place No. 1,,NON,Write-ins,1
Geneva,,Associate Justice of the Supreme Court Place No. 2,,DEM,Janie Shores,4451
Geneva,,Associate Justice of the Supreme Court Place No. 2,,REP,Rebecca Thomason,2142
Geneva,,Associate Justice of the Supreme Court Place No. 2,,NON,Write-ins,1
Geneva,,Associate Justice of the Supreme Court Place No. 3,,DEM,J. Gorman Houstohn,3881
Geneva,,Associate Justice of the Supreme Court Place No. 3,,LIB,David L. Rawls,679
Geneva,,Associate Justice of the Supreme Court Place No. 3,,NON,Write-ins,1
Geneva,,Court of Civil Appeals Place 1,,DEM,Sharon G. Yates,4104
Geneva,,Court of Civil Appeals Place 1,,REP,Robert J. Russell,2261
Geneva,,"For President, Public Service Commission",,DEM,Jim Sullivan,4669
Geneva,,"For President, Public Service Commission",,LIB,Bill Crew,598
Greene,,President of the United States,,DEM,Bill Clinton,3865
Greene,,President of the United States,,LIB,Andre Marrou,4
Greene,,President of the United States,,REP,George Bush,805
Greene,,President of the United States,,IND,Lenora Fulani,4
Greene,,President of the United States,,IND,John Hagelin,1
Greene,,President of the United States,,IND,"Lyndon H. Larouche, Jr.",6
Greene,,President of the United States,,IND,H. Ross Perot,194
Greene,,President of the United States,,IND,James Warren,2
Greene,,United States Senator,,DEM,Richard C. Shelby,4155
Greene,,United States Senator,,LIB,Jerome Shockley,20
Greene,,United States Senator,,REP,Richard Sellers,371
Greene,,U.S. House,7,DEM,Earl Hilliard,3778
Greene,,U.S. House,7,LIB,Michael Todd Mayer,30
Greene,,U.S. House,7,REP,Kervin Jones,550
Greene,,U.S. House,7,IND,James Chambliss,107
Greene,,U.S. House,7,IND,John Hawkins,20
Greene,,U.S. House,7,IND,James M. Lewis,111
Greene,,Associate Justice of the Supreme Court Place No. 1,,DEM,R.P. Almon,3804
Greene,,Associate Justice of the Supreme Court Place No. 1,,REP,Mark Anderson,570
Greene,,Associate Justice of the Supreme Court Place No. 2,,DEM,Janie Shores,3926
Greene,,Associate Justice of the Supreme Court Place No. 2,,REP,Rebecca Thomason,462
Greene,,Associate Justice of the Supreme Court Place No. 3,,DEM,J. Gorman Houstohn,3948
Greene,,Associate Justice of the Supreme Court Place No. 3,,LIB,David L. Rawls,104
Greene,,Court of Civil Appeals Place 1,,DEM,Sharon G. Yates,3663
Greene,,Court of Civil Appeals Place 1,,REP,Robert J. Russell,576
Greene,,"For President, Public Service Commission",,DEM,Jim Sullivan,4094
Greene,,"For President, Public Service Commission",,LIB,Bill Crew,80
Hale,,President of the United States,,DEM,Bill Clinton,3481
Hale,,President of the United States,,LIB,Andre Marrou,30
Hale,,President of the United States,,REP,George Bush,2001
Hale,,President of the United States,,IND,Lenora Fulani,3
Hale,,President of the United States,,IND,John Hagelin,2
Hale,,President of the United States,,IND,"Lyndon H. Larouche, Jr.",15
Hale,,President of the United States,,IND,H. Ross Perot,486
Hale,,President of the United States,,IND,James Warren,5
Hale,,United States Senator,,DEM,Richard C. Shelby,4227
Hale,,United States Senator,,LIB,Jerome Shockley,63
Hale,,United States Senator,,REP,Richard Sellers,861
Hale,,U.S. House,7,DEM,Earl Hilliard,3276
Hale,,U.S. House,7,LIB,Michael Todd Mayer,84
Hale,,U.S. House,7,REP,Kervin Jones,1164
Hale,,U.S. House,7,IND,James Chambliss,578
Hale,,U.S. House,7,IND,John Hawkins,39
Hale,,U.S. House,7,IND,James M. Lewis,124
Hale,,Associate Justice of the Supreme Court Place No. 1,,DEM,R.P. Almon,3142
Hale,,Associate Justice of the Supreme Court Place No. 1,,REP,Mark Anderson,1118
Hale,,Associate Justice of the Supreme Court Place No. 2,,DEM,Janie Shores,3472
Hale,,Associate Justice of the Supreme Court Place No. 2,,REP,Rebecca Thomason,972
Hale,,Associate Justice of the Supreme Court Place No. 3,,DEM,J. Gorman Houstohn,3417
Hale,,Associate Justice of the Supreme Court Place No. 3,,LIB,David L. Rawls,185
Hale,,Court of Civil Appeals Place 1,,DEM,Sharon G. Yates,3209
Hale,,Court of Civil Appeals Place 1,,REP,Robert J. Russell,1214
Hale,,"For President, Public Service Commission",,DEM,Jim Sullivan,3613
Hale,,"For President, Public Service Commission",,LIB,Bill Crew,207
Henry,,President of the United States,,DEM,Bill Clinton,2804
Henry,,President of the United States,,LIB,Andre Marrou,44
Henry,,President of the United States,,REP,George Bush,2970
Henry,,President of the United States,,IND,Lenora Fulani,2
Henry,,President of the United States,,IND,John Hagelin,1
Henry,,President of the United States,,IND,"Lyndon H. Larouche, Jr.",6
Henry,,President of the United States,,IND,H. Ross Perot,667
Henry,,President of the United States,,IND,James Warren,5
Henry,,United States Senator,,DEM,Richard C. Shelby,3533
Henry,,United States Senator,,LIB,Jerome Shockley,80
Henry,,United States Senator,,REP,Richard Sellers,1162
Henry,,U.S. House,2,DEM,"George Wallace, Jr.",3694
Henry,,U.S. House,2,LIB,Glynn Reeves,69
Henry,,U.S. House,2,REP,Terry Everett,2512
Henry,,U.S. House,2,IND,Malcolm S. Brassell,13
Henry,,U.S. House,2,IND,Richard C. Boone,12
Henry,,U.S. House,2,NON,Write-ins,1
Henry,,Associate Justice of the Supreme Court Place No. 1,,DEM,R.P. Almon,2912
Henry,,Associate Justice of the Supreme Court Place No. 1,,REP,Mark Anderson,1423
Henry,,Associate Justice of the Supreme Court Place No. 2,,DEM,Janie Shores,3113
Henry,,Associate Justice of the Supreme Court Place No. 2,,REP,Rebecca Thomason,1279
Henry,,Associate Justice of the Supreme Court Place No. 3,,DEM,J. Gorman Houstohn,3038
Henry,,Associate Justice of the Supreme Court Place No. 3,,LIB,David L. Rawls,282
Henry,,Court of Civil Appeals Place 1,,DEM,Sharon G. Yates,2908
Henry,,Court of Civil Appeals Place 1,,REP,Robert J. Russell,1460
Henry,,Court of Civil Appeals Place 1,,NON,Write-ins,1
Henry,,"For President, Public Service Commission",,DEM,Jim Sullivan,3423
Henry,,"For President, Public Service Commission",,LIB,Bill Crew,240
Henry,,"For President, Public Service Commission",,NON,Write-ins,2
Houston,,President of the United States,,DEM,Bill Clinton,8857
Houston,,President of the United States,,LIB,Andre Marrou,32
Houston,,President of the United States,,REP,George Bush,17360
Houston,,President of the United States,,IND,Lenora Fulani,6
Houston,,President of the United States,,IND,John Hagelin,4
Houston,,President of the United States,,IND,"Lyndon H. Larouche, Jr.",6
Houston,,President of the United States,,IND,H. Ross Perot,3492
Houston,,President of the United States,,IND,James Warren,3
Houston,,United States Senator,,DEM,Richard C. Shelby,18918
Houston,,United States Senator,,LIB,Jerome Shockley,384
Houston,,United States Senator,,REP,Richard Sellers,9651
Houston,,U.S. House,2,DEM,"George Wallace, Jr.",11561
Houston,,U.S. House,2,LIB,Glynn Reeves,154
Houston,,U.S. House,2,REP,Terry Everett,17539
Houston,,U.S. House,2,IND,Malcolm S. Brassell,102
Houston,,U.S. House,2,IND,Richard C. Boone,175
Houston,,Associate Justice of the Supreme Court Place No. 1,,DEM,R.P. Almon,14222
Houston,,Associate Justice of the Supreme Court Place No. 1,,REP,Mark Anderson,12752
Houston,,Associate Justice of the Supreme Court Place No. 2,,DEM,Janie Shores,15569
Houston,,Associate Justice of the Supreme Court Place No. 2,,REP,Rebecca Thomason,11167
Houston,,Associate Justice of the Supreme Court Place No. 3,,DEM,J. Gorman Houstohn,18155
Houston,,Associate Justice of the Supreme Court Place No. 3,,LIB,David L. Rawls,3396
Houston,,Court of Civil Appeals Place 1,,DEM,Sharon G. Yates,13430
Houston,,Court of Civil Appeals Place 1,,REP,Robert J. Russell,12788
Houston,,"For President, Public Service Commission",,DEM,Jim Sullivan,19949
Houston,,"For President, Public Service Commission",,LIB,Bill Crew,2805
Jackson,,President of the United States,,DEM,Bill Clinton,10628
Jackson,,President of the United States,,LIB,Andre Marrou,90
Jackson,,President of the United States,,REP,George Bush,5711
Jackson,,President of the United States,,IND,Lenora Fulani,16
Jackson,,President of the United States,,IND,John Hagelin,3
Jackson,,President of the United States,,IND,"Lyndon H. Larouche, Jr.",1
Jackson,,President of the United States,,IND,H. Ross Perot,2462
Jackson,,President of the United States,,IND,James Warren,5
Jackson,,United States Senator,,DEM,Richard C. Shelby,11396
Jackson,,United States Senator,,LIB,Jerome Shockley,355
Jackson,,United States Senator,,REP,Richard Sellers,3973
Jackson,,United States Senator,,NON,Write-ins,2
Jackson,,U.S. House,5,DEM,Bud Cramer,11815
Jackson,,U.S. House,5,LIB,C. Michael Seibert,378
Jackson,,U.S. House,5,REP,Terry Smith,4028
Jackson,,Associate Justice of the Supreme Court Place No. 1,,DEM,R.P. Almon,9976
Jackson,,Associate Justice of the Supreme Court Place No. 1,,REP,Mark Anderson,4233
Jackson,,Associate Justice of the Supreme Court Place No. 1,,NON,Write-ins,1
Jackson,,Associate Justice of the Supreme Court Place No. 2,,DEM,Janie Shores,10740
Jackson,,Associate Justice of the Supreme Court Place No. 2,,REP,Rebecca Thomason,3987
Jackson,,Associate Justice of the Supreme Court Place No. 2,,NON,Write-ins,1
Jackson,,Associate Justice of the Supreme Court Place No. 3,,DEM,J. Gorman Houstohn,10612
Jackson,,Associate Justice of the Supreme Court Place No. 3,,LIB,David L. Rawls,749
Jackson,,Court of Civil Appeals Place 1,,DEM,Sharon G. Yates,10216
Jackson,,Court of Civil Appeals Place 1,,REP,Robert J. Russell,4044
Jackson,,Court of Civil Appeals Place 1,,NON,Write-ins,1
Jackson,,"For President, Public Service Commission",,DEM,Jim Sullivan,10935
Jackson,,"For President, Public Service Commission",,LIB,Bill Crew,805
Jackson,,"For President, Public Service Commission",,NON,Write-ins,1
Jefferson,,President of the United States,,DEM,Bill Clinton,125889
Jefferson,,President of the United States,,LIB,Andre Marrou,635
Jefferson,,President of the United States,,REP,George Bush,149832
Jefferson,,President of the United States,,IND,Lenora Fulani,204
Jefferson,,President of the United States,,IND,John Hagelin,42
Jefferson,,President of the United States,,IND,"Lyndon H. Larouche, Jr.",53
Jefferson,,President of the United States,,IND,H. Ross Perot,22191
Jefferson,,President of the United States,,IND,James Warren,38
Jefferson,,President of the United States,,NON,Write-ins,212
Jefferson,,United States Senator,,DEM,Richard C. Shelby,178070
Jefferson,,United States Senator,,LIB,Jerome Shockley,5085
Jefferson,,United States Senator,,REP,Richard Sellers,109615
Jefferson,,United States Senator,,NON,Write-ins,510
Jefferson,,U.S. House,6,DEM,Ben Erdreich,88591
Jefferson,,U.S. House,6,LIB,Mark Bodenhausen,1964
Jefferson,,U.S. House,6,REP,Spencer Bachus,105910
Jefferson,,U.S. House,6,IND,Carla Cloum,2935
Jefferson,,U.S. House,6,NON,Write-ins,93
Jefferson,,U.S. House,7,DEM,Earl Hilliard,70667
Jefferson,,U.S. House,7,LIB,Michael Todd Mayer,708
Jefferson,,U.S. House,7,REP,Kervin Jones,13473
Jefferson,,U.S. House,7,IND,James Chambliss,1064
Jefferson,,U.S. House,7,IND,John Hawkins,489
Jefferson,,U.S. House,7,IND,James M. Lewis,7761
Jefferson,,U.S. House,7,NON,Write-ins,80
Jefferson,,Associate Justice of the Supreme Court Place No. 1,,DEM,R.P. Almon,149856
Jefferson,,Associate Justice of the Supreme Court Place No. 1,,REP,Mark Anderson,128654
Jefferson,,Associate Justice of the Supreme Court Place No. 1,,NON,Write-ins,474
Jefferson,,Associate Justice of the Supreme Court Place No. 2,,DEM,Janie Shores,163506
Jefferson,,Associate Justice of the Supreme Court Place No. 2,,REP,Rebecca Thomason,117950
Jefferson,,Associate Justice of the Supreme Court Place No. 2,,NON,Write-ins,348
Jefferson,,Associate Justice of the Supreme Court Place No. 3,,DEM,J. Gorman Houstohn,185425
Jefferson,,Associate Justice of the Supreme Court Place No. 3,,LIB,David L. Rawls,30309
Jefferson,,Associate Justice of the Supreme Court Place No. 3,,NON,Write-ins,984
Jefferson,,Court of Civil Appeals Place 1,,DEM,Sharon G. Yates,143021
Jefferson,,Court of Civil Appeals Place 1,,REP,Robert J. Russell,132422
Jefferson,,Court of Civil Appeals Place 1,,NON,Write-ins,290
Jefferson,,"For President, Public Service Commission",,DEM,Jim Sullivan,191944
Jefferson,,"For President, Public Service Commission",,LIB,Bill Crew,27211
Jefferson,,"For President, Public Service Commission",,NON,Write-ins,875
Lamar,,President of the United States,,DEM,Bill Clinton,2849
Lamar,,President of the United States,,LIB,Andre Marrou,18
Lamar,,President of the United States,,REP,George Bush,3262
Lamar,,President of the United States,,IND,John Hagelin,4
Lamar,,President of the United States,,IND,"Lyndon H. Larouche, Jr.",2
Lamar,,President of the United States,,IND,H. Ross Perot,763
Lamar,,President of the United States,,IND,James Warren,0
Lamar,,President of the United States,,NON,Write-ins,3
Lamar,,United States Senator,,DEM,Richard C. Shelby,4318
Lamar,,United States Senator,,LIB,Jerome Shockley,126
Lamar,,United States Senator,,REP,Richard Sellers,2015
Lamar,,United States Senator,,NON,Write-ins,17
Lamar,,U.S. House,4,DEM,Tom Bevill,4693
Lamar,,U.S. House,4,LIB,Robert P. King,136
Lamar,,U.S. House,4,REP,Martha Strickland,1742
Lamar,,U.S. House,4,NON,Write-ins,16
Lamar,,Associate Justice of the Supreme Court Place No. 1,,DEM,R.P. Almon,3273
Lamar,,Associate Justice of the Supreme Court Place No. 1,,REP,Mark Anderson,2410
Lamar,,Associate Justice of the Supreme Court Place No. 1,,NON,Write-ins,12
Lamar,,Associate Justice of the Supreme Court Place No. 2,,DEM,Janie Shores,3409
Lamar,,Associate Justice of the Supreme Court Place No. 2,,REP,Rebecca Thomason,2345
Lamar,,Associate Justice of the Supreme Court Place No. 2,,NON,Write-ins,5
Lamar,,Associate Justice of the Supreme Court Place No. 3,,DEM,J. Gorman Houstohn,3954
Lamar,,Associate Justice of the Supreme Court Place No. 3,,LIB,David L. Rawls,511
Lamar,,Associate Justice of the Supreme Court Place No. 3,,NON,Write-ins,9
Lamar,,Court of Civil Appeals Place 1,,DEM,Sharon G. Yates,3248
Lamar,,Court of Civil Appeals Place 1,,REP,Robert J. Russell,2412
Lamar,,Court of Civil Appeals Place 1,,NON,Write-ins,2
Lamar,,"For President, Public Service Commission",,DEM,Jim Sullivan,4127
Lamar,,"For President, Public Service Commission",,LIB,Bill Crew,500
Lamar,,"For President, Public Service Commission",,NON,Write-ins,15
Lauderdale,,President of the United States,,DEM,Bill Clinton,15936
Lauderdale,,President of the United States,,LIB,Andre Marrou,50
Lauderdale,,President of the United States,,REP,George Bush,13728
Lauderdale,,President of the United States,,IND,Lenora Fulani,8
Lauderdale,,President of the United States,,IND,John Hagelin,14
Lauderdale,,President of the United States,,IND,"Lyndon H. Larouche, Jr.",7
Lauderdale,,President of the United States,,IND,H. Ross Perot,4009
Lauderdale,,President of the United States,,IND,James Warren,4
Lauderdale,,President of the United States,,NON,Write-ins,26
Lauderdale,,United States Senator,,DEM,Richard C. Shelby,23521
Lauderdale,,United States Senator,,LIB,Jerome Shockley,584
Lauderdale,,United States Senator,,REP,Richard Sellers,8509
Lauderdale,,United States Senator,,NON,Write-ins,63
Lauderdale,,U.S. House,5,DEM,Bud Cramer,23126
Lauderdale,,U.S. House,5,LIB,C. Michael Seibert,553
Lauderdale,,U.S. House,5,REP,Terry Smith,8978
Lauderdale,,U.S. House,5,NON,Write-ins,45
Lauderdale,,Associate Justice of the Supreme Court Place No. 1,,DEM,R.P. Almon,21700
Lauderdale,,Associate Justice of the Supreme Court Place No. 1,,REP,Mark Anderson,8646
Lauderdale,,Associate Justice of the Supreme Court Place No. 1,,NON,Write-ins,33
Lauderdale,,Associate Justice of the Supreme Court Place No. 2,,DEM,Janie Shores,21472
Lauderdale,,Associate Justice of the Supreme Court Place No. 2,,REP,Rebecca Thomason,8831
Lauderdale,,Associate Justice of the Supreme Court Place No. 2,,NON,Write-ins,28
Lauderdale,,Associate Justice of the Supreme Court Place No. 3,,DEM,J. Gorman Houstohn,22777
Lauderdale,,Associate Justice of the Supreme Court Place No. 3,,LIB,David L. Rawls,2758
Lauderdale,,Associate Justice of the Supreme Court Place No. 3,,NON,Write-ins,70
Lauderdale,,Court of Civil Appeals Place 1,,DEM,Sharon G. Yates,19875
Lauderdale,,Court of Civil Appeals Place 1,,REP,Robert J. Russell,9329
Lauderdale,,Court of Civil Appeals Place 1,,NON,Write-ins,28
Lauderdale,,"For President, Public Service Commission",,DEM,Jim Sullivan,23566
Lauderdale,,"For President, Public Service Commission",,LIB,Bill Crew,2600
Lauderdale,,"For President, Public Service Commission",,NON,Write-ins,64
Lawrence,,President of the United States,,DEM,Bill Clinton,6364
Lawrence,,President of the United States,,LIB,Andre Marrou,14
Lawrence,,President of the United States,,REP,George Bush,3576
Lawrence,,President of the United States,,IND,John Hagelin,5
Lawrence,,President of the United States,,IND,"Lyndon H. Larouche, Jr.",4
Lawrence,,President of the United States,,IND,H. Ross Perot,1624
Lawrence,,President of the United States,,IND,James Warren,2
Lawrence,,United States Senator,,DEM,Richard C. Shelby,9103
Lawrence,,United States Senator,,LIB,Jerome Shockley,174
Lawrence,,United States Senator,,REP,Richard Sellers,1971
Lawrence,,U.S. House,4,DEM,Tom Bevill,7742
Lawrence,,U.S. House,4,LIB,Robert P. King,185
Lawrence,,U.S. House,4,REP,Martha Strickland,1480
Lawrence,,U.S. House,5,DEM,Bud Cramer,1374
Lawrence,,U.S. House,5,LIB,C. Michael Seibert,19
Lawrence,,U.S. House,5,REP,Terry Smith,242
Lawrence,,Associate Justice of the Supreme Court Place No. 1,,DEM,R.P. Almon,9150
Lawrence,,Associate Justice of the Supreme Court Place No. 1,,REP,Mark Anderson,1798
Lawrence,,Associate Justice of the Supreme Court Place No. 2,,DEM,Janie Shores,8386
Lawrence,,Associate Justice of the Supreme Court Place No. 2,,REP,Rebecca Thomason,2135
Lawrence,,Associate Justice of the Supreme Court Place No. 3,,DEM,J. Gorman Houstohn,8341
Lawrence,,Associate Justice of the Supreme Court Place No. 3,,LIB,David L. Rawls,790
Lawrence,,Court of Civil Appeals Place 1,,DEM,Sharon G. Yates,7834
Lawrence,,Court of Civil Appeals Place 1,,REP,Robert J. Russell,2365
Lawrence,,"For President, Public Service Commission",,DEM,Jim Sullivan,8791
Lawrence,,"For President, Public Service Commission",,LIB,Bill Crew,670
Lee,,President of the United States,,DEM,Bill Clinton,13770
Lee,,President of the United States,,LIB,Andre Marrou,217
Lee,,President of the United States,,REP,George Bush,16885
Lee,,President of the United States,,IND,Lenora Fulani,32
Lee,,President of the United States,,IND,John Hagelin,6
Lee,,President of the United States,,IND,"Lyndon H. Larouche, Jr.",6
Lee,,President of the United States,,IND,H. Ross Perot,4572
Lee,,President of the United States,,IND,James Warren,2
Lee,,United States Senator,,DEM,Richard C. Shelby,15983
Lee,,United States Senator,,LIB,Jerome Shockley,925
Lee,,United States Senator,,REP,Richard Sellers,13684
Lee,,U.S. House,3,DEM,Glen Browder,15009
Lee,,U.S. House,3,LIB,Rodric. D. Templeton,863
Lee,,U.S. House,3,REP,Don Sledge,14231
Lee,,Associate Justice of the Supreme Court Place No. 1,,DEM,R.P. Almon,13188
Lee,,Associate Justice of the Supreme Court Place No. 1,,REP,Mark Anderson,14310
Lee,,Associate Justice of the Supreme Court Place No. 2,,DEM,Janie Shores,14153
Lee,,Associate Justice of the Supreme Court Place No. 2,,REP,Rebecca Thomason,13763
Lee,,Associate Justice of the Supreme Court Place No. 3,,DEM,J. Gorman Houstohn,14938
Lee,,Associate Justice of the Supreme Court Place No. 3,,LIB,David L. Rawls,2505
Lee,,Court of Civil Appeals Place 1,,DEM,Sharon G. Yates,13572
Lee,,Court of Civil Appeals Place 1,,REP,Robert J. Russell,13945
Lee,,"For President, Public Service Commission",,DEM,Jim Sullivan,15667
Lee,,"For President, Public Service Commission",,LIB,Bill Crew,2590
Limestone,,President of the United States,,DEM,Bill Clinton,8087
Limestone,,President of the United States,,LIB,Andre Marrou,44
Limestone,,President of the United States,,REP,George Bush,9862
Limestone,,President of the United States,,IND,Lenora Fulani,5
Limestone,,President of the United States,,IND,John Hagelin,6
Limestone,,President of the United States,,IND,"Lyndon H. Larouche, Jr.",4
Limestone,,President of the United States,,IND,H. Ross Perot,3584
Limestone,,President of the United States,,IND,James Warren,5
Limestone,,President of the United States,,NON,Write-ins,9
Limestone,,United States Senator,,DEM,Richard C. Shelby,13703
Limestone,,United States Senator,,LIB,Jerome Shockley,488
Limestone,,United States Senator,,REP,Richard Sellers,6657
Limestone,,United States Senator,,NON,Write-ins,34
Limestone,,U.S. House,5,DEM,Bud Cramer,12627
Limestone,,U.S. House,5,LIB,C. Michael Seibert,531
Limestone,,U.S. House,5,REP,Terry Smith,7722
Limestone,,U.S. House,5,NON,Write-ins,37
Limestone,,Associate Justice of the Supreme Court Place No. 1,,DEM,R.P. Almon,12102
Limestone,,Associate Justice of the Supreme Court Place No. 1,,REP,Mark Anderson,6975
Limestone,,Associate Justice of the Supreme Court Place No. 1,,NON,Write-ins,32
Limestone,,Associate Justice of the Supreme Court Place No. 2,,DEM,Janie Shores,12528
Limestone,,Associate Justice of the Supreme Court Place No. 2,,REP,Rebecca Thomason,6426
Limestone,,Associate Justice of the Supreme Court Place No. 2,,NON,Write-ins,24
Limestone,,Associate Justice of the Supreme Court Place No. 3,,DEM,J. Gorman Houstohn,13015
Limestone,,Associate Justice of the Supreme Court Place No. 3,,LIB,David L. Rawls,2436
Limestone,,Associate Justice of the Supreme Court Place No. 3,,NON,Write-ins,55
Limestone,,Court of Civil Appeals Place 1,,DEM,Sharon G. Yates,11422
Limestone,,Court of Civil Appeals Place 1,,REP,Robert J. Russell,6927
Limestone,,Court of Civil Appeals Place 1,,NON,Write-ins,25
Limestone,,"For President, Public Service Commission",,DEM,Jim Sullivan,13917
Limestone,,"For President, Public Service Commission",,LIB,Bill Crew,2097
Limestone,,"For President, Public Service Commission",,NON,Write-ins,47
Lowndes,,President of the United States,,DEM,Bill Clinton,3500
Lowndes,,President of the United States,,LIB,Andre Marrou,23
Lowndes,,President of the United States,,REP,George Bush,1328
Lowndes,,President of the United States,,IND,Lenora Fulani,3
Lowndes,,President of the United States,,IND,John Hagelin,2
Lowndes,,President of the United States,,IND,"Lyndon H. Larouche, Jr.",4
Lowndes,,President of the United States,,IND,H. Ross Perot,284
Lowndes,,President of the United States,,IND,James Warren,4
Lowndes,,United States Senator,,DEM,Richard C. Shelby,3748
Lowndes,,United States Senator,,LIB,Jerome Shockley,55
Lowndes,,United States Senator,,REP,Richard Sellers,597
Lowndes,,U.S. House,7,DEM,Earl Hilliard,3062
Lowndes,,U.S. House,7,LIB,Michael Todd Mayer,69
Lowndes,,U.S. House,7,REP,Kervin Jones,597
Lowndes,,U.S. House,7,IND,James Chambliss,640
Lowndes,,U.S. House,7,IND,John Hawkins,30
Lowndes,,U.S. House,7,IND,James M. Lewis,153
Lowndes,,U.S. House,7,NON,Write-ins,1
Lowndes,,Associate Justice of the Supreme Court Place No. 1,,DEM,R.P. Almon,3255
Lowndes,,Associate Justice of the Supreme Court Place No. 1,,REP,Mark Anderson,815
Lowndes,,Associate Justice of the Supreme Court Place No. 2,,DEM,Janie Shores,3506
Lowndes,,Associate Justice of the Supreme Court Place No. 2,,REP,Rebecca Thomason,633
Lowndes,,Associate Justice of the Supreme Court Place No. 3,,DEM,J. Gorman Houstohn,3314
Lowndes,,Associate Justice of the Supreme Court Place No. 3,,LIB,David L. Rawls,172
Lowndes,,Court of Civil Appeals Place 1,,DEM,Sharon G. Yates,3167
Lowndes,,Court of Civil Appeals Place 1,,REP,Robert J. Russell,842
Lowndes,,"For President, Public Service Commission",,DEM,Jim Sullivan,3633
Lowndes,,"For President, Public Service Commission",,LIB,Bill Crew,153
Macon,,President of the United States,,DEM,Bill Clinton,7253
Macon,,President of the United States,,LIB,Andre Marrou,34
Macon,,President of the United States,,REP,George Bush,1134
Macon,,President of the United States,,IND,Lenora Fulani,24
Macon,,President of the United States,,IND,John Hagelin,4
Macon,,President of the United States,,IND,"Lyndon H. Larouche, Jr.",20
Macon,,President of the United States,,IND,H. Ross Perot,283
Macon,,President of the United States,,IND,James Warren,10
Macon,,President of the United States,,NON,Write-ins,2
Macon,,United States Senator,,DEM,Richard C. Shelby,6818
Macon,,United States Senator,,LIB,Jerome Shockley,221
Macon,,United States Senator,,REP,Richard Sellers,700
Macon,,United States Senator,,NON,Write-ins,126
Macon,,U.S. House,3,DEM,Glen Browder,6916
Macon,,U.S. House,3,LIB,Rodric. D. Templeton,155
Macon,,U.S. House,3,REP,Don Sledge,683
Macon,,Associate Justice of the Supreme Court Place No. 1,,DEM,R.P. Almon,6543
Macon,,Associate Justice of the Supreme Court Place No. 1,,REP,Mark Anderson,826
Macon,,Associate Justice of the Supreme Court Place No. 2,,DEM,Janie Shores,6834
Macon,,Associate Justice of the Supreme Court Place No. 2,,REP,Rebecca Thomason,730
Macon,,Associate Justice of the Supreme Court Place No. 3,,DEM,J. Gorman Houstohn,6608
Macon,,Associate Justice of the Supreme Court Place No. 3,,LIB,David L. Rawls,255
Macon,,Court of Civil Appeals Place 1,,DEM,Sharon G. Yates,6598
Macon,,Court of Civil Appeals Place 1,,REP,Robert J. Russell,820
Macon,,"For President, Public Service Commission",,DEM,Jim Sullivan,6980
Macon,,"For President, Public Service Commission",,LIB,Bill Crew,217
Madison,,President of the United States,,DEM,Bill Clinton,38974
Madison,,President of the United States,,LIB,Andre Marrou,293
Madison,,President of the United States,,REP,George Bush,51444
Madison,,President of the United States,,IND,Lenora Fulani,57
Madison,,President of the United States,,IND,John Hagelin,10
Madison,,President of the United States,,IND,"Lyndon H. Larouche, Jr.",24
Madison,,President of the United States,,IND,H. Ross Perot,16989
Madison,,President of the United States,,IND,James Warren,43
Madison,,United States Senator,,DEM,Richard C. Shelby,66537
Madison,,United States Senator,,LIB,Jerome Shockley,3077
Madison,,United States Senator,,REP,Richard Sellers,35311
Madison,,U.S. House,5,DEM,Bud Cramer,67997
Madison,,U.S. House,5,LIB,C. Michael Seibert,3022
Madison,,U.S. House,5,REP,Terry Smith,34866
Madison,,Associate Justice of the Supreme Court Place No. 1,,DEM,R.P. Almon,59124
Madison,,Associate Justice of the Supreme Court Place No. 1,,REP,Mark Anderson,39348
Madison,,Associate Justice of the Supreme Court Place No. 2,,DEM,Janie Shores,62852
Madison,,Associate Justice of the Supreme Court Place No. 2,,REP,Rebecca Thomason,36479
Madison,,Associate Justice of the Supreme Court Place No. 3,,DEM,J. Gorman Houstohn,66902
Madison,,Associate Justice of the Supreme Court Place No. 3,,LIB,David L. Rawls,14726
Madison,,Court of Civil Appeals Place 1,,DEM,Sharon G. Yates,57769
Madison,,Court of Civil Appeals Place 1,,REP,Robert J. Russell,38232
Madison,,"For President, Public Service Commission",,DEM,Jim Sullivan,69925
Madison,,"For President, Public Service Commission",,LIB,Bill Crew,13452
Marengo,,President of the United States,,DEM,Bill Clinton,5632
Marengo,,President of the United States,,LIB,Andre Marrou,32
Marengo,,President of the United States,,REP,George Bush,4470
Marengo,,President of the United States,,IND,Lenora Fulani,48
Marengo,,President of the United States,,IND,John Hagelin,50
Marengo,,President of the United States,,IND,"Lyndon H. Larouche, Jr.",57
Marengo,,President of the United States,,IND,H. Ross Perot,919
Marengo,,President of the United States,,IND,James Warren,36
Marengo,,President of the United States,,NON,Write-ins,2
Marengo,,United States Senator,,DEM,Richard C. Shelby,8019
Marengo,,United States Senator,,LIB,Jerome Shockley,80
Marengo,,United States Senator,,REP,Richard Sellers,1747
Marengo,,United States Senator,,NON,Write-ins,4
Marengo,,U.S. House,7,DEM,Earl Hilliard,5701
Marengo,,U.S. House,7,LIB,Michael Todd Mayer,129
Marengo,,U.S. House,7,REP,Kervin Jones,1591
Marengo,,U.S. House,7,IND,James Chambliss,2218
Marengo,,U.S. House,7,IND,John Hawkins,100
Marengo,,U.S. House,7,IND,James M. Lewis,450
Marengo,,U.S. House,7,NON,Write-ins,2
Marengo,,Associate Justice of the Supreme Court Place No. 1,,DEM,R.P. Almon,6285
Marengo,,Associate Justice of the Supreme Court Place No. 1,,REP,Mark Anderson,2226
Marengo,,Associate Justice of the Supreme Court Place No. 1,,NON,Write-ins,1
Marengo,,Associate Justice of the Supreme Court Place No. 2,,DEM,Janie Shores,6888
Marengo,,Associate Justice of the Supreme Court Place No. 2,,REP,Rebecca Thomason,1812
Marengo,,Associate Justice of the Supreme Court Place No. 2,,NON,Write-ins,1
Marengo,,Associate Justice of the Supreme Court Place No. 3,,DEM,J. Gorman Houstohn,6735
Marengo,,Associate Justice of the Supreme Court Place No. 3,,LIB,David L. Rawls,460
Marengo,,Associate Justice of the Supreme Court Place No. 3,,NON,Write-ins,2
Marengo,,Court of Civil Appeals Place 1,,DEM,Sharon G. Yates,5915
Marengo,,Court of Civil Appeals Place 1,,REP,Robert J. Russell,2405
Marengo,,Court of Civil Appeals Place 1,,NON,Write-ins,2
Marengo,,"For President, Public Service Commission",,DEM,Jim Sullivan,7315
Marengo,,"For President, Public Service Commission",,LIB,Bill Crew,338
Marengo,,"For President, Public Service Commission",,NON,Write-ins,1
Marion,,President of the United States,,DEM,Bill Clinton,6167
Marion,,President of the United States,,LIB,Andre Marrou,17
Marion,,President of the United States,,REP,George Bush,5692
Marion,,President of the United States,,IND,John Hagelin,1
Marion,,President of the United States,,IND,"Lyndon H. Larouche, Jr.",3
Marion,,President of the United States,,IND,H. Ross Perot,1389
Marion,,President of the United States,,IND,James Warren,1
Marion,,United States Senator,,DEM,Richard C. Shelby,8946
Marion,,United States Senator,,LIB,Jerome Shockley,241
Marion,,United States Senator,,REP,Richard Sellers,3650
Marion,,U.S. House,4,DEM,Tom Bevill,9510
Marion,,U.S. House,4,LIB,Robert P. King,235
Marion,,U.S. House,4,REP,Martha Strickland,2981
Marion,,Associate Justice of the Supreme Court Place No. 1,,DEM,R.P. Almon,7205
Marion,,Associate Justice of the Supreme Court Place No. 1,,REP,Mark Anderson,4711
Marion,,Associate Justice of the Supreme Court Place No. 2,,DEM,Janie Shores,4347
Marion,,Associate Justice of the Supreme Court Place No. 2,,REP,Rebecca Thomason,4519
Marion,,Associate Justice of the Supreme Court Place No. 3,,DEM,J. Gorman Houstohn,8513
Marion,,Associate Justice of the Supreme Court Place No. 3,,LIB,David L. Rawls,1183
Marion,,Court of Civil Appeals Place 1,,DEM,Sharon G. Yates,7047
Marion,,Court of Civil Appeals Place 1,,REP,Robert J. Russell,4644
Marion,,"For President, Public Service Commission",,DEM,Jim Sullivan,9033
Marion,,"For President, Public Service Commission",,LIB,Bill Crew,917
Marshall,,President of the United States,,DEM,Bill Clinton,10421
Marshall,,President of the United States,,LIB,Andre Marrou,204
Marshall,,President of the United States,,REP,George Bush,12249
Marshall,,President of the United States,,IND,Lenora Fulani,29
Marshall,,President of the United States,,IND,John Hagelin,6
Marshall,,President of the United States,,IND,"Lyndon H. Larouche, Jr.",9
Marshall,,President of the United States,,IND,H. Ross Perot,3795
Marshall,,President of the United States,,IND,James Warren,4
Marshall,,President of the United States,,NON,Write-ins,30
Marshall,,United States Senator,,DEM,Richard C. Shelby,14665
Marshall,,United States Senator,,LIB,Jerome Shockley,635
Marshall,,United States Senator,,REP,Richard Sellers,7790
Marshall,,United States Senator,,NON,Write-ins,2
Marshall,,U.S. House,4,DEM,Tom Bevill,15527
Marshall,,U.S. House,4,LIB,Robert P. King,883
Marshall,,U.S. House,4,REP,Martha Strickland,7819
Marshall,,Associate Justice of the Supreme Court Place No. 1,,DEM,R.P. Almon,12563
Marshall,,Associate Justice of the Supreme Court Place No. 1,,REP,Mark Anderson,8162
Marshall,,Associate Justice of the Supreme Court Place No. 1,,NON,Write-ins,1
Marshall,,Associate Justice of the Supreme Court Place No. 2,,DEM,Janie Shores,13152
Marshall,,Associate Justice of the Supreme Court Place No. 2,,REP,Rebecca Thomason,7968
Marshall,,Associate Justice of the Supreme Court Place No. 2,,NON,Write-ins,3
Marshall,,Associate Justice of the Supreme Court Place No. 3,,DEM,J. Gorman Houstohn,12595
Marshall,,Associate Justice of the Supreme Court Place No. 3,,LIB,David L. Rawls,1690
Marshall,,Associate Justice of the Supreme Court Place No. 3,,NON,Write-ins,2
Marshall,,Court of Civil Appeals Place 1,,DEM,Sharon G. Yates,12299
Marshall,,Court of Civil Appeals Place 1,,REP,Robert J. Russell,8099
Marshall,,"For President, Public Service Commission",,DEM,Jim Sullivan,13437
Marshall,,"For President, Public Service Commission",,LIB,Bill Crew,1678
Marshall,,"For President, Public Service Commission",,NON,Write-ins,2
Mobile,,President of the United States,,DEM,Bill Clinton,54962
Mobile,,President of the United States,,LIB,Andre Marrou,568
Mobile,,President of the United States,,REP,George Bush,72935
Mobile,,President of the United States,,IND,Lenora Fulani,149
Mobile,,President of the United States,,IND,John Hagelin,29
Mobile,,President of the United States,,IND,"Lyndon H. Larouche, Jr.",26
Mobile,,President of the United States,,IND,H. Ross Perot,15105
Mobile,,President of the United States,,IND,James Warren,14
Mobile,,President of the United States,,NON,Write-ins,250
Mobile,,United States Senator,,DEM,Richard C. Shelby,80566
Mobile,,United States Senator,,LIB,Jerome Shockley,3094
Mobile,,United States Senator,,REP,Richard Sellers,50731
Mobile,,United States Senator,,NON,Write-ins,60
Mobile,,U.S. House,1,DEM,William A. Brewer,52356
Mobile,,U.S. House,1,LIB,John R. Garrett,4005
Mobile,,U.S. House,1,REP,H.L. Sonny Callahan,78674
Mobile,,U.S. House,1,NON,Write-ins,40
Mobile,,Associate Justice of the Supreme Court Place No. 1,,DEM,R.P. Almon,66253
Mobile,,Associate Justice of the Supreme Court Place No. 1,,REP,Mark Anderson,56799
Mobile,,Associate Justice of the Supreme Court Place No. 1,,NON,Write-ins,16
Mobile,,Associate Justice of the Supreme Court Place No. 2,,DEM,Janie Shores,72441
Mobile,,Associate Justice of the Supreme Court Place No. 2,,REP,Rebecca Thomason,52931
Mobile,,Associate Justice of the Supreme Court Place No. 2,,NON,Write-ins,13
Mobile,,Associate Justice of the Supreme Court Place No. 3,,DEM,J. Gorman Houstohn,75375
Mobile,,Associate Justice of the Supreme Court Place No. 3,,LIB,David L. Rawls,11018
Mobile,,Associate Justice of the Supreme Court Place No. 3,,NON,Write-ins,19
Mobile,,Court of Civil Appeals Place 1,,DEM,Sharon G. Yates,64965
Mobile,,Court of Civil Appeals Place 1,,REP,Robert J. Russell,55654
Mobile,,Court of Civil Appeals Place 1,,NON,Write-ins,8
Mobile,,"For President, Public Service Commission",,DEM,Jim Sullivan,80444
Mobile,,"For President, Public Service Commission",,LIB,Bill Crew,9836
Mobile,,"For President, Public Service Commission",,NON,Write-ins,18
Monroe,,President of the United States,,DEM,Bill Clinton,3872
Monroe,,President of the United States,,LIB,Andre Marrou,68
Monroe,,President of the United States,,REP,George Bush,4919
Monroe,,President of the United States,,IND,Lenora Fulani,91
Monroe,,President of the United States,,IND,John Hagelin,3
Monroe,,President of the United States,,IND,"Lyndon H. Larouche, Jr.",7
Monroe,,President of the United States,,IND,H. Ross Perot,759
Monroe,,President of the United States,,IND,James Warren,26
Monroe,,United States Senator,,DEM,Richard C. Shelby,5276
Monroe,,United States Senator,,LIB,Jerome Shockley,140
Monroe,,United States Senator,,REP,Richard Sellers,3084
Monroe,,U.S. House,1,DEM,William A. Brewer,3242
Monroe,,U.S. House,1,LIB,John R. Garrett,138
Monroe,,U.S. House,1,REP,H.L. Sonny Callahan,5123
Monroe,,Associate Justice of the Supreme Court Place No. 1,,DEM,R.P. Almon,3979
Monroe,,Associate Justice of the Supreme Court Place No. 1,,REP,Mark Anderson,3374
Monroe,,Associate Justice of the Supreme Court Place No. 2,,DEM,Janie Shores,4265
Monroe,,Associate Justice of the Supreme Court Place No. 2,,REP,Rebecca Thomason,3159
Monroe,,Associate Justice of the Supreme Court Place No. 3,,DEM,J. Gorman Houstohn,3892
Monroe,,Associate Justice of the Supreme Court Place No. 3,,LIB,David L. Rawls,378
Monroe,,Court of Civil Appeals Place 1,,DEM,Sharon G. Yates,3737
Monroe,,Court of Civil Appeals Place 1,,REP,Robert J. Russell,3427
Monroe,,"For President, Public Service Commission",,DEM,Jim Sullivan,4507
Monroe,,"For President, Public Service Commission",,LIB,Bill Crew,279
Montgomery,,President of the United States,,DEM,Bill Clinton,37342
Montgomery,,President of the United States,,LIB,Andre Marrou,321
Montgomery,,President of the United States,,REP,George Bush,40742
Montgomery,,President of the United States,,IND,Lenora Fulani,60
Montgomery,,President of the United States,,IND,John Hagelin,9
Montgomery,,President of the United States,,IND,"Lyndon H. Larouche, Jr.",23
Montgomery,,President of the United States,,IND,H. Ross Perot,7647
Montgomery,,President of the United States,,IND,James Warren,8
Montgomery,,President of the United States,,NON,Write-ins,36
Montgomery,,United States Senator,,DEM,Richard C. Shelby,55442
Montgomery,,United States Senator,,LIB,Jerome Shockley,1331
Montgomery,,United States Senator,,REP,Richard Sellers,22838
Montgomery,,United States Senator,,NON,Write-ins,113
Montgomery,,U.S. House,2,DEM,"George Wallace, Jr.",23415
Montgomery,,U.S. House,2,LIB,Glynn Reeves,856
Montgomery,,U.S. House,2,REP,Terry Everett,34993
Montgomery,,U.S. House,2,IND,Malcolm S. Brassell,561
Montgomery,,U.S. House,2,IND,Richard C. Boone,323
Montgomery,,U.S. House,2,NON,Write-ins,11
Montgomery,,U.S. House,7,DEM,Earl Hilliard,16979
Montgomery,,U.S. House,7,LIB,Michael Todd Mayer,422
Montgomery,,U.S. House,7,REP,Kervin Jones,2283
Montgomery,,U.S. House,7,IND,James Chambliss,587
Montgomery,,U.S. House,7,IND,John Hawkins,155
Montgomery,,U.S. House,7,IND,James M. Lewis,731
Montgomery,,U.S. House,7,NON,Write-ins,16
Montgomery,,Associate Justice of the Supreme Court Place No. 1,,DEM,R.P. Almon,46681
Montgomery,,Associate Justice of the Supreme Court Place No. 1,,REP,Mark Anderson,28691
Montgomery,,Associate Justice of the Supreme Court Place No. 1,,NON,Write-ins,11
Montgomery,,Associate Justice of the Supreme Court Place No. 2,,DEM,Janie Shores,51607
Montgomery,,Associate Justice of the Supreme Court Place No. 2,,REP,Rebecca Thomason,23256
Montgomery,,Associate Justice of the Supreme Court Place No. 2,,NON,Write-ins,8
Montgomery,,Associate Justice of the Supreme Court Place No. 3,,DEM,J. Gorman Houstohn,50534
Montgomery,,Associate Justice of the Supreme Court Place No. 3,,LIB,David L. Rawls,5737
Montgomery,,Associate Justice of the Supreme Court Place No. 3,,NON,Write-ins,9
Montgomery,,Court of Civil Appeals Place 1,,DEM,Sharon G. Yates,40960
Montgomery,,Court of Civil Appeals Place 1,,REP,Robert J. Russell,31689
Montgomery,,Court of Civil Appeals Place 1,,NON,Write-ins,7
Montgomery,,"For President, Public Service Commission",,DEM,Jim Sullivan,54603
Montgomery,,"For President, Public Service Commission",,LIB,Bill Crew,5797
Montgomery,,"For President, Public Service Commission",,NON,Write-ins,6
Morgan,,President of the United States,,DEM,Bill Clinton,15091
Morgan,,President of the United States,,LIB,Andre Marrou,88
Morgan,,President of the United States,,REP,George Bush,21073
Morgan,,President of the United States,,IND,Lenora Fulani,7
Morgan,,President of the United States,,IND,John Hagelin,11
Morgan,,President of the United States,,IND,"Lyndon H. Larouche, Jr.",17
Morgan,,President of the United States,,IND,H. Ross Perot,7683
Morgan,,President of the United States,,IND,James Warren,8
Morgan,,President of the United States,,NON,Write-ins,13
Morgan,,United States Senator,,DEM,Richard C. Shelby,26110
Morgan,,United States Senator,,LIB,Jerome Shockley,1100
Morgan,,United States Senator,,REP,Richard Sellers,15645
Morgan,,United States Senator,,NON,Write-ins,10
Morgan,,U.S. House,5,DEM,Bud Cramer,26619
Morgan,,U.S. House,5,LIB,C. Michael Seibert,1189
Morgan,,U.S. House,5,REP,Terry Smith,17050
Morgan,,U.S. House,5,NON,Write-ins,6
Morgan,,Associate Justice of the Supreme Court Place No. 1,,DEM,R.P. Almon,24589
Morgan,,Associate Justice of the Supreme Court Place No. 1,,REP,Mark Anderson,16105
Morgan,,Associate Justice of the Supreme Court Place No. 1,,NON,Write-ins,11
Morgan,,Associate Justice of the Supreme Court Place No. 2,,DEM,Janie Shores,24441
Morgan,,Associate Justice of the Supreme Court Place No. 2,,REP,Rebecca Thomason,15875
Morgan,,Associate Justice of the Supreme Court Place No. 2,,NON,Write-ins,8
Morgan,,Associate Justice of the Supreme Court Place No. 3,,DEM,J. Gorman Houstohn,27062
Morgan,,Associate Justice of the Supreme Court Place No. 3,,LIB,David L. Rawls,5788
Morgan,,Associate Justice of the Supreme Court Place No. 3,,NON,Write-ins,33
Morgan,,Court of Civil Appeals Place 1,,DEM,Sharon G. Yates,22811
Morgan,,Court of Civil Appeals Place 1,,REP,Robert J. Russell,16650
Morgan,,Court of Civil Appeals Place 1,,NON,Write-ins,2
Morgan,,"For President, Public Service Commission",,DEM,Jim Sullivan,28149
Morgan,,"For President, Public Service Commission",,LIB,Bill Crew,5323
Morgan,,"For President, Public Service Commission",,NON,Write-ins,32
Perry,,President of the United States,,DEM,Bill Clinton,3712
Perry,,President of the United States,,LIB,Andre Marrou,36
Perry,,President of the United States,,REP,George Bush,1829
Perry,,President of the United States,,IND,Lenora Fulani,2
Perry,,President of the United States,,IND,John Hagelin,2
Perry,,President of the United States,,IND,"Lyndon H. Larouche, Jr.",14
Perry,,President of the United States,,IND,H. Ross Perot,213
Perry,,President of the United States,,IND,James Warren,5
Perry,,United States Senator,,DEM,Richard C. Shelby,4215
Perry,,United States Senator,,LIB,Jerome Shockley,63
Perry,,United States Senator,,REP,Richard Sellers,992
Perry,,U.S. House,7,DEM,Earl Hilliard,3694
Perry,,U.S. House,7,LIB,Michael Todd Mayer,70
Perry,,U.S. House,7,REP,Kervin Jones,923
Perry,,U.S. House,7,IND,James Chambliss,148
Perry,,U.S. House,7,IND,John Hawkins,33
Perry,,U.S. House,7,IND,James M. Lewis,320
Perry,,U.S. House,7,NON,Write-ins,7
Perry,,Associate Justice of the Supreme Court Place No. 1,,DEM,R.P. Almon,2992
Perry,,Associate Justice of the Supreme Court Place No. 1,,REP,Mark Anderson,1116
Perry,,Associate Justice of the Supreme Court Place No. 2,,DEM,Janie Shores,3920
Perry,,Associate Justice of the Supreme Court Place No. 2,,REP,Rebecca Thomason,918
Perry,,Associate Justice of the Supreme Court Place No. 3,,DEM,J. Gorman Houstohn,3929
Perry,,Associate Justice of the Supreme Court Place No. 3,,LIB,David L. Rawls,175
Perry,,Court of Civil Appeals Place 1,,DEM,Sharon G. Yates,3544
Perry,,Court of Civil Appeals Place 1,,REP,Robert J. Russell,1175
Perry,,"For President, Public Service Commission",,DEM,Jim Sullivan,4292
Perry,,"For President, Public Service Commission",,LIB,Bill Crew,192
Pickens,,President of the United States,,DEM,Bill Clinton,3783
Pickens,,President of the United States,,LIB,Andre Marrou,17
Pickens,,President of the United States,,REP,George Bush,3634
Pickens,,President of the United States,,IND,Lenora Fulani,5
Pickens,,President of the United States,,IND,John Hagelin,3
Pickens,,President of the United States,,IND,"Lyndon H. Larouche, Jr.",9
Pickens,,President of the United States,,IND,H. Ross Perot,690
Pickens,,President of the United States,,IND,James Warren,1
Pickens,,President of the United States,,NON,Write-ins,4
Pickens,,United States Senator,,DEM,Richard C. Shelby,5616
Pickens,,United States Senator,,LIB,Jerome Shockley,107
Pickens,,United States Senator,,REP,Richard Sellers,1980
Pickens,,United States Senator,,NON,Write-ins,119
Pickens,,U.S. House,4,DEM,Tom Bevill,5130
Pickens,,U.S. House,4,LIB,Robert P. King,119
Pickens,,U.S. House,4,REP,Martha Strickland,1552
Pickens,,U.S. House,4,NON,Write-ins,5
Pickens,,U.S. House,7,DEM,Earl Hilliard,755
Pickens,,U.S. House,7,LIB,Michael Todd Mayer,16
Pickens,,U.S. House,7,REP,Kervin Jones,202
Pickens,,U.S. House,7,IND,James Chambliss,14
Pickens,,U.S. House,7,IND,John Hawkins,5
Pickens,,U.S. House,7,IND,James M. Lewis,38
Pickens,,Associate Justice of the Supreme Court Place No. 1,,DEM,R.P. Almon,4498
Pickens,,Associate Justice of the Supreme Court Place No. 1,,REP,Mark Anderson,2785
Pickens,,Associate Justice of the Supreme Court Place No. 1,,NON,Write-ins,3
Pickens,,Associate Justice of the Supreme Court Place No. 2,,DEM,Janie Shores,4865
Pickens,,Associate Justice of the Supreme Court Place No. 2,,REP,Rebecca Thomason,2430
Pickens,,Associate Justice of the Supreme Court Place No. 2,,NON,Write-ins,5
Pickens,,Associate Justice of the Supreme Court Place No. 3,,DEM,J. Gorman Houstohn,5439
Pickens,,Associate Justice of the Supreme Court Place No. 3,,LIB,David L. Rawls,615
Pickens,,Associate Justice of the Supreme Court Place No. 3,,NON,Write-ins,10
Pickens,,Court of Civil Appeals Place 1,,DEM,Sharon G. Yates,4494
Pickens,,Court of Civil Appeals Place 1,,REP,Robert J. Russell,2683
Pickens,,Court of Civil Appeals Place 1,,NON,Write-ins,4
Pickens,,"For President, Public Service Commission",,DEM,Jim Sullivan,5776
Pickens,,"For President, Public Service Commission",,LIB,Bill Crew,501
Pickens,,"For President, Public Service Commission",,NON,Write-ins,15
Pike,,President of the United States,,DEM,Bill Clinton,4688
Pike,,President of the United States,,LIB,Andre Marrou,42
Pike,,President of the United States,,REP,George Bush,5423
Pike,,President of the United States,,IND,Lenora Fulani,4
Pike,,President of the United States,,IND,John Hagelin,5
Pike,,President of the United States,,IND,"Lyndon H. Larouche, Jr.",1
Pike,,President of the United States,,IND,H. Ross Perot,1024
Pike,,President of the United States,,IND,James Warren,6
Pike,,United States Senator,,DEM,Richard C. Shelby,7278
Pike,,United States Senator,,LIB,Jerome Shockley,105
Pike,,United States Senator,,REP,Richard Sellers,2073
Pike,,U.S. House,2,DEM,"George Wallace, Jr.",6645
Pike,,U.S. House,2,LIB,Glynn Reeves,134
Pike,,U.S. House,2,REP,Terry Everett,4235
Pike,,U.S. House,2,IND,Malcolm S. Brassell,43
Pike,,U.S. House,2,IND,Richard C. Boone,36
Pike,,Associate Justice of the Supreme Court Place No. 1,,DEM,R.P. Almon,5423
Pike,,Associate Justice of the Supreme Court Place No. 1,,REP,Mark Anderson,3060
Pike,,Associate Justice of the Supreme Court Place No. 2,,DEM,Janie Shores,6328
Pike,,Associate Justice of the Supreme Court Place No. 2,,REP,Rebecca Thomason,2371
Pike,,Associate Justice of the Supreme Court Place No. 3,,DEM,J. Gorman Houstohn,5969
Pike,,Associate Justice of the Supreme Court Place No. 3,,LIB,David L. Rawls,698
Pike,,Court of Civil Appeals Place 1,,DEM,Sharon G. Yates,5033
Pike,,Court of Civil Appeals Place 1,,REP,Robert J. Russell,3187
Pike,,"For President, Public Service Commission",,DEM,Jim Sullivan,6880
Pike,,"For President, Public Service Commission",,LIB,Bill Crew,514
Randolph,,President of the United States,,DEM,Bill Clinton,3318
Randolph,,President of the United States,,LIB,Andre Marrou,79
Randolph,,President of the United States,,REP,George Bush,3813
Randolph,,President of the United States,,IND,Lenora Fulani,4
Randolph,,President of the United States,,IND,John Hagelin,7
Randolph,,President of the United States,,IND,"Lyndon H. Larouche, Jr.",1
Randolph,,President of the United States,,IND,H. Ross Perot,919
Randolph,,President of the United States,,IND,James Warren,11
Randolph,,President of the United States,,NON,Write-ins,1
Randolph,,United States Senator,,DEM,Richard C. Shelby,4079
Randolph,,United States Senator,,LIB,Jerome Shockley,187
Randolph,,United States Senator,,REP,Richard Sellers,2219
Randolph,,U.S. House,3,DEM,Glen Browder,3989
Randolph,,U.S. House,3,LIB,Rodric. D. Templeton,156
Randolph,,U.S. House,3,REP,Don Sledge,2372
Randolph,,Associate Justice of the Supreme Court Place No. 1,,DEM,R.P. Almon,3155
Randolph,,Associate Justice of the Supreme Court Place No. 1,,REP,Mark Anderson,2340
Randolph,,Associate Justice of the Supreme Court Place No. 2,,DEM,Janie Shores,3294
Randolph,,Associate Justice of the Supreme Court Place No. 2,,REP,Rebecca Thomason,2241
Randolph,,Associate Justice of the Supreme Court Place No. 3,,DEM,J. Gorman Houstohn,3419
Randolph,,Associate Justice of the Supreme Court Place No. 3,,LIB,David L. Rawls,438
Randolph,,Court of Civil Appeals Place 1,,DEM,Sharon G. Yates,3324
Randolph,,Court of Civil Appeals Place 1,,REP,Robert J. Russell,2215
Randolph,,Court of Civil Appeals Place 1,,NON,Write-ins,1
Randolph,,"For President, Public Service Commission",,DEM,Jim Sullivan,3642
Randolph,,"For President, Public Service Commission",,LIB,Bill Crew,486
Russell,,President of the United States,,DEM,Bill Clinton,8647
Russell,,President of the United States,,LIB,Andre Marrou,75
Russell,,President of the United States,,REP,George Bush,5587
Russell,,President of the United States,,IND,Lenora Fulani,10
Russell,,President of the United States,,IND,John Hagelin,6
Russell,,President of the United States,,IND,"Lyndon H. Larouche, Jr.",1
Russell,,President of the United States,,IND,H. Ross Perot,1360
Russell,,President of the United States,,IND,James Warren,3
Russell,,President of the United States,,NON,Write-ins,1
Russell,,United States Senator,,DEM,Richard C. Shelby,9066
Russell,,United States Senator,,LIB,Jerome Shockley,283
Russell,,United States Senator,,REP,Richard Sellers,3831
Russell,,U.S. House,3,DEM,Glen Browder,8887
Russell,,U.S. House,3,LIB,Rodric. D. Templeton,265
Russell,,U.S. House,3,REP,Don Sledge,3727
Russell,,Associate Justice of the Supreme Court Place No. 1,,DEM,R.P. Almon,7841
Russell,,Associate Justice of the Supreme Court Place No. 1,,REP,Mark Anderson,4089
Russell,,Associate Justice of the Supreme Court Place No. 2,,DEM,Janie Shores,8127
Russell,,Associate Justice of the Supreme Court Place No. 2,,REP,Rebecca Thomason,3970
Russell,,Associate Justice of the Supreme Court Place No. 3,,DEM,J. Gorman Houstohn,8519
Russell,,Associate Justice of the Supreme Court Place No. 3,,LIB,David L. Rawls,763
Russell,,Court of Civil Appeals Place 1,,DEM,Sharon G. Yates,8055
Russell,,Court of Civil Appeals Place 1,,REP,Robert J. Russell,3949
Russell,,"For President, Public Service Commission",,DEM,Jim Sullivan,8739
Russell,,"For President, Public Service Commission",,LIB,Bill Crew,867
Russell,,"For President, Public Service Commission",,NON,Write-ins,2
St. Clair,,President of the United States,,DEM,Bill Clinton,6517
St. Clair,,President of the United States,,LIB,Andre Marrou,30
St. Clair,,President of the United States,,REP,George Bush,12447
St. Clair,,President of the United States,,IND,Lenora Fulani,2
St. Clair,,President of the United States,,IND,John Hagelin,7
St. Clair,,President of the United States,,IND,"Lyndon H. Larouche, Jr.",5
St. Clair,,President of the United States,,IND,H. Ross Perot,2614
St. Clair,,President of the United States,,IND,James Warren,2
St. Clair,,United States Senator,,DEM,Richard C. Shelby,11528
St. Clair,,United States Senator,,LIB,Jerome Shockley,409
St. Clair,,United States Senator,,REP,Richard Sellers,9318
St. Clair,,U.S. House,3,DEM,Glen Browder,9372
St. Clair,,U.S. House,3,LIB,Rodric. D. Templeton,519
St. Clair,,U.S. House,3,REP,Don Sledge,10840
St. Clair,,Associate Justice of the Supreme Court Place No. 1,,DEM,R.P. Almon,8918
St. Clair,,Associate Justice of the Supreme Court Place No. 1,,REP,Mark Anderson,11316
St. Clair,,Associate Justice of the Supreme Court Place No. 2,,DEM,Janie Shores,9484
St. Clair,,Associate Justice of the Supreme Court Place No. 2,,REP,Rebecca Thomason,10716
St. Clair,,Associate Justice of the Supreme Court Place No. 3,,DEM,J. Gorman Houstohn,12175
St. Clair,,Associate Justice of the Supreme Court Place No. 3,,LIB,David L. Rawls,2814
St. Clair,,Court of Civil Appeals Place 1,,DEM,Sharon G. Yates,8588
St. Clair,,Court of Civil Appeals Place 1,,REP,Robert J. Russell,11549
St. Clair,,"For President, Public Service Commission",,DEM,Jim Sullivan,12887
St. Clair,,"For President, Public Service Commission",,LIB,Bill Crew,2484
Shelby,,President of the United States,,DEM,Bill Clinton,10317
Shelby,,President of the United States,,LIB,Andre Marrou,76
Shelby,,President of the United States,,REP,George Bush,32736
Shelby,,President of the United States,,IND,Lenora Fulani,2
Shelby,,President of the United States,,IND,John Hagelin,6
Shelby,,President of the United States,,IND,"Lyndon H. Larouche, Jr.",3
Shelby,,President of the United States,,IND,H. Ross Perot,5022
Shelby,,President of the United States,,IND,James Warren,3
Shelby,,United States Senator,,DEM,Richard C. Shelby,22118
Shelby,,United States Senator,,LIB,Jerome Shockley,755
Shelby,,United States Senator,,REP,Richard Sellers,24470
Shelby,,U.S. House,6,DEM,Ben Erdreich,17259
Shelby,,U.S. House,6,LIB,Mark Bodenhausen,499
Shelby,,U.S. House,6,REP,Spencer Bachus,28733
Shelby,,U.S. House,6,IND,Carla Cloum,941
Shelby,,Associate Justice of the Supreme Court Place No. 1,,DEM,R.P. Almon,14411
Shelby,,Associate Justice of the Supreme Court Place No. 1,,REP,Mark Anderson,30293
Shelby,,Associate Justice of the Supreme Court Place No. 2,,DEM,Janie Shores,16854
Shelby,,Associate Justice of the Supreme Court Place No. 2,,REP,Rebecca Thomason,27882
Shelby,,Associate Justice of the Supreme Court Place No. 3,,DEM,J. Gorman Houstohn,23752
Shelby,,Associate Justice of the Supreme Court Place No. 3,,LIB,David L. Rawls,6713
Shelby,,Court of Civil Appeals Place 1,,DEM,Sharon G. Yates,14666
Shelby,,Court of Civil Appeals Place 1,,REP,Robert J. Russell,29236
Shelby,,"For President, Public Service Commission",,DEM,Jim Sullivan,25215
Shelby,,"For President, Public Service Commission",,LIB,Bill Crew,6300
Sumter,,President of the United States,,DEM,Bill Clinton,4810
Sumter,,President of the United States,,LIB,Andre Marrou,10
Sumter,,President of the United States,,REP,George Bush,1807
Sumter,,President of the United States,,IND,Lenora Fulani,2
Sumter,,President of the United States,,IND,John Hagelin,5
Sumter,,President of the United States,,IND,"Lyndon H. Larouche, Jr.",2
Sumter,,President of the United States,,IND,H. Ross Perot,388
Sumter,,President of the United States,,IND,James Warren,1
Sumter,,United States Senator,,DEM,Richard C. Shelby,5980
Sumter,,United States Senator,,LIB,Jerome Shockley,47
Sumter,,United States Senator,,REP,Richard Sellers,785
Sumter,,U.S. House,7,DEM,Earl Hilliard,4805
Sumter,,U.S. House,7,LIB,Michael Todd Mayer,46
Sumter,,U.S. House,7,REP,Kervin Jones,927
Sumter,,U.S. House,7,IND,James Chambliss,763
Sumter,,U.S. House,7,IND,John Hawkins,43
Sumter,,U.S. House,7,IND,James M. Lewis,102
Sumter,,Associate Justice of the Supreme Court Place No. 1,,DEM,R.P. Almon,4917
Sumter,,Associate Justice of the Supreme Court Place No. 1,,REP,Mark Anderson,1642
Sumter,,Associate Justice of the Supreme Court Place No. 2,,DEM,Janie Shores,5507
Sumter,,Associate Justice of the Supreme Court Place No. 2,,REP,Rebecca Thomason,1006
Sumter,,Associate Justice of the Supreme Court Place No. 3,,DEM,J. Gorman Houstohn,5811
Sumter,,Associate Justice of the Supreme Court Place No. 3,,LIB,David L. Rawls,384
Sumter,,Court of Civil Appeals Place 1,,DEM,Sharon G. Yates,5037
Sumter,,Court of Civil Appeals Place 1,,REP,Robert J. Russell,1401
Sumter,,"For President, Public Service Commission",,DEM,Jim Sullivan,6071
Sumter,,"For President, Public Service Commission",,LIB,Bill Crew,266
Talladega,,President of the United States,,DEM,Bill Clinton,10695
Talladega,,President of the United States,,LIB,Andre Marrou,125
Talladega,,President of the United States,,REP,George Bush,12661
Talladega,,President of the United States,,IND,Lenora Fulani,112
Talladega,,President of the United States,,IND,John Hagelin,10
Talladega,,President of the United States,,IND,"Lyndon H. Larouche, Jr.",17
Talladega,,President of the United States,,IND,H. Ross Perot,2629
Talladega,,President of the United States,,IND,James Warren,15
Talladega,,United States Senator,,DEM,Richard C. Shelby,13594
Talladega,,United States Senator,,LIB,Jerome Shockley,466
Talladega,,United States Senator,,REP,Richard Sellers,8319
Talladega,,U.S. House,3,DEM,Glen Browder,13449
Talladega,,U.S. House,3,LIB,Rodric. D. Templeton,536
Talladega,,U.S. House,3,REP,Don Sledge,8102
Talladega,,Associate Justice of the Supreme Court Place No. 1,,DEM,R.P. Almon,11006
Talladega,,Associate Justice of the Supreme Court Place No. 1,,REP,Mark Anderson,8821
Talladega,,Associate Justice of the Supreme Court Place No. 2,,DEM,Janie Shores,11760
Talladega,,Associate Justice of the Supreme Court Place No. 2,,REP,Rebecca Thomason,8295
Talladega,,Associate Justice of the Supreme Court Place No. 3,,DEM,J. Gorman Houstohn,11850
Talladega,,Associate Justice of the Supreme Court Place No. 3,,LIB,David L. Rawls,1321
Talladega,,Court of Civil Appeals Place 1,,DEM,Sharon G. Yates,10872
Talladega,,Court of Civil Appeals Place 1,,REP,Robert J. Russell,8312
Talladega,,"For President, Public Service Commission",,DEM,Jim Sullivan,12644
Talladega,,"For President, Public Service Commission",,LIB,Bill Crew,1481
Tallapoosa,,President of the United States,,DEM,Bill Clinton,5703
Tallapoosa,,President of the United States,,LIB,Andre Marrou,38
Tallapoosa,,President of the United States,,REP,George Bush,8140
Tallapoosa,,President of the United States,,IND,Lenora Fulani,4
Tallapoosa,,President of the United States,,IND,John Hagelin,3
Tallapoosa,,President of the United States,,IND,"Lyndon H. Larouche, Jr.",4
Tallapoosa,,President of the United States,,IND,H. Ross Perot,1562
Tallapoosa,,President of the United States,,IND,James Warren,2
Tallapoosa,,President of the United States,,NON,Write-ins,52
Tallapoosa,,United States Senator,,DEM,Richard C. Shelby,10042
Tallapoosa,,United States Senator,,LIB,Jerome Shockley,226
Tallapoosa,,United States Senator,,REP,Richard Sellers,4839
Tallapoosa,,United States Senator,,NON,Write-ins,35
Tallapoosa,,U.S. House,3,DEM,Glen Browder,9432
Tallapoosa,,U.S. House,3,LIB,Rodric. D. Templeton,227
Tallapoosa,,U.S. House,3,REP,Don Sledge,5153
Tallapoosa,,U.S. House,3,NON,Write-ins,36
Tallapoosa,,Associate Justice of the Supreme Court Place No. 1,,DEM,R.P. Almon,7868
Tallapoosa,,Associate Justice of the Supreme Court Place No. 1,,REP,Mark Anderson,5952
Tallapoosa,,Associate Justice of the Supreme Court Place No. 1,,NON,Write-ins,66
Tallapoosa,,Associate Justice of the Supreme Court Place No. 2,,DEM,Janie Shores,8571
Tallapoosa,,Associate Justice of the Supreme Court Place No. 2,,REP,Rebecca Thomason,5239
Tallapoosa,,Associate Justice of the Supreme Court Place No. 2,,NON,Write-ins,31
Tallapoosa,,Associate Justice of the Supreme Court Place No. 3,,DEM,J. Gorman Houstohn,9132
Tallapoosa,,Associate Justice of the Supreme Court Place No. 3,,LIB,David L. Rawls,1300
Tallapoosa,,Associate Justice of the Supreme Court Place No. 3,,NON,Write-ins,15
Tallapoosa,,Court of Civil Appeals Place 1,,DEM,Sharon G. Yates,8131
Tallapoosa,,Court of Civil Appeals Place 1,,REP,Robert J. Russell,5590
Tallapoosa,,Court of Civil Appeals Place 1,,NON,Write-ins,19
Tallapoosa,,"For President, Public Service Commission",,DEM,Jim Sullivan,9681
Tallapoosa,,"For President, Public Service Commission",,LIB,Bill Crew,1413
Tallapoosa,,"For President, Public Service Commission",,NON,Write-ins,27
Tuscaloosa,,President of the United States,,DEM,Bill Clinton,23495
Tuscaloosa,,President of the United States,,LIB,Andre Marrou,71
Tuscaloosa,,President of the United States,,REP,George Bush,27454
Tuscaloosa,,President of the United States,,IND,Lenora Fulani,20
Tuscaloosa,,President of the United States,,IND,John Hagelin,12
Tuscaloosa,,President of the United States,,IND,"Lyndon H. Larouche, Jr.",7
Tuscaloosa,,President of the United States,,IND,H. Ross Perot,7011
Tuscaloosa,,President of the United States,,IND,James Warren,3
Tuscaloosa,,President of the United States,,NON,Write-ins,41
Tuscaloosa,,United States Senator,,DEM,Richard C. Shelby,40937
Tuscaloosa,,United States Senator,,LIB,Jerome Shockley,1020
Tuscaloosa,,United States Senator,,REP,Richard Sellers,15136
Tuscaloosa,,United States Senator,,NON,Write-ins,77
Tuscaloosa,,U.S. House,6,DEM,Ben Erdreich,19269
Tuscaloosa,,U.S. House,6,LIB,Mark Bodenhausen,360
Tuscaloosa,,U.S. House,6,REP,Spencer Bachus,11539
Tuscaloosa,,U.S. House,6,IND,Carla Cloum,620
Tuscaloosa,,U.S. House,6,NON,Write-ins,28
Tuscaloosa,,U.S. House,7,DEM,Earl Hilliard,12935
Tuscaloosa,,U.S. House,7,LIB,Michael Todd Mayer,296
Tuscaloosa,,U.S. House,7,REP,Kervin Jones,9174
Tuscaloosa,,U.S. House,7,IND,James Chambliss,687
Tuscaloosa,,U.S. House,7,IND,John Hawkins,125
Tuscaloosa,,U.S. House,7,IND,James M. Lewis,1006
Tuscaloosa,,U.S. House,7,NON,Write-ins,34
Tuscaloosa,,Associate Justice of the Supreme Court Place No. 1,,DEM,R.P. Almon,32680
Tuscaloosa,,Associate Justice of the Supreme Court Place No. 1,,REP,Mark Anderson,20794
Tuscaloosa,,Associate Justice of the Supreme Court Place No. 1,,NON,Write-ins,52
Tuscaloosa,,Associate Justice of the Supreme Court Place No. 2,,DEM,Janie Shores,32072
Tuscaloosa,,Associate Justice of the Supreme Court Place No. 2,,REP,Rebecca Thomason,18340
Tuscaloosa,,Associate Justice of the Supreme Court Place No. 2,,NON,Write-ins,49
Tuscaloosa,,Associate Justice of the Supreme Court Place No. 3,,DEM,J. Gorman Houstohn,38804
Tuscaloosa,,Associate Justice of the Supreme Court Place No. 3,,LIB,David L. Rawls,5075
Tuscaloosa,,Associate Justice of the Supreme Court Place No. 3,,NON,Write-ins,158
Tuscaloosa,,Court of Civil Appeals Place 1,,DEM,Sharon G. Yates,31222
Tuscaloosa,,Court of Civil Appeals Place 1,,REP,Robert J. Russell,21126
Tuscaloosa,,Court of Civil Appeals Place 1,,NON,Write-ins,40
Tuscaloosa,,"For President, Public Service Commission",,DEM,Jim Sullivan,40627
Tuscaloosa,,"For President, Public Service Commission",,LIB,Bill Crew,4564
Tuscaloosa,,"For President, Public Service Commission",,NON,Write-ins,129
Walker,,President of the United States,,DEM,Bill Clinton,14831
Walker,,President of the United States,,LIB,Andre Marrou,38
Walker,,President of the United States,,REP,George Bush,11301
Walker,,President of the United States,,IND,Lenora Fulani,6
Walker,,President of the United States,,IND,John Hagelin,3
Walker,,President of the United States,,IND,"Lyndon H. Larouche, Jr.",7
Walker,,President of the United States,,IND,H. Ross Perot,3344
Walker,,President of the United States,,IND,James Warren,4
Walker,,United States Senator,,DEM,Richard C. Shelby,21262
Walker,,United States Senator,,LIB,Jerome Shockley,490
Walker,,United States Senator,,REP,Richard Sellers,7037
Walker,,U.S. House,4,DEM,Tom Bevill,21865
Walker,,U.S. House,4,LIB,Robert P. King,597
Walker,,U.S. House,4,REP,Martha Strickland,6699
Walker,,Associate Justice of the Supreme Court Place No. 1,,DEM,R.P. Almon,18072
Walker,,Associate Justice of the Supreme Court Place No. 1,,REP,Mark Anderson,9161
Walker,,Associate Justice of the Supreme Court Place No. 2,,DEM,Janie Shores,18795
Walker,,Associate Justice of the Supreme Court Place No. 2,,REP,Rebecca Thomason,8415
Walker,,Associate Justice of the Supreme Court Place No. 3,,DEM,J. Gorman Houstohn,20964
Walker,,Associate Justice of the Supreme Court Place No. 3,,LIB,David L. Rawls,2503
Walker,,Court of Civil Appeals Place 1,,DEM,Sharon G. Yates,18012
Walker,,Court of Civil Appeals Place 1,,REP,Robert J. Russell,8865
Walker,,"For President, Public Service Commission",,DEM,Jim Sullivan,21765
Walker,,"For President, Public Service Commission",,LIB,Bill Crew,2419
Washington,,President of the United States,,DEM,Bill Clinton,4046
Washington,,President of the United States,,LIB,Andre Marrou,9
Washington,,President of the United States,,REP,George Bush,3270
Washington,,President of the United States,,IND,John Hagelin,3
Washington,,President of the United States,,IND,"Lyndon H. Larouche, Jr.",3
Washington,,President of the United States,,IND,H. Ross Perot,829
Washington,,President of the United States,,IND,James Warren,2
Washington,,United States Senator,,DEM,Richard C. Shelby,6209
Washington,,United States Senator,,LIB,Jerome Shockley,129
Washington,,United States Senator,,REP,Richard Sellers,1541
Washington,,U.S. House,1,DEM,William A. Brewer,3433
Washington,,U.S. House,1,LIB,John R. Garrett,163
Washington,,U.S. House,1,REP,H.L. Sonny Callahan,4303
Washington,,Associate Justice of the Supreme Court Place No. 1,,DEM,R.P. Almon,4692
Washington,,Associate Justice of the Supreme Court Place No. 1,,REP,Mark Anderson,2432
Washington,,Associate Justice of the Supreme Court Place No. 2,,DEM,Janie Shores,5173
Washington,,Associate Justice of the Supreme Court Place No. 2,,REP,Rebecca Thomason,1967
Washington,,Associate Justice of the Supreme Court Place No. 3,,DEM,J. Gorman Houstohn,5714
Washington,,Associate Justice of the Supreme Court Place No. 3,,LIB,David L. Rawls,718
Washington,,Court of Civil Appeals Place 1,,DEM,Sharon G. Yates,4798
Washington,,Court of Civil Appeals Place 1,,REP,Robert J. Russell,2186
Washington,,"For President, Public Service Commission",,DEM,Jim Sullivan,6259
Washington,,"For President, Public Service Commission",,LIB,Bill Crew,473
Wilcox,,President of the United States,,DEM,Bill Clinton,3439
Wilcox,,President of the United States,,LIB,Andre Marrou,6
Wilcox,,President of the United States,,REP,George Bush,1671
Wilcox,,President of the United States,,IND,Lenora Fulani,3
Wilcox,,President of the United States,,IND,John Hagelin,4
Wilcox,,President of the United States,,IND,"Lyndon H. Larouche, Jr.",5
Wilcox,,President of the United States,,IND,H. Ross Perot,174
Wilcox,,President of the United States,,IND,James Warren,2
Wilcox,,President of the United States,,NON,Write-ins,1
Wilcox,,United States Senator,,DEM,Richard C. Shelby,4269
Wilcox,,United States Senator,,LIB,Jerome Shockley,22
Wilcox,,United States Senator,,REP,Richard Sellers,844
Wilcox,,United States Senator,,NON,Write-ins,1
Wilcox,,U.S. House,7,DEM,Earl Hilliard,3300
Wilcox,,U.S. House,7,LIB,Michael Todd Mayer,28
Wilcox,,U.S. House,7,REP,Kervin Jones,697
Wilcox,,U.S. House,7,IND,James Chambliss,824
Wilcox,,U.S. House,7,IND,John Hawkins,14
Wilcox,,U.S. House,7,IND,James M. Lewis,36
Wilcox,,Associate Justice of the Supreme Court Place No. 1,,DEM,R.P. Almon,3511
Wilcox,,Associate Justice of the Supreme Court Place No. 1,,REP,Mark Anderson,1128
Wilcox,,Associate Justice of the Supreme Court Place No. 2,,DEM,Janie Shores,3910
Wilcox,,Associate Justice of the Supreme Court Place No. 2,,REP,Rebecca Thomason,862
Wilcox,,Associate Justice of the Supreme Court Place No. 3,,DEM,J. Gorman Houstohn,3778
Wilcox,,Associate Justice of the Supreme Court Place No. 3,,LIB,David L. Rawls,157
Wilcox,,Court of Civil Appeals Place 1,,DEM,Sharon G. Yates,3484
Wilcox,,Court of Civil Appeals Place 1,,REP,Robert J. Russell,1168
Wilcox,,"For President, Public Service Commission",,DEM,Jim Sullivan,4102
Wilcox,,"For President, Public Service Commission",,LIB,Bill Crew,95
Winston,,President of the United States,,DEM,Bill Clinton,3415
Winston,,President of the United States,,LIB,Andre Marrou,10
Winston,,President of the United States,,REP,George Bush,5550
Winston,,President of the United States,,IND,Lenora Fulani,1
Winston,,President of the United States,,IND,John Hagelin,1
Winston,,President of the United States,,IND,H. Ross Perot,1110
Winston,,President of the United States,,IND,James Warren,2
Winston,,United States Senator,,DEM,Richard C. Shelby,5497
Winston,,United States Senator,,LIB,Jerome Shockley,189
Winston,,United States Senator,,REP,Richard Sellers,4085
Winston,,U.S. House,4,DEM,Tom Bevill,5699
Winston,,U.S. House,4,LIB,Robert P. King,182
Winston,,U.S. House,4,REP,Martha Strickland,3941
Winston,,Associate Justice of the Supreme Court Place No. 1,,DEM,R.P. Almon,3954
Winston,,Associate Justice of the Supreme Court Place No. 1,,REP,Mark Anderson,4971
Winston,,Associate Justice of the Supreme Court Place No. 2,,DEM,Janie Shores,4058
Winston,,Associate Justice of the Supreme Court Place No. 2,,REP,Rebecca Thomason,4925
Winston,,Associate Justice of the Supreme Court Place No. 3,,DEM,J. Gorman Houstohn,4983
Winston,,Associate Justice of the Supreme Court Place No. 3,,LIB,David L. Rawls,1071
Winston,,Court of Civil Appeals Place 1,,DEM,Sharon G. Yates,3915
Winston,,Court of Civil Appeals Place 1,,REP,Robert J. Russell,4917
Winston,,"For President, Public Service Commission",,DEM,Jim Sullivan,5285
Winston,,"For President, Public Service Commission",,LIB,Bill Crew,898
Certified,,President of the United States,,DEM,Bill Clinton,690080
Certified,,President of the United States,,LIB,Andre Marrou,5737
Certified,,President of the United States,,REP,George Bush,804283
Certified,,President of the United States,,IND,Lenora Fulani,2161
Certified,,President of the United States,,IND,John Hagelin,495
Certified,,President of the United States,,IND,"Lyndon H. Larouche, Jr.",641
Certified,,President of the United States,,IND,H. Ross Perot,183109
Certified,,President of the United States,,IND,James Warren,831
Certified,,President of the United States,,NON,Write-ins,723
Certified,,United States Senator,,DEM,Richard C. Shelby,1022698
Certified,,United States Senator,,LIB,Jerome Shockley,31811
Certified,,United States Senator,,REP,Richard Sellers,522015
Certified,,United States Senator,,NON,Write-ins,1275
Certified,,U.S. House,1,DEM,William A. Brewer,78742
Certified,,U.S. House,1,LIB,John R. Garrett,6548
Certified,,U.S. House,1,REP,H.L. Sonny Callahan,128874
Certified,,U.S. House,1,NON,Write-ins,40
Certified,,U.S. House,2,DEM,"George Wallace, Jr.",109335
Certified,,U.S. House,2,LIB,Glynn Reeves,3150
Certified,,U.S. House,2,REP,Terry Everett,112906
Certified,,U.S. House,2,IND,Malcolm S. Brassell,1426
Certified,,U.S. House,2,IND,Richard C. Boone,1330
Certified,,U.S. House,2,NON,Write-ins,13
Certified,,U.S. House,3,DEM,Glen Browder,119175
Certified,,U.S. House,3,LIB,Rodric. D. Templeton,4570
Certified,,U.S. House,3,REP,Don Sledge,73800
Certified,,U.S. House,3,NON,Write-ins,59
Certified,,U.S. House,4,DEM,Tom Bevill,157907
Certified,,U.S. House,4,LIB,Robert P. King,5646
Certified,,U.S. House,4,REP,Martha Strickland,66934
Certified,,U.S. House,4,NON,Write-ins,36
Certified,,U.S. House,5,DEM,Bud Cramer,160060
Certified,,U.S. House,5,LIB,C. Michael Seibert,6006
Certified,,U.S. House,5,REP,Terry Smith,77951
Certified,,U.S. House,5,NON,Write-ins,116
Certified,,U.S. House,6,DEM,Ben Erdreich,126062
Certified,,U.S. House,6,LIB,Mark Bodenhausen,2836
Certified,,U.S. House,6,REP,Spencer Bachus,146599
Certified,,U.S. House,6,IND,Carla Cloum,4521
Certified,,U.S. House,6,NON,Write-ins,121
Certified,,U.S. House,7,DEM,Earl Hilliard,144320
Certified,,U.S. House,7,LIB,Michael Todd Mayer,2135
Certified,,U.S. House,7,REP,Kervin Jones,36086
Certified,,U.S. House,7,IND,James Chambliss,11466
Certified,,U.S. House,7,IND,John Hawkins,1165
Certified,,U.S. House,7,IND,James M. Lewis,12461
Certified,,U.S. House,7,NON,Write-ins,140
Certified,,Associate Justice of the Supreme Court Place No. 1,,DEM,R.P. Almon,844155
Certified,,Associate Justice of the Supreme Court Place No. 1,,REP,Mark Anderson,612434
Certified,,Associate Justice of the Supreme Court Place No. 1,,NON,Write-ins,786
Certified,,Associate Justice of the Supreme Court Place No. 2,,DEM,Janie Shores,909753
Certified,,Associate Justice of the Supreme Court Place No. 2,,REP,Rebecca Thomason,561458
Certified,,Associate Justice of the Supreme Court Place No. 2,,NON,Write-ins,573
Certified,,Associate Justice of the Supreme Court Place No. 3,,DEM,J. Gorman Houstohn,973584
Certified,,Associate Justice of the Supreme Court Place No. 3,,LIB,David L. Rawls,145566
Certified,,Associate Justice of the Supreme Court Place No. 3,,NON,Write-ins,1458
Certified,,Court of Civil Appeals Place 1,,DEM,Sharon G. Yates,814999
Certified,,Court of Civil Appeals Place 1,,REP,Robert J. Russell,615616
Certified,,Court of Civil Appeals Place 1,,NON,Write-ins,473
Certified,,"For President, Public Service Commission",,DEM,Jim Sullivan,1030143
Certified,,"For President, Public Service Commission",,LIB,Bill Crew,133609
Certified,,"For President, Public Service Commission",,NON,Write-ins,1356
Autauga,,Circuit Court Judge 19th Judicial Circuit,,DEM,Sibley Reynolds,7636
Autauga,,District Attorney 19th Circuit,,DEM,Janice Clardy,8575
Autauga,,Statewide Constitutional Amendments - Act # 91-219,,,Statwide Amendment #1 Yes,6221
Autauga,,Statewide Constitutional Amendments - Act # 91-219,,,Statwide Amedment #1 No,1130
Autauga,,Statewide Constitutional Amendments - Act #92-207,,,Statwide Amendment #2 Yes,3381
Autauga,,Statewide Constitutional Amendments - Act #92-207,,,Statwide Amendment #2 No,1787
Baldwin,,Circuit Court Judge 28th Judicial Circuit,,DEM,"Tom Norton, Jr.",17448
Baldwin,,Circuit Court Judge 28th Judicial Circuit,,REP,Pamela Willis Baschab,25632
Baldwin,,District Attorney 28th Circuit,,REP,David Whetstone,27484
Baldwin,,District Attorney 28th Circuit,,NON,Write-ins,1
Baldwin,,Statewide Constitutional Amendments - Act # 91-219,,,Statwide Amendment #1 Yes,21850
Baldwin,,Statewide Constitutional Amendments - Act # 91-219,,,Statwide Amedment #1 No,4881
Baldwin,,Statewide Constitutional Amendments - Act #92-207,,,Statwide Amendment #2 Yes,14007
Baldwin,,Statewide Constitutional Amendments - Act #92-207,,,Statwide Amendment #2 No,3649
Barbour,,District Attorney 3rd Circuit,,DEM,Boyd Whigham,6631
Barbour,,District Attorney 3rd Circuit,,NON,Write-ins,7
Barbour,,Statewide Constitutional Amendments - Act # 91-219,,,Statwide Amendment #1 Yes,3136
Barbour,,Statewide Constitutional Amendments - Act # 91-219,,,Statwide Amedment #1 No,870
Barbour,,Statewide Constitutional Amendments - Act #92-207,,,Statwide Amendment #2 Yes,1662
Barbour,,Statewide Constitutional Amendments - Act #92-207,,,Statwide Amendment #2 No,846
Bibb,,Circuit Court Judge 4th Judicial Circuit,,DEM,Jack W. Meigs,5412
Bibb,,District Attorney 4th Circuit,,DEM,Roy L. Johnson,5075
Bibb,,Statewide Constitutional Amendments - Act # 91-219,,,Statwide Amendment #1 Yes,4069
Bibb,,Statewide Constitutional Amendments - Act # 91-219,,,Statwide Amedment #1 No,983
Bibb,,Statewide Constitutional Amendments - Act #92-207,,,Statwide Amendment #2 Yes,3074
Bibb,,Statewide Constitutional Amendments - Act #92-207,,,Statwide Amendment #2 No,841
Blount,,"Circuit Court Judge 30th Judicial Circuit, Pl. 2",,DEM,Bill Trussell,6769
Blount,,"Circuit Court Judge 30th Judicial Circuit, Pl. 2",,REP,William E. Hereford,8012
Blount,,District Attorney 30th Circuit,,DEM,W. Van Davis,7633
Blount,,Statewide Constitutional Amendments - Act # 91-219,,,Statwide Amendment #1 Yes,7863
Blount,,Statewide Constitutional Amendments - Act # 91-219,,,Statwide Amedment #1 No,2272
Blount,,Statewide Constitutional Amendments - Act #92-207,,,Statwide Amendment #2 Yes,5474
Blount,,Statewide Constitutional Amendments - Act #92-207,,,Statwide Amendment #2 No,2332
Bullock,,District Attorney 3rd Circuit,,DEM,Boyd Whigham,3558
Bullock,,"District Court Judge, Bullock",,DEM,Mike Emfinger,3739
Bullock,,Statewide Constitutional Amendments - Act # 91-219,,,Statwide Amendment #1 Yes,1571
Bullock,,Statewide Constitutional Amendments - Act # 91-219,,,Statwide Amedment #1 No,206
Bullock,,Statewide Constitutional Amendments - Act #92-207,,,Statwide Amendment #2 Yes,815
Bullock,,Statewide Constitutional Amendments - Act #92-207,,,Statwide Amendment #2 No,385
Butler,,District Attorney 2nd Circuit,,DEM,Van C. Gholston,4941
Butler,,Statewide Constitutional Amendments - Act # 91-219,,,Statwide Amendment #1 Yes,3173
Butler,,Statewide Constitutional Amendments - Act # 91-219,,,Statwide Amedment #1 No,547
Butler,,Statewide Constitutional Amendments - Act #92-207,,,Statwide Amendment #2 Yes,1471
Butler,,Statewide Constitutional Amendments - Act #92-207,,,Statwide Amendment #2 No,876
Calhoun,,"Circuit Court Judge 7th Judicial Circuit, Pl 3",,DEM,Joel Laird,20292
Calhoun,,District Attorney 7th Circuit,,DEM,Joseph D. Hubbard,22783
Calhoun,,"District Court Judge, Pl 3, Calhoun",,DEM,Larry F. Warren,19113
Calhoun,,"District Court Judge, Pl 3, Calhoun",,REP,Greg Norton,17559
Calhoun,,Statewide Constitutional Amendments - Act # 91-219,,,Statwide Amendment #1 Yes,16218
Calhoun,,Statewide Constitutional Amendments - Act # 91-219,,,Statwide Amedment #1 No,4926
Calhoun,,Statewide Constitutional Amendments - Act #92-207,,,Statwide Amendment #2 Yes,11291
Calhoun,,Statewide Constitutional Amendments - Act #92-207,,,Statwide Amendment #2 No,5812
Calhoun,,Local Amendment #1,,,Yes,9623
Calhoun,,Local Amendment #1,,,No,11618
Chambers,,"Circuit Court Judge 5th Judicial Circuit, Pl 1",,DEM,Lewis Hamner,8770
Chambers,,"Circuit Court Judge 5th Judicial Circuit, Pl 1",,NON,Write-ins,81
Chambers,,District Attorney 5th Circuit,,DEM,Rea Clark,9528
Chambers,,District Attorney 5th Circuit,,NON,Write-ins,57
Chambers,,Statewide Constitutional Amendments - Act # 91-219,,,Statwide Amendment #1 Yes,6169
Chambers,,Statewide Constitutional Amendments - Act # 91-219,,,Statwide Amedment #1 No,2963
Chambers,,Statewide Constitutional Amendments - Act #92-207,,,Statwide Amendment #2 Yes,4008
Chambers,,Statewide Constitutional Amendments - Act #92-207,,,Statwide Amendment #2 No,2439
Cherokee,,District Attorney 9th Circuit,,DEM,Richard Igou,4586
Cherokee,,District Attorney 9th Circuit,,NON,Write-ins,1
Cherokee,,Statewide Constitutional Amendments - Act # 91-219,,,Statwide Amendment #1 Yes,3145
Cherokee,,Statewide Constitutional Amendments - Act # 91-219,,,Statwide Amedment #1 No,994
Cherokee,,Statewide Constitutional Amendments - Act #92-207,,,Statwide Amendment #2 Yes,2130
Cherokee,,Statewide Constitutional Amendments - Act #92-207,,,Statwide Amendment #2 No,685
Chilton,,Circuit Court Judge 19th Judicial Circuit,,DEM,Sibley Reynolds,9810
Chilton,,District Attorney 19th Circuit,,DEM,Janice Clardy,9576
Chilton,,"District Court Judge, Chilton",,DEM,Bill Speaks,10423
Chilton,,Statewide Constitutional Amendments - Act # 91-219,,,Statwide Amendment #1 Yes,9070
Chilton,,Statewide Constitutional Amendments - Act # 91-219,,,Statwide Amedment #1 No,2526
Chilton,,Statewide Constitutional Amendments - Act #92-207,,,Statwide Amendment #2 Yes,5673
Chilton,,Statewide Constitutional Amendments - Act #92-207,,,Statwide Amendment #2 No,2773
Choctaw,,District Attorney 1st Circuit,,DEM,Bobby Keahey,4747
Choctaw,,District Attorney 1st Circuit,,NON,Write-ins,2
Choctaw,,"District Court Judge, Choctaw",,DEM,Pedro Scurlock,4759
Choctaw,,Statewide Constitutional Amendments - Act # 91-219,,,Statwide Amendment #1 Yes,2787
Choctaw,,Statewide Constitutional Amendments - Act # 91-219,,,Statwide Amedment #1 No,1036
Choctaw,,Statewide Constitutional Amendments - Act #92-207,,,Statwide Amendment #2 Yes,2194
Choctaw,,Statewide Constitutional Amendments - Act #92-207,,,Statwide Amendment #2 No,764
Clarke,,District Attorney 1st Circuit,,DEM,Bobby Keahey,6397
Clarke,,"District Court Judge, Clarke",,DEM,Harold L. Crow,6471
Clarke,,Statewide Constitutional Amendments - Act # 91-219,,,Statwide Amendment #1 Yes,4306
Clarke,,Statewide Constitutional Amendments - Act # 91-219,,,Statwide Amedment #1 No,1231
Clarke,,Statewide Constitutional Amendments - Act #92-207,,,Statwide Amendment #2 Yes,2634
Clarke,,Statewide Constitutional Amendments - Act #92-207,,,Statwide Amendment #2 No,1144
Clay,,District Attorney 40th Circuit,,DEM,Fred Thompson,2550
Clay,,Statewide Constitutional Amendments - Act # 91-219,,,Statwide Amendment #1 Yes,1979
Clay,,Statewide Constitutional Amendments - Act # 91-219,,,Statwide Amedment #1 No,638
Clay,,Statewide Constitutional Amendments - Act #92-207,,,Statwide Amendment #2 Yes,1266
Clay,,Statewide Constitutional Amendments - Act #92-207,,,Statwide Amendment #2 No,634
Cleburne,,"Circuit Court Judge 7th Judicial Circuit, Pl 3",,DEM,Joel Laird,2088
Cleburne,,District Attorney 7th Circuit,,DEM,Joseph D. Hubbard,2216
Cleburne,,District Attorney 7th Circuit,,NON,Write-ins,2
Cleburne,,Statewide Constitutional Amendments - Act # 91-219,,,Statwide Amendment #1 Yes,1966
Cleburne,,Statewide Constitutional Amendments - Act # 91-219,,,Statwide Amedment #1 No,472
Cleburne,,Statewide Constitutional Amendments - Act #92-207,,,Statwide Amendment #2 Yes,1260
Cleburne,,Statewide Constitutional Amendments - Act #92-207,,,Statwide Amendment #2 No,492
Coffee,,"Circuit Court Judge 12th Judicial Circuit, Pl 2",,DEM,Robert W. Barr,7070
Coffee,,"Circuit Court Judge 12th Judicial Circuit, Pl 2",,REP,John B. Crawley,6629
Coffee,,"Circuit Court Judge 12th Judicial Circuit, Pl 3",,DEM,Gary L. McAliley,9143
Coffee,,"Circuit Court Judge 12th Judicial Circuit, Pl 3",,NON,Write-ins,3
Coffee,,District Attorney 12th Circuit,,DEM,Joel M. Folmar,8370
Coffee,,District Attorney 12th Circuit,,NON,Write-ins,1
Coffee,,Statewide Constitutional Amendments - Act # 91-219,,,Statwide Amendment #1 Yes,7569
Coffee,,Statewide Constitutional Amendments - Act # 91-219,,,Statwide Amedment #1 No,1003
Coffee,,Statewide Constitutional Amendments - Act #92-207,,,Statwide Amendment #2 Yes,4160
Coffee,,Statewide Constitutional Amendments - Act #92-207,,,Statwide Amendment #2 No,1471
Colbert,,District Attorney 31st Circuit,,DEM,Gary Alverson,17364
Colbert,,District Attorney 31st Circuit,,NON,Write-ins,219
Colbert,,"District Court Judge, Colbert",,DEM,George E. Carpenter,17362
Colbert,,"District Court Judge, Colbert",,NON,Write-ins,177
Colbert,,Statewide Constitutional Amendments - Act # 91-219,,,Statwide Amendment #1 Yes,13450
Colbert,,Statewide Constitutional Amendments - Act # 91-219,,,Statwide Amedment #1 No,2667
Colbert,,Statewide Constitutional Amendments - Act #92-207,,,Statwide Amendment #2 Yes,9810
Colbert,,Statewide Constitutional Amendments - Act #92-207,,,Statwide Amendment #2 No,2986
Conecuh,,District Attorney 35th Circuit,,DEM,Tommy Chapman,3072
Conecuh,,Statewide Constitutional Amendments - Act # 91-219,,,Statwide Amendment #1 Yes,1931
Conecuh,,Statewide Constitutional Amendments - Act # 91-219,,,Statwide Amedment #1 No,356
Conecuh,,Statewide Constitutional Amendments - Act #92-207,,,Statwide Amendment #2 Yes,969
Conecuh,,Statewide Constitutional Amendments - Act #92-207,,,Statwide Amendment #2 No,483
Coosa,,District Attorney 40th Circuit,,DEM,Fred Thompson,3425
Coosa,,District Attorney 40th Circuit,,NON,Write-ins,31
Coosa,,Statewide Constitutional Amendments - Act # 91-219,,,Statwide Amendment #1 Yes,2478
Coosa,,Statewide Constitutional Amendments - Act # 91-219,,,Statwide Amedment #1 No,669
Coosa,,Statewide Constitutional Amendments - Act #92-207,,,Statwide Amendment #2 Yes,1559
Coosa,,Statewide Constitutional Amendments - Act #92-207,,,Statwide Amendment #2 No,681
Covington,,"Circuit Court Judge 22nd Judicial Circuit, Pl 2",,DEM,Ashley McKathan,5935
Covington,,District Attorney 22nd Circuit,,DEM,Eugenia Loggins,6587
Covington,,"District Court Judge, Covington",,DEM,Frank McGuire,6745
Covington,,Statewide Constitutional Amendments - Act # 91-219,,,Statwide Amendment #1 Yes,4817
Covington,,Statewide Constitutional Amendments - Act # 91-219,,,Statwide Amedment #1 No,1769
Covington,,Statewide Constitutional Amendments - Act #92-207,,,Statwide Amendment #2 Yes,2252
Covington,,Statewide Constitutional Amendments - Act #92-207,,,Statwide Amendment #2 No,2224
Covington,,Local Amendment #1,,,Yes,3005
Covington,,Local Amendment #1,,,No,3545
Crenshaw,,District Attorney 2nd Circuit,,DEM,Van C. Gholston,3038
Crenshaw,,District Attorney 2nd Circuit,,NON,Write-ins,2
Crenshaw,,Statewide Constitutional Amendments - Act # 91-219,,,Statwide Amendment #1 Yes,1702
Crenshaw,,Statewide Constitutional Amendments - Act # 91-219,,,Statwide Amedment #1 No,264
Crenshaw,,Statewide Constitutional Amendments - Act #92-207,,,Statwide Amendment #2 Yes,715
Crenshaw,,Statewide Constitutional Amendments - Act #92-207,,,Statwide Amendment #2 No,464
Cullman,,District Attorney 32nd Circuit,,DEM,Len Brooks,20887
Cullman,,District Attorney 32nd Circuit,,NON,Write-ins,143
Cullman,,"District Court Judge, Cullman",,DEM,Kim Chaney,21056
Cullman,,"District Court Judge, Cullman",,NON,Write-ins,149
Cullman,,Statewide Constitutional Amendments - Act # 91-219,,,Statwide Amendment #1 Yes,19017
Cullman,,Statewide Constitutional Amendments - Act # 91-219,,,Statwide Amedment #1 No,3097
Cullman,,Statewide Constitutional Amendments - Act #92-207,,,Statwide Amendment #2 Yes,13524
Cullman,,Statewide Constitutional Amendments - Act #92-207,,,Statwide Amendment #2 No,2324
Dale,,District Attorney 33rd Circuit,,DEM,David C. Emery,8187
Dale,,District Attorney 33rd Circuit,,NON,Write-ins,2
Dale,,"District Court Judge, Dale Pl 1",,DEM,William Matthews,8461
Dale,,"District Court Judge, Dale Pl 1",,NON,Write-ins,5
Dale,,"District Court Judge, Dale Pl 2",,DEM,Fred Steagall,8426
Dale,,"District Court Judge, Dale Pl 2",,NON,Write-ins,5
Dale,,Statewide Constitutional Amendments - Act # 91-219,,,Statwide Amendment #1 Yes,7114
Dale,,Statewide Constitutional Amendments - Act # 91-219,,,Statwide Amedment #1 No,1048
Dale,,Statewide Constitutional Amendments - Act #92-207,,,Statwide Amendment #2 Yes,4351
Dale,,Statewide Constitutional Amendments - Act #92-207,,,Statwide Amendment #2 No,1239
Dallas,,Circuit Court Judge 4th Judicial Circuit,,DEM,Jack W. Meigs,14875
Dallas,,District Attorney 4th Circuit,,DEM,Roy L. Johnson,15020
Dallas,,"District Court Judge, Dallas",,DEM,Nathaniel Walker,14466
Dallas,,Statewide Constitutional Amendments - Act # 91-219,,,Statwide Amendment #1 Yes,10443
Dallas,,Statewide Constitutional Amendments - Act # 91-219,,,Statwide Amedment #1 No,1691
Dallas,,Statewide Constitutional Amendments - Act #92-207,,,Statwide Amendment #2 Yes,6680
Dallas,,Statewide Constitutional Amendments - Act #92-207,,,Statwide Amendment #2 No,2353
DeKalb,,District Attorney 9th Circuit,,DEM,Richard Igou,12421
DeKalb,,District Attorney 9th Circuit,,NON,Write-ins,7
DeKalb,,Statewide Constitutional Amendments - Act # 91-219,,,Statwide Amendment #1 Yes,8188
DeKalb,,Statewide Constitutional Amendments - Act # 91-219,,,Statwide Amedment #1 No,1899
DeKalb,,Statewide Constitutional Amendments - Act #92-207,,,Statwide Amendment #2 Yes,5311
DeKalb,,Statewide Constitutional Amendments - Act #92-207,,,Statwide Amendment #2 No,1657
Elmore,,Circuit Court Judge 19th Judicial Circuit,,DEM,Sibley Reynolds,11909
Elmore,,Circuit Court Judge 19th Judicial Circuit,,NON,Write-ins,16
Elmore,,District Attorney 19th Circuit,,DEM,Janice Clardy,13354
Elmore,,District Attorney 19th Circuit,,NON,Write-ins,22
Elmore,,Statewide Constitutional Amendments - Act # 91-219,,,Statwide Amendment #1 Yes,13491
Elmore,,Statewide Constitutional Amendments - Act # 91-219,,,Statwide Amedment #1 No,2852
Elmore,,Statewide Constitutional Amendments - Act #92-207,,,Statwide Amendment #2 Yes,7570
Elmore,,Statewide Constitutional Amendments - Act #92-207,,,Statwide Amendment #2 No,4231
Escambia,,"Circuit Court Judge, 21st Judicial Circuit",,DEM,Brad Byrne,5881
Escambia,,District Attorney 21st Circuit,,DEM,Michael Godwin,5611
Escambia,,"District Court Judge, Escambia",,DEM,Gordon Batson,5793
Escambia,,Statewide Constitutional Amendments - Act # 91-219,,,Statwide Amendment #1 Yes,3854
Escambia,,Statewide Constitutional Amendments - Act # 91-219,,,Statwide Amedment #1 No,723
Escambia,,Statewide Constitutional Amendments - Act #92-207,,,Statwide Amendment #2 Yes,1828
Escambia,,Statewide Constitutional Amendments - Act #92-207,,,Statwide Amendment #2 No,564
Etowah,,District Attorney 16th Circuit,,DEM,"James Hedgspeth, Jr.",26450
Etowah,,District Attorney 16th Circuit,,IND,Myron allenstein,10917
Etowah,,Statewide Constitutional Amendments - Act # 91-219,,,Statwide Amendment #1 Yes,24343
Etowah,,Statewide Constitutional Amendments - Act # 91-219,,,Statwide Amedment #1 No,6357
Etowah,,Statewide Constitutional Amendments - Act #92-207,,,Statwide Amendment #2 Yes,19606
Etowah,,Statewide Constitutional Amendments - Act #92-207,,,Statwide Amendment #2 No,4051
Fayette,,District Attorney 24th Circuit,,DEM,P.M. Johnston,6118
Fayette,,District Attorney 24th Circuit,,NON,Write-ins,21
Fayette,,Statewide Constitutional Amendments - Act # 91-219,,,Statwide Amendment #1 Yes,5099
Fayette,,Statewide Constitutional Amendments - Act # 91-219,,,Statwide Amedment #1 No,1266
Fayette,,Statewide Constitutional Amendments - Act #92-207,,,Statwide Amendment #2 Yes,3744
Fayette,,Statewide Constitutional Amendments - Act #92-207,,,Statwide Amendment #2 No,1117
Franklin,,District Attorney 34th Circuit,,DEM,Chris Hargett,8656
Franklin,,Statewide Constitutional Amendments - Act # 91-219,,,Statwide Amendment #1 Yes,6322
Franklin,,Statewide Constitutional Amendments - Act # 91-219,,,Statwide Amedment #1 No,1384
Franklin,,Statewide Constitutional Amendments - Act #92-207,,,Statwide Amendment #2 Yes,4087
Franklin,,Statewide Constitutional Amendments - Act #92-207,,,Statwide Amendment #2 No,1341
Geneva,,District Attorney 33rd Circuit,,DEM,David C. Emery,4107
Geneva,,District Attorney 33rd Circuit,,NON,Write-ins,3
Geneva,,"District Court Judge, Geneva",,DEM,Charles W. Fleming,5490
Geneva,,"District Court Judge, Geneva",,REP,Al Danner,3930
Geneva,,Statewide Constitutional Amendments - Act # 91-219,,,Statwide Amendment #1 Yes,3611
Geneva,,Statewide Constitutional Amendments - Act # 91-219,,,Statwide Amedment #1 No,1141
Geneva,,Statewide Constitutional Amendments - Act #92-207,,,Statwide Amendment #2 Yes,2297
Geneva,,Statewide Constitutional Amendments - Act #92-207,,,Statwide Amendment #2 No,1275
Geneva,,Local Amendment #1,,,Yes,2305
Geneva,,Local Amendment #1,,,No,2734
Green,,District Attorney 17th Circuit,,DEM,Barrown Lankster,3629
Green,,District Attorney 17th Circuit,,IND,"Tom Boggs, Jr.",956
Green,,"District Court Judge, Greene",,DEM,Richard L. Osborne,4064
Green,,Statewide Constitutional Amendments - Act # 91-219,,,Statwide Amendment #1 Yes,1410
Green,,Statewide Constitutional Amendments - Act # 91-219,,,Statwide Amedment #1 No,253
Green,,Statewide Constitutional Amendments - Act #92-207,,,Statwide Amendment #2 Yes,1169
Green,,Statewide Constitutional Amendments - Act #92-207,,,Statwide Amendment #2 No,281
Hale,,Circuit Court Judge 4th Judicial Circuit,,DEM,Jack W. Meigs,3421
Hale,,District Attorney 4th Circuit,,DEM,Roy L. Johnson,3807
Hale,,District Attorney 4th Circuit,,NON,Write-ins,1
Hale,,Statewide Constitutional Amendments - Act # 91-219,,,Statwide Amendment #1 Yes,2221
Hale,,Statewide Constitutional Amendments - Act # 91-219,,,Statwide Amedment #1 No,505
Hale,,Statewide Constitutional Amendments - Act #92-207,,,Statwide Amendment #2 Yes,1353
Hale,,Statewide Constitutional Amendments - Act #92-207,,,Statwide Amendment #2 No,676
Henry,,District Attorney 20th Circuit,,DEM,Doug Valeska,3952
Henry,,District Attorney 20th Circuit,,NON,Write-ins,3
Henry,,Statewide Constitutional Amendments - Act # 91-219,,,Statwide Amendment #1 Yes,2586
Henry,,Statewide Constitutional Amendments - Act # 91-219,,,Statwide Amedment #1 No,417
Henry,,Statewide Constitutional Amendments - Act #92-207,,,Statwide Amendment #2 Yes,1610
Henry,,Statewide Constitutional Amendments - Act #92-207,,,Statwide Amendment #2 No,826
Houston,,District Attorney 20th Circuit,,DEM,Doug Valeska,21118
Houston,,Statewide Constitutional Amendments - Act # 91-219,,,Statwide Amendment #1 Yes,19889
Houston,,Statewide Constitutional Amendments - Act # 91-219,,,Statwide Amedment #1 No,2966
Houston,,Statewide Constitutional Amendments - Act #92-207,,,Statwide Amendment #2 Yes,15204
Houston,,Statewide Constitutional Amendments - Act #92-207,,,Statwide Amendment #2 No,2885
Jackson,,District Attorney 38th Circuit,,DEM,Dwight Duke,11173
Jackson,,District Attorney 38th Circuit,,NON,Write-ins,2
Jackson,,"District Court Judge, Jackson",,DEM,Ralph H. Grider,11407
Jackson,,"District Court Judge, Jackson",,NON,Write-ins,1
Jackson,,Statewide Constitutional Amendments - Act # 91-219,,,Statwide Amendment #1 Yes,7059
Jackson,,Statewide Constitutional Amendments - Act # 91-219,,,Statwide Amedment #1 No,819
Jackson,,Statewide Constitutional Amendments - Act #92-207,,,Statwide Amendment #2 Yes,4016
Jackson,,Statewide Constitutional Amendments - Act #92-207,,,Statwide Amendment #2 No,787
Jefferson,,"Circuit Court Judge 10th Judicial Circuit, Pl 3",,DEM,Carole Smitherman,137944
Jefferson,,"Circuit Court Judge 10th Judicial Circuit, Pl 3",,REP,Alfred Bahakel,148701
Jefferson,,"Circuit Court Judge 10th Judicial Circuit, Pl 3",,NON,Write-ins,280
Jefferson,,"Circuit Court Judge 10th Judicial Circuit, Pl 12",,DEM,Roger Halcomb,189222
Jefferson,,"Circuit Court Judge 10th Judicial Circuit, Pl 12",,NON,Write-ins,3082
Jefferson,,"Circuit Court Judge 10th Judicial Circuit, Pl9",,DEM,Dan Reynolds,189902
Jefferson,,"Circuit Court Judge 10th Judicial Circuit, Pl9",,NON,Write-ins,2597
Jefferson,,"Circuit Court Judge 10th Judicial Circuit, Pl 20",,DEM,"W.C. Zanaty, Jr.",188138
Jefferson,,"Circuit Court Judge 10th Judicial Circuit, Pl 20",,NON,Write-ins,2663
Jefferson,,"Circuit Court Judge 10th Judicial Circuit, Pl. 21",,DEM,"Art Hanes, Jr.",189807
Jefferson,,"Circuit Court Judge 10th Judicial Circuit, Pl. 21",,NON,Write-ins,2587
Jefferson,,"Circuit Court Judge 10th Judicial Circuit, Pl 22",,DEM,Wayne Thorn,186195
Jefferson,,"Circuit Court Judge 10th Judicial Circuit, Pl 22",,NON,Write-ins,2460
Jefferson,,"Circuit Court Judge 10th Judicial Circuit, Pl 23",,DEM,Gary Pate,143354
Jefferson,,"Circuit Court Judge 10th Judicial Circuit, Pl 23",,REP,Gloria Bahakel,140232
Jefferson,,"Circuit Court Judge 10th Judicial Circuit, Pl 23",,NON,Write-ins,441
Jefferson,,Circuit Court Judge 10th Judicial Circuit Pl 24,,DEM,"J. Richmond Pearson,",184688
Jefferson,,Circuit Court Judge 10th Judicial Circuit Pl 24,,NON,Write-ins,2944
Jefferson,,District Attorney 10th Circuit,,DEM,David Barber,195224
Jefferson,,District Attorney 10th Circuit,,NON,Write-ins,2329
Jefferson,,Asst. District Attorney 10th Circuit,,DEM,Samuel L. Russell,42175
Jefferson,,Asst. District Attorney 10th Circuit,,NON,Write-ins,444
Jefferson,,"District Court Judge, Jefferson, Pl 1",,DEM,"John Alsbrooks, Jr.",183959
Jefferson,,"District Court Judge, Jefferson, Pl 1",,NON,Write-ins,2336
Jefferson,,"District Court Judge, Jefferson Pl 2",,DEM,Pete Johnson,184179
Jefferson,,"District Court Judge, Jefferson Pl 2",,NON,Write-ins,2284
Jefferson,,"District Court Judge, Jefferson, Pl 5",,DEM,Gerald S. Topazi,183577
Jefferson,,"District Court Judge, Jefferson, Pl 5",,NON,Write-ins,2315
Jefferson,,"District Court Judge, Jefferson, Pl 10",,DEM,"Ralph E. Coleman, Jr.",183608
Jefferson,,"District Court Judge, Jefferson, Pl 10",,NON,Write-ins,2240
Jefferson,,Statewide Constitutional Amendments - Act # 91-219,,,Statwide Amendment #1 Yes,202613
Jefferson,,Statewide Constitutional Amendments - Act # 91-219,,,Statwide Amedment #1 No,29399
Jefferson,,Statewide Constitutional Amendments - Act #92-207,,,Statwide Amendment #2 Yes,187292
Jefferson,,Statewide Constitutional Amendments - Act #92-207,,,Statwide Amendment #2 No,22480
Lamar,,District Attorney 24th Circuit,,DEM,P.M. Johnston,4376
Lamar,,District Attorney 24th Circuit,,NON,Write-ins,61
Lamar,,Statewide Constitutional Amendments - Act # 91-219,,,Statwide Amendment #1 Yes,2410
Lamar,,Statewide Constitutional Amendments - Act # 91-219,,,Statwide Amedment #1 No,767
Lamar,,Statewide Constitutional Amendments - Act #92-207,,,Statwide Amendment #2 Yes,1743
Lamar,,Statewide Constitutional Amendments - Act #92-207,,,Statwide Amendment #2 No,512
Lauderdale,,"Circuit Court Judge 11th Judicial Circuit, Pl 1",,DEM,Larry Mack Smith,19384
Lauderdale,,"Circuit Court Judge 11th Judicial Circuit, Pl 1",,REP,Frank Long,13177
Lauderdale,,"Circuit Court Judge 11th Judicial Circuit, Pl 1",,NON,Write-ins,24
Lauderdale,,"Circuit Court Judge 11th Judicial Circuit, Pl 3",,DEM,Ned M. Suttle,25176
Lauderdale,,"Circuit Court Judge 11th Judicial Circuit, Pl 3",,NON,Write-ins,296
Lauderdale,,District Attorney 11th Circuit,,DEM,Steve Graham,25405
Lauderdale,,District Attorney 11th Circuit,,NON,Write-ins,304
Lauderdale,,"District Court Judge, Lauderdale",,DEM,Deborah Bell Paseur,25590
Lauderdale,,"District Court Judge, Lauderdale",,NON,Write-ins,291
Lauderdale,,Statewide Constitutional Amendments - Act # 91-219,,,Statwide Amendment #1 Yes,19790
Lauderdale,,Statewide Constitutional Amendments - Act # 91-219,,,Statwide Amedment #1 No,3169
Lauderdale,,Statewide Constitutional Amendments - Act #92-207,,,Statwide Amendment #2 Yes,13502
Lauderdale,,Statewide Constitutional Amendments - Act #92-207,,,Statwide Amendment #2 No,3870
Lawrence,,District Attorney 36th Circuit,,DEM,Tim Littrell,9518
Lawrence,,Statewide Constitutional Amendments - Act # 91-219,,,Statwide Amendment #1 Yes,6878
Lawrence,,Statewide Constitutional Amendments - Act # 91-219,,,Statwide Amedment #1 No,2122
Lawrence,,Statewide Constitutional Amendments - Act #92-207,,,Statwide Amendment #2 Yes,4097
Lawrence,,Statewide Constitutional Amendments - Act #92-207,,,Statwide Amendment #2 No,2161
Lawrence,,Local Amendment #1,,,Yes,5332
Lawrence,,Local Amendment #1,,,No,2911
Lee,,"Circuit Court Judge 37th Judicial Circuit, Pl 2",,DEM,Robert M. Harper,17020
Lee,,District Attorney 37th Circuit,,DEM,Ronald L. Myers,17276
Lee,,"District Court Judge, Lee",,DEM,Mike Nix,17309
Lee,,Statewide Constitutional Amendments - Act # 91-219,,,Statwide Amendment #1 Yes,14555
Lee,,Statewide Constitutional Amendments - Act # 91-219,,,Statwide Amedment #1 No,2090
Lee,,Statewide Constitutional Amendments - Act #92-207,,,Statwide Amendment #2 Yes,9882
Lee,,Statewide Constitutional Amendments - Act #92-207,,,Statwide Amendment #2 No,3009
Limestone,,"Circuit Court Judge 39th Judicial Circuit, Pl 1",,DEM,Henry W. Blizzard,15277
Limestone,,"Circuit Court Judge 39th Judicial Circuit, Pl 1",,NON,Write-ins,18
Limestone,,"Circuit Court Judge 39th Judicial Circuit, Pl 2",,DEM,George T. Craig,15193
Limestone,,"Circuit Court Judge 39th Judicial Circuit, Pl 2",,NON,Write-ins,182
Limestone,,District Attorney 39th Circuit,,DEM,James H. Fry,14920
Limestone,,District Attorney 39th Circuit,,NON,Write-ins,223
Limestone,,"District Court Judge, Limestone",,DEM,Jeanne Anderson,14728
Limestone,,"District Court Judge, Limestone",,NON,Write-ins,151
Limestone,,Statewide Constitutional Amendments - Act # 91-219,,,Statwide Amendment #1 Yes,13040
Limestone,,Statewide Constitutional Amendments - Act # 91-219,,,Statwide Amedment #1 No,3023
Limestone,,Statewide Constitutional Amendments - Act #92-207,,,Statwide Amendment #2 Yes,9749
Limestone,,Statewide Constitutional Amendments - Act #92-207,,,Statwide Amendment #2 No,2504
Limestone,,Local Amendment #1,,,Yes,10355
Limestone,,Local Amendment #1,,,No,7505
Lowndes,,District Attorney 2nd Circuit,,DEM,Van C. Gholston,3480
Lowndes,,Statewide Constitutional Amendments - Act # 91-219,,,Statwide Amendment #1 Yes,1184
Lowndes,,Statewide Constitutional Amendments - Act # 91-219,,,Statwide Amedment #1 No,226
Lowndes,,Statewide Constitutional Amendments - Act #92-207,,,Statwide Amendment #2 Yes,561
Lowndes,,Statewide Constitutional Amendments - Act #92-207,,,Statwide Amendment #2 No,389
Macon,,"Circuit Court Judge 5th Judicial Circuit, Pl 1",,DEM,Lewis Hamner,6459
Macon,,District Attorney 5th Circuit,,DEM,Rea Clark,6614
Macon,,Statewide Constitutional Amendments - Act # 91-219,,,Statwide Amendment #1 Yes,2528
Macon,,Statewide Constitutional Amendments - Act # 91-219,,,Statwide Amedment #1 No,546
Macon,,Statewide Constitutional Amendments - Act #92-207,,,Statwide Amendment #2 Yes,1610
Macon,,Statewide Constitutional Amendments - Act #92-207,,,Statwide Amendment #2 No,672
Madison,,"Circuit Court Judge 23rd Judicial Circuit, Pl 2",,DEM,"Daniel Banks, Jr.",72117
Madison,,District Attorney 23rd Circuit,,DEM,Tim Morgan,57357
Madison,,District Attorney 23rd Circuit,,REP,Mo Brooks,48385
Madison,,Statewide Constitutional Amendments - Act # 91-219,,,Statwide Amendment #1 Yes,75232
Madison,,Statewide Constitutional Amendments - Act # 91-219,,,Statwide Amedment #1 No,9615
Madison,,Statewide Constitutional Amendments - Act #92-207,,,Statwide Amendment #2 Yes,62525
Madison,,Statewide Constitutional Amendments - Act #92-207,,,Statwide Amendment #2 No,7626
Marengo,,District Attorney 17th Circuit,,DEM,Barrown Lankster,4816
Marengo,,District Attorney 17th Circuit,,IND,"Tom Boggs, Jr.",5968
Marengo,,Statewide Constitutional Amendments - Act # 91-219,,,Statwide Amendment #1 Yes,3353
Marengo,,Statewide Constitutional Amendments - Act # 91-219,,,Statwide Amedment #1 No,711
Marengo,,Statewide Constitutional Amendments - Act #92-207,,,Statwide Amendment #2 Yes,1915
Marengo,,Statewide Constitutional Amendments - Act #92-207,,,Statwide Amendment #2 No,792
Marion,,District Attorney 25th Circuit,,DEM,Al Tidwell,9304
Marion,,"District Court Judge, Marion",,DEM,Jimmy Cashion,9512
Marion,,Statewide Constitutional Amendments - Act # 91-219,,,Statwide Amendment #1 Yes,6731
Marion,,Statewide Constitutional Amendments - Act # 91-219,,,Statwide Amedment #1 No,1986
Marion,,Statewide Constitutional Amendments - Act #92-207,,,Statwide Amendment #2 Yes,4878
Marion,,Statewide Constitutional Amendments - Act #92-207,,,Statwide Amendment #2 No,1803
Marshall,,Circuit Court Judge 27th Judicial Circuit,,DEM,William D. Jetton,14218
Marshall,,Circuit Court Judge 27th Judicial Circuit,,NON,Write-ins,83
Marshall,,District Attorney 27th Circuit,,DEM,Ronald Thompson,14705
Marshall,,District Attorney 27th Circuit,,NON,Write-ins,7
Marshall,,"District Court Judge, Marshall",,DEM,Rim Riley,14917
Marshall,,"District Court Judge, Marshall",,NON,Write-ins,6
Marshall,,Statewide Constitutional Amendments - Act # 91-219,,,Statwide Amendment #1 Yes,10905
Marshall,,Statewide Constitutional Amendments - Act # 91-219,,,Statwide Amedment #1 No,1605
Marshall,,Statewide Constitutional Amendments - Act #92-207,,,Statwide Amendment #2 Yes,6329
Marshall,,Statewide Constitutional Amendments - Act #92-207,,,Statwide Amendment #2 No,1369
Mobile,,"Circuit Court Judge13th Judicial Circuit, Pl 7",,DEM,Robert G. Kendall,79033
Mobile,,"Circuit Court Judge13th Judicial Circuit, Pl 7",,NON,Write-ins,43
Mobile,,District Attorney 13th Circuit,,DEM,Chris Galanos,84817
Mobile,,District Attorney 13th Circuit,,NON,Write-ins,156
Mobile,,"District Court Judge, Mobile Pl 1",,DEM,Lionel Layden,79163
Mobile,,"District Court Judge, Mobile Pl 1",,NON,Write-ins,45
Mobile,,"District Court Judge Mobile, Pl 2",,DEM,Mike McMaken,79763
Mobile,,"District Court Judge Mobile, Pl 2",,NON,Write-ins,33
Mobile,,Statewide Constitutional Amendments - Act # 91-219,,,Statwide Amendment #1 Yes,61386
Mobile,,Statewide Constitutional Amendments - Act # 91-219,,,Statwide Amedment #1 No,19381
Mobile,,Statewide Constitutional Amendments - Act #92-207,,,Statwide Amendment #2 Yes,45405
Mobile,,Statewide Constitutional Amendments - Act #92-207,,,Statwide Amendment #2 No,15506
Monroe,,District Attorney 35th Circuit,,DEM,Tommy Chapman,4293
Monroe,,Statewide Constitutional Amendments - Act # 91-219,,,Statwide Amendment #1 Yes,3009
Monroe,,Statewide Constitutional Amendments - Act # 91-219,,,Statwide Amedment #1 No,678
Monroe,,Statewide Constitutional Amendments - Act #92-207,,,Statwide Amendment #2 Yes,1594
Monroe,,Statewide Constitutional Amendments - Act #92-207,,,Statwide Amendment #2 No,572
Montgomery,,"Circuit Court Judge 15 Judicial Circuit, Pl 1",,DEM,William Gordon,50717
Montgomery,,"Circuit Court Judge 15 Judicial Circuit, Pl 1",,NON,Write-ins,19
Montgomery,,"Circuit Court Judge 15th Judicial Circuit, Pl 7",,DEM,Richard H. Dorrough,50069
Montgomery,,"Circuit Court Judge 15th Judicial Circuit, Pl 7",,NON,Write-ins,22
Montgomery,,District Attorney 15th Circuit,,DEM,Ellen Brooks,46392
Montgomery,,District Attorney 15th Circuit,,REP,Slbert Sim Butler,35309
Montgomery,,District Attorney 15th Circuit,,NON,Write-ins,17
Montgomery,,Statewide Constitutional Amendments - Act # 91-219,,,Statwide Amendment #1 Yes,41393
Montgomery,,Statewide Constitutional Amendments - Act # 91-219,,,Statwide Amedment #1 No,5765
Montgomery,,Statewide Constitutional Amendments - Act #92-207,,,Statwide Amendment #2 Yes,24553
Montgomery,,Statewide Constitutional Amendments - Act #92-207,,,Statwide Amendment #2 No,11681
Morgan,,District Attorney 8th Circuit,,DEM,Bob Burrell,23354
Morgan,,District Attorney 8th Circuit,,REP,"William A. Catoe, Jr.",18438
Morgan,,District Attorney 8th Circuit,,NON,Write-ins,6
Morgan,,Statewide Constitutional Amendments - Act # 91-219,,,Statwide Amendment #1 Yes,28735
Morgan,,Statewide Constitutional Amendments - Act # 91-219,,,Statwide Amedment #1 No,5389
Morgan,,Statewide Constitutional Amendments - Act #92-207,,,Statwide Amendment #2 Yes,21657
Morgan,,Statewide Constitutional Amendments - Act #92-207,,,Statwide Amendment #2 No,6378
Perry,,Circuit Court Judge 4th Judicial Circuit,,DEM,Jack W. Meigs,3910
Perry,,Circuit Court Judge 4th Judicial Circuit,,NON,Write-ins,1
Perry,,District Attorney 4th Circuit,,DEM,Roy L. Johnson,4089
Perry,,District Attorney 4th Circuit,,NON,Write-ins,3
Perry,,Statewide Constitutional Amendments - Act # 91-219,,,Statwide Amendment #1 Yes,1559
Perry,,Statewide Constitutional Amendments - Act # 91-219,,,Statwide Amedment #1 No,259
Perry,,Statewide Constitutional Amendments - Act #92-207,,,Statwide Amendment #2 Yes,909
Perry,,Statewide Constitutional Amendments - Act #92-207,,,Statwide Amendment #2 No,276
Pickens,,District Attorney 24th Circuit,,DEM,P.M. Johnston,6372
Pickens,,District Attorney 24th Circuit,,NON,Write-ins,44
Pickens,,"District Court Judge, Pickens",,DEM,Tom Woodard,6354
Pickens,,"District Court Judge, Pickens",,NON,Write-ins,116
Pickens,,Statewide Constitutional Amendments - Act # 91-219,,,Statwide Amendment #1 Yes,4421
Pickens,,Statewide Constitutional Amendments - Act # 91-219,,,Statwide Amedment #1 No,1019
Pickens,,Statewide Constitutional Amendments - Act #92-207,,,Statwide Amendment #2 Yes,3183
Pickens,,Statewide Constitutional Amendments - Act #92-207,,,Statwide Amendment #2 No,893
Pickens,,Local Amendment #1,,,Yes,4450
Pickens,,Local Amendment #1,,,No,1448
Pike,,"Circuit Court Judge 12th Judicial Circuit, Pl 2",,DEM,Robert W. Barr,5744
Pike,,"Circuit Court Judge 12th Judicial Circuit, Pl 2",,REP,John B. Crawley,4703
Pike,,"Circuit Court Judge 12th Judicial Circuit, Pl 3",,DEM,Gary L. McAliley,5865
Pike,,District Attorney 12th Circuit,,DEM,Joel M. Folmar,6449
Pike,,Statewide Constitutional Amendments - Act # 91-219,,,Statwide Amendment #1 Yes,4952
Pike,,Statewide Constitutional Amendments - Act # 91-219,,,Statwide Amedment #1 No,1376
Pike,,Statewide Constitutional Amendments - Act #92-207,,,Statwide Amendment #2 Yes,2521
Pike,,Statewide Constitutional Amendments - Act #92-207,,,Statwide Amendment #2 No,2053
Randolph,,"Circuit Court Judge 5th Judicial Circuit, Pl 1",,DEM,Lewis Hamner,3845
Randolph,,"Circuit Court Judge 5th Judicial Circuit, Pl 1",,NON,Write-ins,1
Randolph,,District Attorney 5th Circuit,,DEM,Rea Clark,3486
Randolph,,District Attorney 5th Circuit,,NON,Write-ins,1
Randolph,,Statewide Constitutional Amendments - Act # 91-219,,,Statwide Amendment #1 Yes,2494
Randolph,,Statewide Constitutional Amendments - Act # 91-219,,,Statwide Amedment #1 No,834
Randolph,,Statewide Constitutional Amendments - Act #92-207,,,Statwide Amendment #2 Yes,1724
Randolph,,Statewide Constitutional Amendments - Act #92-207,,,Statwide Amendment #2 No,768
Russell,,Circuit Court Judge 26th Judicial Circuit,,DEM,Wayne T. Johnson,9895
Russell,,Circuit Court Judge 26th Judicial Circuit,,NON,Write-ins,1
Russell,,District Attorney 26th Circuit,,DEM,Kenneth Davis,9806
Russell,,District Attorney 26th Circuit,,NON,Write-ins,1
Russell,,"District Court Judge, Russell, Pl 2",,LIB,Albert Johnson,9733
Russell,,"District Court Judge, Russell, Pl 2",,NON,Write-ins,2
Russell,,Statewide Constitutional Amendments - Act # 91-219,,,Statwide Amendment #1 Yes,4129
Russell,,Statewide Constitutional Amendments - Act # 91-219,,,Statwide Amedment #1 No,978
Russell,,Statewide Constitutional Amendments - Act #92-207,,,Statwide Amendment #2 Yes,3137
Russell,,Statewide Constitutional Amendments - Act #92-207,,,Statwide Amendment #2 No,803
St. Clair,,"Circuit Court Judge 30th Judicial Circuit, Pl. 2",,DEM,Bill Trussell,8926
St. Clair,,"Circuit Court Judge 30th Judicial Circuit, Pl. 2",,REP,William E. Hereford,12268
St. Clair,,District Attorney 30th Circuit,,DEM,W. Van Davis,14023
St. Clair,,Statewide Constitutional Amendments - Act # 91-219,,,Statwide Amendment #1 Yes,14968
St. Clair,,Statewide Constitutional Amendments - Act # 91-219,,,Statwide Amedment #1 No,2832
St. Clair,,Statewide Constitutional Amendments - Act #92-207,,,Statwide Amendment #2 Yes,14823
St. Clair,,Statewide Constitutional Amendments - Act #92-207,,,Statwide Amendment #2 No,2124
Shelby,,"Circuit Court Judge 18th Judicial Circuit, Pl 1",,REP,Oliver Head,37575
Shelby,,"Circuit Court Judge 18th Judicial Circuit, Pl 3",,REP,Mike Joiner,37876
Shelby,,District Attorney 18th Circuit,,REP,Robert Owens,37460
Shelby,,"District Court Judge, Shelby, Pl 1",,DEM,Patricia M. Smith,38291
Shelby,,Statewide Constitutional Amendments - Act # 91-219,,,Statwide Amendment #1 Yes,33935
Shelby,,Statewide Constitutional Amendments - Act # 91-219,,,Statwide Amedment #1 No,6611
Shelby,,Statewide Constitutional Amendments - Act #92-207,,,Statwide Amendment #2 Yes,29788
Shelby,,Statewide Constitutional Amendments - Act #92-207,,,Statwide Amendment #2 No,4985
Sumter,,District Attorney 17th Circuit,,DEM,Barrown Lankster,4431
Sumter,,District Attorney 17th Circuit,,IND,"Tom Boggs, Jr.",2438
Sumter,,"District Court Judge, Sumter",,DEM,"Eddie Hardaway, Jr.",5975
Sumter,,Statewide Constitutional Amendments - Act # 91-219,,,Statwide Amendment #1 Yes,2272
Sumter,,Statewide Constitutional Amendments - Act # 91-219,,,Statwide Amedment #1 No,605
Sumter,,Statewide Constitutional Amendments - Act #92-207,,,Statwide Amendment #2 Yes,1685
Sumter,,Statewide Constitutional Amendments - Act #92-207,,,Statwide Amendment #2 No,503
Talladega,,District Attorney 29th Circuit,,DEM,Robert Rumsey,14392
Talladega,,District Attorney 29th Circuit,,NON,Write-ins,3
Talladega,,Statewide Constitutional Amendments - Act # 91-219,,,Statwide Amendment #1 Yes,9337
Talladega,,Statewide Constitutional Amendments - Act # 91-219,,,Statwide Amedment #1 No,1525
Talladega,,Statewide Constitutional Amendments - Act #92-207,,,Statwide Amendment #2 Yes,6624
Talladega,,Statewide Constitutional Amendments - Act #92-207,,,Statwide Amendment #2 No,1950
Talladega,,Local Amendment #1,,,Yes,7282
Talladega,,Local Amendment #1,,,No,2078
Tallapoosa,,"Circuit Court Judge 5th Judicial Circuit, Pl 1",,DEM,Lewis Hamner,9322
Tallapoosa,,"Circuit Court Judge 5th Judicial Circuit, Pl 1",,NON,Write-ins,73
Tallapoosa,,District Attorney 5th Circuit,,DEM,Rea Clark,9367
Tallapoosa,,District Attorney 5th Circuit,,NON,Write-ins,51
Tallapoosa,,Statewide Constitutional Amendments - Act # 91-219,,,Statwide Amendment #1 Yes,9478
Tallapoosa,,Statewide Constitutional Amendments - Act # 91-219,,,Statwide Amedment #1 No,2208
Tallapoosa,,Statewide Constitutional Amendments - Act #92-207,,,Statwide Amendment #2 Yes,4821
Tallapoosa,,Statewide Constitutional Amendments - Act #92-207,,,Statwide Amendment #2 No,2766
Tuscaloosa,,"Circuit Court Judge 6th Judicial Circuit, Pl 1",,DEM,Steve Wilson,42455
Tuscaloosa,,"Circuit Court Judge 6th Judicial Circuit, Pl 1",,NON,Write-ins,362
Tuscaloosa,,"Circuit Court Judge 6th Judicial Circuit, Pl 4",,DEM,Julia Lampkin Asam,15017
Tuscaloosa,,"Circuit Court Judge 6th Judicial Circuit, Pl 4",,REP,Bernard Harwood,40606
Tuscaloosa,,"Circuit Court Judge 6th Judicial Circuit, Pl 4",,NON,Write-ins,64
Tuscaloosa,,"Circuit Court Judge 6th Judicial Circuit, Pl 5",,DEM,"Gay Lake, Jr.",44397
Tuscaloosa,,"Circuit Court Judge 6th Judicial Circuit, Pl 5",,NON,Write-ins,591
Tuscaloosa,,District Attorney 6th Circuit,,DEM,Charley Freeman,43368
Tuscaloosa,,District Attorney 6th Circuit,,NON,Write-ins,390
Tuscaloosa,,"District Court Judge, Tuscaloosa, Pl 1",,DEM,Jim Gtuin,42363
Tuscaloosa,,"District Court Judge, Tuscaloosa, Pl 1",,NON,Write-ins,285
Tuscaloosa,,"District Court Judge, Tuscaloosa, Pl 2",,DEM,Joel Chandler,42154
Tuscaloosa,,"District Court Judge, Tuscaloosa, Pl 2",,NON,Write-ins,409
Tuscaloosa,,Statewide Constitutional Amendments - Act # 91-219,,,Statwide Amendment #1 Yes,36572
Tuscaloosa,,Statewide Constitutional Amendments - Act # 91-219,,,Statwide Amedment #1 No,5449
Tuscaloosa,,Statewide Constitutional Amendments - Act #92-207,,,Statwide Amendment #2 Yes,28418
Tuscaloosa,,Statewide Constitutional Amendments - Act #92-207,,,Statwide Amendment #2 No,5197
Walker,,District Attorney 14th Circuit,,DEM,Charles D. Baker,22473
Walker,,Statewide Constitutional Amendments - Act # 91-219,,,Statwide Amendment #1 Yes,20359
Walker,,Statewide Constitutional Amendments - Act # 91-219,,,Statwide Amedment #1 No,4029
Walker,,Statewide Constitutional Amendments - Act #92-207,,,Statwide Amendment #2 Yes,13223
Walker,,Statewide Constitutional Amendments - Act #92-207,,,Statwide Amendment #2 No,4001
Walker,,Local Amendment #1,,,Yes,14016
Walker,,Local Amendment #1,,,No,11417
Walker,,Local Amendment #2,,,Yes,13065
Walker,,Local Amendment #2,,,No,11694
Washington,,District Attorney 1st Circuit,,DEM,Bobby Keahey,6331
Washington,,District Attorney 1st Circuit,,NON,Write-ins,2
Washington,,Statewide Constitutional Amendments - Act # 91-219,,,Statwide Amendment #1 Yes,3517
Washington,,Statewide Constitutional Amendments - Act # 91-219,,,Statwide Amedment #1 No,2497
Washington,,Statewide Constitutional Amendments - Act #92-207,,,Statwide Amendment #2 Yes,2637
Washington,,Statewide Constitutional Amendments - Act #92-207,,,Statwide Amendment #2 No,2115
Wilcox,,Circuit Court Judge 4th Judicial Circuit,,DEM,Jack W. Meigs,3760
Wilcox,,Circuit Court Judge 4th Judicial Circuit,,NON,Write-ins,1
Wilcox,,District Attorney 4th Circuit,,DEM,Roy L. Johnson,3823
Wilcox,,District Attorney 4th Circuit,,NON,Write-ins,3
Wilcox,,"District Court Judge, Wilcox",,DEM,Jo Celeste Pettway,3766
Wilcox,,"District Court Judge, Wilcox",,NON,Write-ins,11
Wilcox,,Statewide Constitutional Amendments - Act # 91-219,,,Statwide Amendment #1 Yes,3588
Wilcox,,Statewide Constitutional Amendments - Act # 91-219,,,Statwide Amedment #1 No,702
Wilcox,,Statewide Constitutional Amendments - Act #92-207,,,Statwide Amendment #2 Yes,2389
Wilcox,,Statewide Constitutional Amendments - Act #92-207,,,Statwide Amendment #2 No,926
Winston,,District Attorney 25th Circuit,,DEM,Al Tidwell,5500
Winston,,Statewide Constitutional Amendments - Act # 91-219,,,Statwide Amendment #1 Yes,4727
Winston,,Statewide Constitutional Amendments - Act # 91-219,,,Statwide Amedment #1 No,1701
Winston,,Statewide Constitutional Amendments - Act #92-207,,,Statwide Amendment #2 Yes,3807
Winston,,Statewide Constitutional Amendments - Act #92-207,,,Statwide Amendment #2 No,1037
Totals,,Circuit Court Judge 4th Judicial Circuit,,DEM,Jack W. Meigs,31378
Totals,,Circuit Court Judge 4th Judicial Circuit,,NON,Write-ins,2
Totals,,"Circuit Court Judge 5th Judicial Circuit, Pl 1",,DEM,Lewis Hamner,28396
Totals,,"Circuit Court Judge 5th Judicial Circuit, Pl 1",,NON,Write-ins,155
Totals,,"Circuit Court Judge 6th Judicial Circuit, Pl 1",,DEM,Steve Wilson,42455
Totals,,"Circuit Court Judge 6th Judicial Circuit, Pl 1",,NON,Write-ins,362
Totals,,"Circuit Court Judge 6th Judicial Circuit, Pl 4",,DEM,Julia Lampkin Asam,15017
Totals,,"Circuit Court Judge 6th Judicial Circuit, Pl 4",,REP,Bernard Harwood,40606
Totals,,"Circuit Court Judge 6th Judicial Circuit, Pl 4",,NON,Write-ins,64
Totals,,"Circuit Court Judge 6th Judicial Circuit, Pl 5",,DEM,"Gay Lake, Jr.",44397
Totals,,"Circuit Court Judge 6th Judicial Circuit, Pl 5",,NON,Write-ins,591
Totals,,"Circuit Court Judge 7th Judicial Circuit, Pl 3",,DEM,Joel Laird,22380
Totals,,"Circuit Court Judge 10th Judicial Circuit, Pl 3",,DEM,Carole Smitherman,137944
Totals,,"Circuit Court Judge 10th Judicial Circuit, Pl 3",,REP,Alfred Bahakel,148701
Totals,,"Circuit Court Judge 10th Judicial Circuit, Pl 3",,NON,Write-ins,280
Totals,,"Circuit Court Judge 10th Judicial Circuit, Pl 12",,DEM,Roger Halcomb,189222
Totals,,"Circuit Court Judge 10th Judicial Circuit, Pl 12",,NON,Write-ins,3082
Totals,,"Circuit Court Judge 10th Judicial Circuit, Pl9",,DEM,Dan Reynolds,189902
Totals,,"Circuit Court Judge 10th Judicial Circuit, Pl9",,NON,Write-ins,2597
Totals,,"Circuit Court Judge 10th Judicial Circuit, Pl 20",,DEM,"W.C. Zanaty, Jr.",188138
Totals,,"Circuit Court Judge 10th Judicial Circuit, Pl 20",,NON,Write-ins,2663
Totals,,"Circuit Court Judge 10th Judicial Circuit, Pl. 21",,DEM,"Art Hanes, Jr.",189807
Totals,,"Circuit Court Judge 10th Judicial Circuit, Pl. 21",,NON,Write-ins,2587
Totals,,"Circuit Court Judge 10th Judicial Circuit, Pl 22",,DEM,Wayne Thorn,186195
Totals,,"Circuit Court Judge 10th Judicial Circuit, Pl 22",,NON,Write-ins,2460
Totals,,"Circuit Court Judge 10th Judicial Circuit, Pl 23",,DEM,Gary Pate,143354
Totals,,"Circuit Court Judge 10th Judicial Circuit, Pl 23",,REP,Gloria Bahakel,140232
Totals,,"Circuit Court Judge 10th Judicial Circuit, Pl 23",,NON,Write-ins,441
Totals,,Circuit Court Judge 10th Judicial Circuit Pl 24,,DEM,"J. Richmond Pearson,",184688
Totals,,Circuit Court Judge 10th Judicial Circuit Pl 24,,NON,Write-ins,2944
Totals,,"Circuit Court Judge 11th Judicial Circuit, Pl 1",,DEM,Larry Mack Smith,19384
Totals,,"Circuit Court Judge 11th Judicial Circuit, Pl 1",,REP,Frank Long,13177
Totals,,"Circuit Court Judge 11th Judicial Circuit, Pl 1",,NON,Write-ins,24
Totals,,"Circuit Court Judge 11th Judicial Circuit, Pl 3",,DEM,Ned M. Suttle,25176
Totals,,"Circuit Court Judge 11th Judicial Circuit, Pl 3",,NON,Write-ins,296
Totals,,"Circuit Court Judge 12th Judicial Circuit, Pl 2",,DEM,Robert W. Barr,12814
Totals,,"Circuit Court Judge 12th Judicial Circuit, Pl 2",,REP,John B. Crawley,11332
Totals,,"Circuit Court Judge 12th Judicial Circuit, Pl 3",,DEM,Gary L. McAliley,15008
Totals,,"Circuit Court Judge 12th Judicial Circuit, Pl 3",,NON,Write-ins,3
Totals,,"Circuit Court Judge13th Judicial Circuit, Pl 7",,DEM,Robert G. Kendall,79033
Totals,,"Circuit Court Judge13th Judicial Circuit, Pl 7",,NON,Write-ins,43
Totals,,"Circuit Court Judge 15 Judicial Circuit, Pl 1",,DEM,William Gordon,50717
Totals,,"Circuit Court Judge 15 Judicial Circuit, Pl 1",,NON,Write-ins,19
Totals,,"Circuit Court Judge 15th Judicial Circuit, Pl 7",,DEM,Richard H. Dorrough,50069
Totals,,"Circuit Court Judge 15th Judicial Circuit, Pl 7",,NON,Write-ins,22
Totals,,"Circuit Court Judge 18th Judicial Circuit, Pl 1",,REP,Oliver Head,37575
Totals,,"Circuit Court Judge 18th Judicial Circuit, Pl 3",,REP,Mike Joiner,37876
Totals,,Circuit Court Judge 19th Judicial Circuit,,DEM,Sibley Reynolds,29355
Totals,,Circuit Court Judge 19th Judicial Circuit,,NON,Write-ins,16
Totals,,"Circuit Court Judge, 21st Judicial Circuit",,DEM,Brad Byrne,5881
Totals,,"Circuit Court Judge 22nd Judicial Circuit, Pl 2",,DEM,Ashley McKathan,5935
Totals,,"Circuit Court Judge 23rd Judicial Circuit, Pl 2",,DEM,"Daniel Banks, Jr.",72117
Totals,,Circuit Court Judge 26th Judicial Circuit,,DEM,Wayne T. Johnson,9895
Totals,,Circuit Court Judge 26th Judicial Circuit,,NON,Write-ins,1
Totals,,Circuit Court Judge 27th Judicial Circuit,,DEM,William D. Jetton,14218
Totals,,Circuit Court Judge 27th Judicial Circuit,,NON,Write-ins,83
Totals,,Circuit Court Judge 28th Judicial Circuit,,DEM,"Tom Norton, Jr.",17448
Totals,,Circuit Court Judge 28th Judicial Circuit,,REP,Pamela Willis Baschab,25632
Totals,,"Circuit Court Judge 30th Judicial Circuit, Pl. 2",,DEM,Bill Trussell,15695
Totals,,"Circuit Court Judge 30th Judicial Circuit, Pl. 2",,REP,William E. Hereford,20280
Totals,,"Circuit Court Judge 37th Judicial Circuit, Pl 2",,DEM,Robert M. Harper,17020
Totals,,"Circuit Court Judge 39th Judicial Circuit, Pl 1",,DEM,Henry W. Blizzard,15277
Totals,,"Circuit Court Judge 39th Judicial Circuit, Pl 1",,NON,Write-ins,18
Totals,,"Circuit Court Judge 39th Judicial Circuit, Pl 2",,DEM,George T. Craig,15193
Totals,,"Circuit Court Judge 39th Judicial Circuit, Pl 2",,NON,Write-ins,182
Totals,,District Attorney 1st Circuit,,DEM,Bobby Keahey,17475
Totals,,District Attorney 1st Circuit,,NON,Write-ins,4
Totals,,District Attorney 2nd Circuit,,DEM,Van C. Gholston,11459
Totals,,District Attorney 2nd Circuit,,NON,Write-ins,2
Totals,,District Attorney 3rd Circuit,,DEM,Boyd Whigham,10189
Totals,,District Attorney 3rd Circuit,,NON,Write-ins,7
Totals,,District Attorney 4th Circuit,,DEM,Roy L. Johnson,31814
Totals,,District Attorney 4th Circuit,,NON,Write-ins,7
Totals,,District Attorney 5th Circuit,,DEM,Rea Clark,28995
Totals,,District Attorney 5th Circuit,,NON,Write-ins,109
Totals,,District Attorney 6th Circuit,,DEM,Charley Freeman,43368
Totals,,District Attorney 6th Circuit,,NON,Write-ins,390
Totals,,District Attorney 7th Circuit,,DEM,Joseph D. Hubbard,24999
Totals,,District Attorney 7th Circuit,,NON,Write-ins,2
Totals,,District Attorney 8th Circuit,,DEM,Bob Burrell,23354
Totals,,District Attorney 8th Circuit,,REP,"William A. Catoe, Jr.",18438
Totals,,District Attorney 8th Circuit,,NON,Write-ins,6
Totals,,District Attorney 9th Circuit,,DEM,Richard Igou,17007
Totals,,District Attorney 9th Circuit,,NON,Write-ins,8
Totals,,District Attorney 10th Circuit,,DEM,David Barber,195224
Totals,,District Attorney 10th Circuit,,NON,Write-ins,2329
Totals,,Asst. District Attorney 10th Circuit,,DEM,Samuel L. Russell,42175
Totals,,Asst. District Attorney 10th Circuit,,NON,Write-ins,444
Totals,,District Attorney 11th Circuit,,DEM,Steve Graham,25405
Totals,,District Attorney 11th Circuit,,NON,Write-ins,304
Totals,,District Attorney 12th Circuit,,DEM,Joel M. Folmar,14819
Totals,,District Attorney 12th Circuit,,NON,Write-ins,1
Totals,,District Attorney 13th Circuit,,DEM,Chris Galanos,84817
Totals,,District Attorney 13th Circuit,,NON,Write-ins,156
Totals,,District Attorney 14th Circuit,,DEM,Charles D. Baker,22473
Totals,,District Attorney 15th Circuit,,DEM,Ellen Brooks,46392
Totals,,District Attorney 15th Circuit,,REP,Slbert Sim Butler,35309
Totals,,District Attorney 15th Circuit,,NON,Write-ins,17
Totals,,District Attorney 16th Circuit,,DEM,"James Hedgspeth, Jr.",26450
Totals,,District Attorney 16th Circuit,,IND,Myron allenstein,10917
Totals,,District Attorney 17th Circuit,,DEM,Barrown Lankster,12876
Totals,,District Attorney 17th Circuit,,IND,"Tom Boggs, Jr.",9362
Totals,,District Attorney 18th Circuit,,REP,Robert Owens,37460
Totals,,District Attorney 19th Circuit,,DEM,Janice Clardy,31505
Totals,,District Attorney 19th Circuit,,NON,Write-ins,22
Totals,,District Attorney 20th Circuit,,DEM,Doug Valeska,25070
Totals,,District Attorney 20th Circuit,,NON,Write-ins,3
Totals,,District Attorney 21st Circuit,,DEM,Michael Godwin,5611
Totals,,District Attorney 22nd Circuit,,DEM,Eugenia Loggins,6587
Totals,,District Attorney 23rd Circuit,,DEM,Tim Morgan,57357
Totals,,District Attorney 23rd Circuit,,REP,Mo Brooks,48385
Totals,,District Attorney 24th Circuit,,DEM,P.M. Johnston,16866
Totals,,District Attorney 24th Circuit,,NON,Write-ins,126
Totals,,District Attorney 25th Circuit,,DEM,Al Tidwell,14804
Totals,,District Attorney 26th Circuit,,DEM,Kenneth Davis,9806
Totals,,District Attorney 26th Circuit,,NON,Write-ins,1
Totals,,District Attorney 27th Circuit,,DEM,Ronald Thompson,14705
Totals,,District Attorney 27th Circuit,,NON,Write-ins,7
Totals,,District Attorney 28th Circuit,,REP,David Whetstone,27484
Totals,,District Attorney 28th Circuit,,NON,Write-ins,1
Totals,,District Attorney 29th Circuit,,DEM,Robert Rumsey,14392
Totals,,District Attorney 29th Circuit,,NON,Write-ins,3
Totals,,District Attorney 30th Circuit,,DEM,W. Van Davis,21656
Totals,,District Attorney 31st Circuit,,DEM,Gary Alverson,17364
Totals,,District Attorney 31st Circuit,,NON,Write-ins,219
Totals,,District Attorney 32nd Circuit,,DEM,Len Brooks,20887
Totals,,District Attorney 32nd Circuit,,NON,Write-ins,143
Totals,,District Attorney 33rd Circuit,,DEM,David C. Emery,12294
Totals,,District Attorney 33rd Circuit,,NON,Write-ins,5
Totals,,District Attorney 34th Circuit,,DEM,Chris Hargett,8656
Totals,,District Attorney 35th Circuit,,DEM,Tommy Chapman,7365
Totals,,District Attorney 36th Circuit,,DEM,Tim Littrell,9518
Totals,,District Attorney 37th Circuit,,DEM,Ronald L. Myers,17276
Totals,,District Attorney 38th Circuit,,DEM,Dwight Duke,11173
Totals,,District Attorney 38th Circuit,,NON,Write-ins,2
Totals,,District Attorney 39th Circuit,,DEM,James H. Fry,14920
Totals,,District Attorney 39th Circuit,,NON,Write-ins,223
Totals,,District Attorney 40th Circuit,,DEM,Fred Thompson,5975
Totals,,District Attorney 40th Circuit,,NON,Write-ins,31
Totals,,"District Court Judge, Bullock",,DEM,Mike Emfinger,3739
Totals,,"District Court Judge, Pl 3, Calhoun",,DEM,Larry F. Warren,19113
Totals,,"District Court Judge, Pl 3, Calhoun",,REP,Greg Norton,17559
Totals,,"District Court Judge, Chilton",,DEM,Bill Speaks,10423
Totals,,"District Court Judge, Clarke",,DEM,Harold L. Crow,6471
Totals,,"District Court Judge, Choctaw",,DEM,Pedro Scurlock,4759
Totals,,"District Court Judge, Colbert",,DEM,George E. Carpenter,17362
Totals,,"District Court Judge, Colbert",,NON,Write-ins,177
Totals,,"District Court Judge, Covington",,DEM,Frank McGuire,6745
Totals,,"District Court Judge, Cullman",,DEM,Kim Chaney,21056
Totals,,"District Court Judge, Cullman",,NON,Write-ins,149
Totals,,"District Court Judge, Dale Pl 1",,DEM,William Matthews,8461
Totals,,"District Court Judge, Dale Pl 1",,NON,Write-ins,5
Totals,,"District Court Judge, Dale Pl 2",,DEM,Fred Steagall,8426
Totals,,"District Court Judge, Dale Pl 2",,NON,Write-ins,5
Totals,,"District Court Judge, Dallas",,DEM,Nathaniel Walker,14466
Totals,,"District Court Judge, Escambia",,DEM,Gordon Batson,5793
Totals,,"District Court Judge, Geneva",,DEM,Charles W. Fleming,5490
Totals,,"District Court Judge, Geneva",,REP,Al Danner,3930
Totals,,"District Court Judge, Greene",,DEM,Richard L. Osborne,4064
Totals,,"District Court Judge, Jackson",,DEM,Ralph H. Grider,11407
Totals,,"District Court Judge, Jackson",,NON,Write-ins,1
Totals,,"District Court Judge, Jefferson, Pl 1",,DEM,"John Alsbrooks, Jr.",183959
Totals,,"District Court Judge, Jefferson, Pl 1",,NON,Write-ins,2336
Totals,,"District Court Judge, Jefferson Pl 2",,DEM,Pete Johnson,184179
Totals,,"District Court Judge, Jefferson Pl 2",,NON,Write-ins,2284
Totals,,"District Court Judge, Jefferson, Pl 5",,DEM,Gerald S. Topazi,183577
Totals,,"District Court Judge, Jefferson, Pl 5",,NON,Write-ins,2315
Totals,,"District Court Judge, Jefferson, Pl 10",,DEM,"Ralph E. Coleman, Jr.",183608
Totals,,"District Court Judge, Jefferson, Pl 10",,NON,Write-ins,2240
Totals,,"District Court Judge, Lauderdale",,DEM,Deborah Bell Paseur,25590
Totals,,"District Court Judge, Lauderdale",,NON,Write-ins,291
Totals,,"District Court Judge, Lee",,DEM,Mike Nix,17309
Totals,,"District Court Judge, Limestone",,DEM,Jeanne Anderson,14728
Totals,,"District Court Judge, Limestone",,NON,Write-ins,151
Totals,,"District Court Judge, Marion",,DEM,Jimmy Cashion,9512
Totals,,"District Court Judge, Marshall",,DEM,Rim Riley,14917
Totals,,"District Court Judge, Marshall",,NON,Write-ins,6
Totals,,"District Court Judge, Mobile Pl 1",,DEM,Lionel Layden,79163
Totals,,"District Court Judge, Mobile Pl 1",,NON,Write-ins,45
Totals,,"District Court Judge Mobile, Pl 2",,DEM,Mike McMaken,79763
Totals,,"District Court Judge Mobile, Pl 2",,NON,Write-ins,33
Totals,,"District Court Judge, Pickens",,DEM,Tom Woodard,6354
Totals,,"District Court Judge, Pickens",,NON,Write-ins,116
Totals,,"District Court Judge, Russell, Pl 2",,LIB,Albert Johnson,9733
Totals,,"District Court Judge, Russell, Pl 2",,NON,Write-ins,2
Totals,,"District Court Judge, Shelby, Pl 1",,DEM,Patricia M. Smith,38291
Totals,,"District Court Judge, Sumter",,DEM,"Eddie Hardaway, Jr.",5975
Totals,,"District Court Judge, Tuscaloosa, Pl 1",,DEM,Jim Gtuin,42363
Totals,,"District Court Judge, Tuscaloosa, Pl 1",,NON,Write-ins,285
Totals,,"District Court Judge, Tuscaloosa, Pl 2",,DEM,Joel Chandler,42154
Totals,,"District Court Judge, Tuscaloosa, Pl 2",,NON,Write-ins,409
Totals,,"District Court Judge, Wilcox",,DEM,Jo Celeste Pettway,3766
Totals,,"District Court Judge, Wilcox",,NON,Write-ins,11
Totals,,Statewide Constitutional Amendments - Act # 91-219,,,Statwide Amendment #1 Yes,910167
Totals,,Statewide Constitutional Amendments - Act # 91-219,,,Statwide Amedment #1 No,177918
Totals,,Statewide Constitutional Amendments - Act #92-207,,,Statwide Amendment #2 Yes,689136
Totals,,Statewide Constitutional Amendments - Act #92-207,,,Statwide Amendment #2 No,171096
Certified,,Circuit Court Judge 4th Judicial Circuit,,DEM,Jack W. Meigs,31378
Certified,,Circuit Court Judge 4th Judicial Circuit,,NON,Write-ins,2
Certified,,"Circuit Court Judge 5th Judicial Circuit, Pl 1",,DEM,Lewis Hamner,28396
Certified,,"Circuit Court Judge 5th Judicial Circuit, Pl 1",,NON,Write-ins,155
Certified,,"Circuit Court Judge 6th Judicial Circuit, Pl 1",,DEM,Steve Wilson,42455
Certified,,"Circuit Court Judge 6th Judicial Circuit, Pl 1",,NON,Write-ins,362
Certified,,"Circuit Court Judge 6th Judicial Circuit, Pl 4",,DEM,Julia Lampkin Asam,15017
Certified,,"Circuit Court Judge 6th Judicial Circuit, Pl 4",,REP,Bernard Harwood,40606
Certified,,"Circuit Court Judge 6th Judicial Circuit, Pl 4",,NON,Write-ins,64
Certified,,"Circuit Court Judge 6th Judicial Circuit, Pl 5",,DEM,"Gay Lake, Jr.",44397
Certified,,"Circuit Court Judge 6th Judicial Circuit, Pl 5",,NON,Write-ins,591
Certified,,"Circuit Court Judge 7th Judicial Circuit, Pl 3",,DEM,Joel Laird,22380
Certified,,"Circuit Court Judge 10th Judicial Circuit, Pl 3",,DEM,Carole Smitherman,137944
Certified,,"Circuit Court Judge 10th Judicial Circuit, Pl 3",,REP,Alfred Bahakel,148701
Certified,,"Circuit Court Judge 10th Judicial Circuit, Pl 3",,NON,Write-ins,280
Certified,,"Circuit Court Judge 10th Judicial Circuit, Pl 12",,DEM,Roger Halcomb,189222
Certified,,"Circuit Court Judge 10th Judicial Circuit, Pl 12",,NON,Write-ins,3082
Certified,,"Circuit Court Judge 10th Judicial Circuit, Pl9",,DEM,Dan Reynolds,189902
Certified,,"Circuit Court Judge 10th Judicial Circuit, Pl9",,NON,Write-ins,2597
Certified,,"Circuit Court Judge 10th Judicial Circuit, Pl 20",,DEM,"W.C. Zanaty, Jr.",188138
Certified,,"Circuit Court Judge 10th Judicial Circuit, Pl 20",,NON,Write-ins,2663
Certified,,"Circuit Court Judge 10th Judicial Circuit, Pl. 21",,DEM,"Art Hanes, Jr.",189807
Certified,,"Circuit Court Judge 10th Judicial Circuit, Pl. 21",,NON,Write-ins,2587
Certified,,"Circuit Court Judge 10th Judicial Circuit, Pl 22",,DEM,Wayne Thorn,186195
Certified,,"Circuit Court Judge 10th Judicial Circuit, Pl 22",,NON,Write-ins,2460
Certified,,"Circuit Court Judge 10th Judicial Circuit, Pl 23",,DEM,Gary Pate,143354
Certified,,"Circuit Court Judge 10th Judicial Circuit, Pl 23",,REP,Gloria Bahakel,140232
Certified,,"Circuit Court Judge 10th Judicial Circuit, Pl 23",,NON,Write-ins,441
Certified,,Circuit Court Judge 10th Judicial Circuit Pl 24,,DEM,"J. Richmond Pearson,",184688
Certified,,Circuit Court Judge 10th Judicial Circuit Pl 24,,NON,Write-ins,2944
Certified,,"Circuit Court Judge 11th Judicial Circuit, Pl 1",,DEM,Larry Mack Smith,19384
Certified,,"Circuit Court Judge 11th Judicial Circuit, Pl 1",,REP,Frank Long,13177
Certified,,"Circuit Court Judge 11th Judicial Circuit, Pl 1",,NON,Write-ins,24
Certified,,"Circuit Court Judge 11th Judicial Circuit, Pl 3",,DEM,Ned M. Suttle,25176
Certified,,"Circuit Court Judge 11th Judicial Circuit, Pl 3",,NON,Write-ins,296
Certified,,"Circuit Court Judge 12th Judicial Circuit, Pl 2",,DEM,Robert W. Barr,12814
Certified,,"Circuit Court Judge 12th Judicial Circuit, Pl 2",,REP,John B. Crawley,11332
Certified,,"Circuit Court Judge 12th Judicial Circuit, Pl 3",,DEM,Gary L. McAliley,15008
Certified,,"Circuit Court Judge 12th Judicial Circuit, Pl 3",,NON,Write-ins,3
Certified,,"Circuit Court Judge13th Judicial Circuit, Pl 7",,DEM,Robert G. Kendall,79033
Certified,,"Circuit Court Judge13th Judicial Circuit, Pl 7",,NON,Write-ins,43
Certified,,"Circuit Court Judge 15 Judicial Circuit, Pl 1",,DEM,William Gordon,50717
Certified,,"Circuit Court Judge 15 Judicial Circuit, Pl 1",,NON,Write-ins,19
Certified,,"Circuit Court Judge 15th Judicial Circuit, Pl 7",,DEM,Richard H. Dorrough,50069
Certified,,"Circuit Court Judge 15th Judicial Circuit, Pl 7",,NON,Write-ins,22
Certified,,"Circuit Court Judge 18th Judicial Circuit, Pl 1",,REP,Oliver Head,37575
Certified,,"Circuit Court Judge 18th Judicial Circuit, Pl 3",,REP,Mike Joiner,37876
Certified,,Circuit Court Judge 19th Judicial Circuit,,DEM,Sibley Reynolds,29355
Certified,,Circuit Court Judge 19th Judicial Circuit,,NON,Write-ins,16
Certified,,"Circuit Court Judge, 21st Judicial Circuit",,DEM,Brad Byrne,5881
Certified,,"Circuit Court Judge 22nd Judicial Circuit, Pl 2",,DEM,Ashley McKathan,5935
Certified,,"Circuit Court Judge 23rd Judicial Circuit, Pl 2",,DEM,"Daniel Banks, Jr.",72117
Certified,,Circuit Court Judge 26th Judicial Circuit,,DEM,Wayne T. Johnson,9895
Certified,,Circuit Court Judge 26th Judicial Circuit,,NON,Write-ins,1
Certified,,Circuit Court Judge 27th Judicial Circuit,,DEM,William D. Jetton,14218
Certified,,Circuit Court Judge 27th Judicial Circuit,,NON,Write-ins,83
Certified,,Circuit Court Judge 28th Judicial Circuit,,DEM,"Tom Norton, Jr.",17448
Certified,,Circuit Court Judge 28th Judicial Circuit,,REP,Pamela Willis Baschab,25632
Certified,,"Circuit Court Judge 30th Judicial Circuit, Pl. 2",,DEM,Bill Trussell,15695
Certified,,"Circuit Court Judge 30th Judicial Circuit, Pl. 2",,REP,William E. Hereford,20280
Certified,,"Circuit Court Judge 37th Judicial Circuit, Pl 2",,DEM,Robert M. Harper,17020
Certified,,"Circuit Court Judge 39th Judicial Circuit, Pl 1",,DEM,Henry W. Blizzard,15277
Certified,,"Circuit Court Judge 39th Judicial Circuit, Pl 1",,NON,Write-ins,18
Certified,,"Circuit Court Judge 39th Judicial Circuit, Pl 2",,DEM,George T. Craig,15193
Certified,,"Circuit Court Judge 39th Judicial Circuit, Pl 2",,NON,Write-ins,182
Certified,,District Attorney 1st Circuit,,DEM,Bobby Keahey,17475
Certified,,District Attorney 1st Circuit,,NON,Write-ins,4
Certified,,District Attorney 2nd Circuit,,DEM,Van C. Gholston,11459
Certified,,District Attorney 2nd Circuit,,NON,Write-ins,2
Certified,,District Attorney 3rd Circuit,,DEM,Boyd Whigham,10189
Certified,,District Attorney 3rd Circuit,,NON,Write-ins,7
Certified,,District Attorney 4th Circuit,,DEM,Roy L. Johnson,31814
Certified,,District Attorney 4th Circuit,,NON,Write-ins,7
Certified,,District Attorney 5th Circuit,,DEM,Rea Clark,28995
Certified,,District Attorney 5th Circuit,,NON,Write-ins,109
Certified,,District Attorney 6th Circuit,,DEM,Charley Freeman,43368
Certified,,District Attorney 6th Circuit,,NON,Write-ins,390
Certified,,District Attorney 7th Circuit,,DEM,Joseph D. Hubbard,24999
Certified,,District Attorney 7th Circuit,,NON,Write-ins,2
Certified,,District Attorney 8th Circuit,,DEM,Bob Burrell,23354
Certified,,District Attorney 8th Circuit,,REP,"William A. Catoe, Jr.",18438
Certified,,District Attorney 8th Circuit,,NON,Write-ins,6
Certified,,District Attorney 9th Circuit,,DEM,Richard Igou,17007
Certified,,District Attorney 9th Circuit,,NON,Write-ins,8
Certified,,District Attorney 10th Circuit,,DEM,David Barber,195224
Certified,,District Attorney 10th Circuit,,NON,Write-ins,2329
Certified,,District Attorney 11th Circuit,,DEM,Steve Graham,25405
Certified,,District Attorney 11th Circuit,,NON,Write-ins,304
Certified,,District Attorney 12th Circuit,,DEM,Joel M. Folmar,14819
Certified,,District Attorney 12th Circuit,,NON,Write-ins,1
Certified,,District Attorney 13th Circuit,,DEM,Chris Galanos,84817
Certified,,District Attorney 13th Circuit,,NON,Write-ins,156
Certified,,District Attorney 14th Circuit,,DEM,Charles D. Baker,22473
Certified,,District Attorney 15th Circuit,,DEM,Ellen Brooks,46392
Certified,,District Attorney 15th Circuit,,REP,Slbert Sim Butler,35309
Certified,,District Attorney 15th Circuit,,NON,Write-ins,17
Certified,,District Attorney 16th Circuit,,DEM,"James Hedgspeth, Jr.",26450
Certified,,District Attorney 16th Circuit,,IND,Myron allenstein,10917
Certified,,District Attorney 17th Circuit,,DEM,Barrown Lankster,12876
Certified,,District Attorney 17th Circuit,,IND,"Tom Boggs, Jr.",9362
Certified,,District Attorney 18th Circuit,,REP,Robert Owens,37460
Certified,,District Attorney 19th Circuit,,DEM,Janice Clardy,31505
Certified,,District Attorney 19th Circuit,,NON,Write-ins,22
Certified,,District Attorney 20th Circuit,,DEM,Doug Valeska,25070
Certified,,District Attorney 20th Circuit,,NON,Write-ins,3
Certified,,District Attorney 21st Circuit,,DEM,Michael Godwin,5611
Certified,,District Attorney 22nd Circuit,,DEM,Eugenia Loggins,6587
Certified,,District Attorney 23rd Circuit,,DEM,Tim Morgan,57357
Certified,,District Attorney 23rd Circuit,,REP,Mo Brooks,48385
Certified,,District Attorney 24th Circuit,,DEM,P.M. Johnston,16866
Certified,,District Attorney 24th Circuit,,NON,Write-ins,126
Certified,,District Attorney 25th Circuit,,DEM,Al Tidwell,14804
Certified,,District Attorney 26th Circuit,,DEM,Kenneth Davis,9806
Certified,,District Attorney 26th Circuit,,NON,Write-ins,1
Certified,,District Attorney 27th Circuit,,DEM,Ronald Thompson,14705
Certified,,District Attorney 27th Circuit,,NON,Write-ins,7
Certified,,District Attorney 28th Circuit,,REP,David Whetstone,27484
Certified,,District Attorney 28th Circuit,,NON,Write-ins,1
Certified,,District Attorney 29th Circuit,,DEM,Robert Rumsey,14392
Certified,,District Attorney 29th Circuit,,NON,Write-ins,3
Certified,,District Attorney 30th Circuit,,DEM,W. Van Davis,21656
Certified,,District Attorney 31st Circuit,,DEM,Gary Alverson,17364
Certified,,District Attorney 31st Circuit,,NON,Write-ins,219
Certified,,District Attorney 32nd Circuit,,DEM,Len Brooks,20887
Certified,,District Attorney 32nd Circuit,,NON,Write-ins,143
Certified,,District Attorney 33rd Circuit,,DEM,David C. Emery,12294
Certified,,District Attorney 33rd Circuit,,NON,Write-ins,5
Certified,,District Attorney 34th Circuit,,DEM,Chris Hargett,8656
Certified,,District Attorney 35th Circuit,,DEM,Tommy Chapman,7365
Certified,,District Attorney 36th Circuit,,DEM,Tim Littrell,9518
Certified,,District Attorney 37th Circuit,,DEM,Ronald L. Myers,17276
Certified,,District Attorney 38th Circuit,,DEM,Dwight Duke,11173
Certified,,District Attorney 38th Circuit,,NON,Write-ins,2
Certified,,District Attorney 39th Circuit,,DEM,James H. Fry,14920
Certified,,District Attorney 39th Circuit,,NON,Write-ins,223
Certified,,District Attorney 40th Circuit,,DEM,Fred Thompson,5975
Certified,,District Attorney 40th Circuit,,NON,Write-ins,31
Certified,,"District Court Judge, Bullock",,DEM,Mike Emfinger,3739
Certified,,"District Court Judge, Pl 3, Calhoun",,DEM,Larry F. Warren,19113
Certified,,"District Court Judge, Pl 3, Calhoun",,REP,Greg Norton,17559
Certified,,"District Court Judge, Chilton",,DEM,Bill Speaks,10423
Certified,,"District Court Judge, Clarke",,DEM,Harold L. Crow,6471
Certified,,"District Court Judge, Choctaw",,DEM,Pedro Scurlock,4759
Certified,,"District Court Judge, Colbert",,DEM,George E. Carpenter,17362
Certified,,"District Court Judge, Colbert",,NON,Write-ins,177
Certified,,"District Court Judge, Covington",,DEM,Frank McGuire,6745
Certified,,"District Court Judge, Cullman",,DEM,Kim Chaney,21056
Certified,,"District Court Judge, Cullman",,NON,Write-ins,149
Certified,,"District Court Judge, Dale Pl 1",,DEM,William Matthews,8461
Certified,,"District Court Judge, Dale Pl 1",,NON,Write-ins,5
Certified,,"District Court Judge, Dale Pl 2",,DEM,Fred Steagall,8426
Certified,,"District Court Judge, Dale Pl 2",,NON,Write-ins,5
Certified,,"District Court Judge, Dallas",,DEM,Nathaniel Walker,14466
Certified,,"District Court Judge, Escambia",,DEM,Gordon Batson,5793
Certified,,"District Court Judge, Geneva",,DEM,Charles W. Fleming,5490
Certified,,"District Court Judge, Geneva",,REP,Al Danner,3930
Certified,,"District Court Judge, Greene",,DEM,Richard L. Osborne,4064
Certified,,"District Court Judge, Jackson",,DEM,Ralph H. Grider,11407
Certified,,"District Court Judge, Jackson",,NON,Write-ins,1
Certified,,"District Court Judge, Jefferson, Pl 1",,DEM,"John Alsbrooks, Jr.",183959
Certified,,"District Court Judge, Jefferson, Pl 1",,NON,Write-ins,2336
Certified,,"District Court Judge, Jefferson Pl 2",,DEM,Pete Johnson,184179
Certified,,"District Court Judge, Jefferson Pl 2",,NON,Write-ins,2284
Certified,,"District Court Judge, Jefferson, Pl 5",,DEM,Gerald S. Topazi,183577
Certified,,"District Court Judge, Jefferson, Pl 5",,NON,Write-ins,2315
Certified,,"District Court Judge, Jefferson, Pl 10",,DEM,"Ralph E. Coleman, Jr.",183608
Certified,,"District Court Judge, Jefferson, Pl 10",,NON,Write-ins,2240
Certified,,"District Court Judge, Lauderdale",,DEM,Deborah Bell Paseur,25590
Certified,,"District Court Judge, Lauderdale",,NON,Write-ins,291
Certified,,"District Court Judge, Lee",,DEM,Mike Nix,17309
Certified,,"District Court Judge, Limestone",,DEM,Jeanne Anderson,14728
Certified,,"District Court Judge, Limestone",,NON,Write-ins,151
Certified,,"District Court Judge, Marion",,DEM,Jimmy Cashion,9512
Certified,,"District Court Judge, Marshall",,DEM,Rim Riley,14917
Certified,,"District Court Judge, Marshall",,NON,Write-ins,6
Certified,,"District Court Judge, Mobile Pl 1",,DEM,Lionel Layden,79163
Certified,,"District Court Judge, Mobile Pl 1",,NON,Write-ins,45
Certified,,"District Court Judge Mobile, Pl 2",,DEM,Mike McMaken,79763
Certified,,"District Court Judge Mobile, Pl 2",,NON,Write-ins,33
Certified,,"District Court Judge, Pickens",,DEM,Tom Woodard,6354
Certified,,"District Court Judge, Pickens",,NON,Write-ins,116
Certified,,"District Court Judge, Russell, Pl 2",,LIB,Albert Johnson,9733
Certified,,"District Court Judge, Russell, Pl 2",,NON,Write-ins,2
Certified,,"District Court Judge, Shelby, Pl 1",,DEM,Patricia M. Smith,38291
Certified,,"District Court Judge, Sumter",,DEM,"Eddie Hardaway, Jr.",5975
Certified,,"District Court Judge, Tuscaloosa, Pl 1",,DEM,Jim Gtuin,42363
Certified,,"District Court Judge, Tuscaloosa, Pl 1",,NON,Write-ins,285
Certified,,"District Court Judge, Tuscaloosa, Pl 2",,DEM,Joel Chandler,42154
Certified,,"District Court Judge, Tuscaloosa, Pl 2",,NON,Write-ins,409
Certified,,"District Court Judge, Wilcox",,DEM,Jo Celeste Pettway,3766
Certified,,"District Court Judge, Wilcox",,NON,Write-ins,11
Certified,,Statewide Constitutional Amendments - Act # 91-219,,,Statwide Amendment #1 Yes,910167
Certified,,Statewide Constitutional Amendments - Act # 91-219,,,Statwide Amedment #1 No,177918
Certified,,Statewide Constitutional Amendments - Act #92-207,,,Statwide Amendment #2 Yes,689136
Certified,,Statewide Constitutional Amendments - Act #92-207,,,Statwide Amendment #2 No,171096
