GENERAL ELECTION RESULTS,Unnamed: 1,Unnamed: 2,Unnamed: 3,Unnamed: 4,Unnamed: 5,Unnamed: 6,Unnamed: 7,Unnamed: 8,Unnamed: 9,Unnamed: 10,Unnamed: 11,Unnamed: 12,Unnamed: 13,Unnamed: 14,Unnamed: 15,Unnamed: 16,Unnamed: 17,Unnamed: 18,Unnamed: 19,Unnamed: 20,Unnamed: 21,Unnamed: 22,Unnamed: 23,Unnamed: 24,Unnamed: 25,Unnamed: 26,Unnamed: 27,Unnamed: 28,Unnamed: 29,Unnamed: 30,Unnamed: 31,Unnamed: 32,Unnamed: 33,Unnamed: 34,Unnamed: 35,Unnamed: 36,Unnamed: 37,Unnamed: 38,Unnamed: 39,Unnamed: 40,Unnamed: 41,Unnamed: 42,Unnamed: 43,Unnamed: 44,Unnamed: 45,Unnamed: 46,Unnamed: 47,Unnamed: 48,Unnamed: 49,Unnamed: 50,Unnamed: 51,Unnamed: 52,Unnamed: 53,Unnamed: 54,Unnamed: 55,Unnamed: 56,Unnamed: 57,Unnamed: 58,Unnamed: 59,Unnamed: 60,Unnamed: 61,Unnamed: 62,Unnamed: 63,Unnamed: 64,Unnamed: 65,Unnamed: 66,Unnamed: 67,Unnamed: 68,Unnamed: 69,Unnamed: 70
"NOVEMBER 5, 2002",,,,,,,,,,,,,,,,,,,,,,,,,,,,,,,,,,,,,,,,,,,,,,,,,,,,,,,,,,,,,,,,,,,,,,
(AS REPORTED TO THE OFFICE OF THE ALABAMA SECRETARY OF STATE),,,,,,,,,,,,,,,,,,,,,,,,,,,,,,,,,,,,,,,,,,,,,,,,,,,,,,,,,,,,,,,,,,,,,,
,,,,,,,,,,,,,,,,,,,,,,,,,,,,,,,,,,,,,,,,,,,,,,,,,,,,,,,,,,,,,,,,,,,,,,
OFFICE,PARTY CODE,CANDIDATE,STATE TOTAL,COUNTY,,,,,,,,,,,,,,,,,,,,,,,,,,,,,,,,,,,,,,,,,,,,,,,,,,,,,,,,,,,,,,,,,,
,,,STATE TOTAL,Autauga,Baldwin,Barbour,Bibb,Blount,Bullock,Butler,Calhoun,Chambers,Cherokee,Chilton,Choctaw,Clarke,Clay,Cleburne,Coffee,Colbert,Conecuh,Coosa,Covington,Crenshaw,Cullman,Dale,Dallas,DeKalb,Elmore,Escambia,Etowah,Fayette,Franklin,Geneva,Greene,Hale,Henry,Houston,Jackson,Jefferson,Lamar,Lauderdale,Lawrence,Lee,Limestone,Lowndes,Macon,Madison,Marengo,Marion,Marshall,Mobile,Monroe,Montgomery,Morgan,Perry ,Pickens,Pike,Randolph,Russell,Shelby,St. Clair,Sumter,Talladega,Tallapoosa,Tuscaloosa,Walker,Washington,Wilcox,Winston
GOVERNOR,DEM,"Siegelman, Don",669105,5137,12736,4858,3178,6393,2825,3354,17718,4767,3500,5679,2780,4245,2094,2172,5839,9783,2638,2521,4931,1931,10974,5106,10285,8547,6830,3972,17942,3858,4688,2958,3576,4407,2684,9018,7007,119918,2908,13054,6192,11772,9499,4084,5987,43431,4909,5303,10426,50782,3755,37109,15983,3613,3923,3846,3302,6696,14964,8026,3868,12534,6558,23970,11857,3323,3284,3298
GOVERNOR,LIB,"Sophocleus, John P.",23272,281,937,94,76,369,49,93,448,120,99,197,37,67,69,89,211,248,60,69,144,82,761,142,109,330,510,90,539,132,127,123,20,32,60,231,224,3152,71,534,188,826,410,40,76,2579,48,164,546,2012,63,1113,824,9,58,110,100,90,925,316,35,222,213,687,367,75,22,128
GOVERNOR,REP,"Riley, Bob",672225,9345,31052,3183,3091,8866,1051,3376,15190,4837,2489,7787,2287,4563,3176,2680,6846,7069,2276,1812,6362,2386,14049,6717,5663,9502,13834,4776,13371,3368,3708,4751,666,1945,2750,16183,5216,92079,2826,12586,4100,16515,10744,1347,919,43463,2938,4770,12508,56577,4372,32254,19461,1335,2719,4357,4210,3944,33536,11443,1176,9457,7929,21108,8595,2814,1302,4618
GOVERNOR,WI,WRITE-IN,2451,37,119,18,0,49,0,15,62,0,8,35,0,20,11,16,24,36,12,4,22,10,75,41,25,11,46,31,102,22,22,25,4,7,5,60,28,300,0,85,27,0,55,9,4,267,11,25,63,66,25,28,0,6,9,23,0,24,143,50,5,37,35,77,28,16,6,25
LIEUTENANT GOVERNOR,DEM,"Baxley, Lucy",694442,6388,13722,5294,3094,6074,2595,3951,17836,5597,3532,5353,2922,4244,2639,2363,6943,10154,3342,2707,6298,2562,11471,6086,10607,8201,8675,4470,17510,4206,4893,4018,3486,4548,3330,12512,7251,115967,3163,13923,6610,13706,10428,4047,6057,45251,4863,5529,11062,49282,4227,39849,17166,3739,3887,4846,3860,6604,13572,7664,3868,12551,8016,24042,11527,3642,3306,3314
LIEUTENANT GOVERNOR,LIB,"Adams, Lyn Curtis",21884,185,972,142,85,329,63,75,559,144,127,170,42,54,79,125,221,246,48,78,134,58,559,214,179,258,369,103,513,124,105,118,24,65,72,293,219,2859,74,485,172,663,350,61,91,2154,54,139,473,2250,81,886,631,27,76,98,132,180,693,335,49,306,199,630,340,73,33,139
LIEUTENANT GOVERNOR,REP,"Armistead, Bill",630839,8097,29802,2505,3129,9094,784,2713,14567,3819,2367,8079,2013,4458,2473,2234,5633,6592,1480,1546,4856,1721,13676,5591,5090,8678,12035,4177,13647,2887,3386,3619,633,1654,2007,12546,4847,95557,2470,11617,3617,14433,9720,1111,747,41405,2884,4443,11728,53863,3800,27516,18301,1134,2672,3326,3240,3708,35167,11700,1077,9173,6309,20801,8861,2371,1179,4474
LIEUTENANT GOVERNOR,WI,WRITE-IN,1873,35,118,20,0,37,0,18,62,0,16,28,0,32,3,20,31,37,15,10,20,10,69,27,38,1,50,25,82,25,24,26,0,11,8,64,28,80,0,46,18,0,60,4,15,155,17,38,56,27,18,7,0,11,1,15,0,33,86,47,3,46,30,14,8,15,5,28
UNITED STATES SENATOR,DEM,"Parker, Susan",538878,3819,9525,3793,2553,4027,2372,2833,12784,4313,2754,4074,2399,3640,1791,1656,3664,8446,2345,2050,3149,1585,8638,3219,9185,6023,5198,3135,12999,3104,3952,1654,3277,3909,1885,6132,5772,101555,2477,11669,5793,10832,8508,3361,5542,32476,4074,4265,7018,40454,3058,31465,14903,3455,3300,3090,2916,5976,10215,5454,3667,9915,5288,19320,9379,2647,2928,2224
UNITED STATES SENATOR,LIB,"Allen, Jeff",20234,199,848,114,77,281,47,75,568,139,109,225,47,56,87,151,190,236,85,81,180,49,464,152,175,298,334,102,651,144,102,126,41,94,93,291,236,2541,85,347,142,574,277,62,94,1631,67,160,532,1809,90,781,523,28,96,102,128,164,618,347,47,302,206,740,311,84,38,161
UNITED STATES SENATOR,REP,"Sessions, Jeff",792561,10687,34327,4057,3667,11249,1141,3845,19680,5114,3164,9278,2585,5079,3329,2931,9018,8377,2442,2205,8011,2722,16734,8557,6520,11006,15605,5556,18105,3998,4422,6014,836,2276,3449,18898,6319,110491,3138,14183,4542,17577,11873,1740,1261,55229,3663,5760,15802,64135,4972,35760,20958,1417,3254,5093,4261,4382,38614,13914,1290,11859,9048,25483,11079,3412,1572,5596
UNITED STATES SENATOR,WI,WRITE-IN,1350,23,58,8,0,31,0,16,54,0,12,29,0,7,5,13,21,30,10,8,15,8,42,26,24,4,31,16,57,17,16,18,2,4,5,44,26,101,0,31,14,0,29,6,8,111,14,21,36,13,12,21,0,3,2,10,0,18,69,28,8,35,26,15,7,17,3,12
ATTORNEY GENERAL,DEM,"Whigham, Boyd",515123,3463,9018,5217,2473,3839,2708,2754,11658,4233,2712,3771,2451,3675,1525,1544,4121,8301,2430,1981,3473,1458,7697,4010,9066,6004,4671,3210,12553,2819,3797,2156,3138,3644,2354,7128,5742,95736,2317,10355,5185,10175,7345,3154,5469,31097,3960,4046,7060,38869,3299,29418,11827,3428,3168,3449,2827,5926,8859,4947,3606,9379,4870,17823,8912,2833,2869,2121
ATTORNEY GENERAL,LIB,"Myers, Wilson",29202,264,1298,149,132,432,58,98,784,173,196,272,67,106,111,178,201,272,86,106,188,62,741,244,258,338,428,117,715,186,170,155,60,77,94,388,310,4284,116,544,204,851,455,114,126,2781,97,262,614,2486,120,989,834,58,89,93,184,251,1087,547,63,343,294,927,481,123,78,193
ATTORNEY GENERAL,REP,"Pryor, Bill",780524,10803,33888,2595,3543,10882,750,3776,19825,4930,2928,9275,2290,4778,3298,2775,8285,8168,2244,2154,7325,2720,16751,7446,6409,10257,15843,5266,17875,3938,4227,5208,881,2409,2836,17385,5926,112426,3059,14604,4771,17445,12218,1699,1235,53111,3629,5588,14903,62538,4558,36355,22674,1353,3228,4667,3876,4179,39059,13987,1285,12086,9073,25995,11009,3057,1502,5466
ATTORNEY GENERAL,WI,WRITE-IN,1455,24,78,8,0,22,1,12,71,0,13,21,0,7,7,12,20,54,11,2,15,11,38,35,14,2,31,26,30,14,13,10,5,5,9,46,21,112,0,50,15,0,39,3,6,202,9,20,50,12,18,5,0,7,0,9,0,21,54,26,4,30,27,16,7,7,3,15
"ASSOCIATE JUSTICE, SUPREME COURT",DEM,"Anderson, James H.",609490,5039,11577,4088,2973,5245,2450,3159,15377,4603,3146,5039,2579,4125,2080,1937,5031,8823,2572,2261,4162,1795,10085,4670,9686,6812,6706,3551,16129,3628,4153,2932,3364,4142,2551,9480,6179,110224,2716,11772,5668,11416,8591,3363,5670,36606,4493,4747,8455,44711,3563,36550,13985,3553,3736,3637,3243,6041,12943,6813,3766,11357,6130,23673,11011,3063,3059,2806
"ASSOCIATE JUSTICE, SUPREME COURT",LIB,"Bear, Tom",29247,289,1483,129,123,417,47,88,755,197,169,277,45,95,124,162,266,302,98,101,168,54,776,301,196,314,474,144,738,180,179,160,43,56,103,460,310,4069,103,539,213,908,495,67,96,2927,71,225,606,2294,116,943,912,29,93,113,199,227,1237,517,51,423,273,896,460,105,45,172
"ASSOCIATE JUSTICE, SUPREME COURT",REP,"See, Harold",676539,9021,30901,3347,3037,9423,903,3255,16043,4385,2473,7883,2129,4219,2742,2330,7098,7512,1981,1832,6477,2277,14265,6529,5727,9416,13481,4816,14131,3114,3762,4252,654,1867,2485,14485,5313,97208,2642,13079,4297,15922,10843,1387,984,47161,3016,4864,13459,55851,4240,28753,20296,1225,2659,4309,3364,3934,34881,12051,1101,9910,7654,20222,8864,2783,1290,4725
"ASSOCIATE JUSTICE, SUPREME COURT",WI,WRITE-IN,840,16,54,11,0,18,0,4,34,0,4,16,0,6,2,7,19,14,2,6,7,5,19,13,17,5,23,11,26,6,6,10,2,3,5,44,20,68,0,33,12,0,20,2,7,82,7,10,19,6,7,3,0,3,0,8,0,10,27,13,2,12,10,20,7,7,0,10
COURT OF CIVIL APPEALS,DEM,"Toles, Vicky Underwood",543141,3802,10503,3826,2418,4243,2259,2909,13378,4536,2928,4134,2459,3662,1748,1743,4246,8413,2404,2085,3621,1641,8526,3909,9232,6379,5478,3158,14089,2910,3932,2100,3174,3688,2121,7185,5953,100079,2425,11311,5316,11206,7669,3242,5597,34929,4084,4329,7738,40713,3278,30826,12234,3383,3257,3183,3060,5999,9834,5508,3644,9635,5486,18663,9803,2759,2878,2281
COURT OF CIVIL APPEALS,REP,"Thompson, William ""Bill"" C.",727156,10153,32281,3435,3567,10238,945,3291,17544,4527,2646,8538,2179,4396,2925,2556,7726,7880,2022,1999,6432,2257,15623,7320,6049,9385,14337,5062,15947,3583,3908,5019,801,2199,2856,16652,5464,106728,2871,12945,4342,16197,11386,1442,1049,47796,3340,5173,13522,57491,4693,32326,21482,1354,3016,4632,3548,4095,37857,13388,1244,11617,7903,24407,10020,2985,1441,5124
COURT OF CIVIL APPEALS,WI,WRITE-IN,1792,36,114,12,0,38,0,10,75,0,14,25,0,11,2,10,81,37,8,5,26,11,44,19,26,6,47,24,61,20,17,24,7,9,10,69,17,134,0,51,22,0,29,6,8,188,11,16,37,17,14,2,0,4,5,24,0,24,73,42,3,56,32,30,14,13,5,17
"COURT OF CRIMINAL APPEALS, PLACE #1",DEM,"Funderburk, Eric B.",523348,3602,8778,3790,2463,3922,2240,2794,12633,4487,2815,4119,2396,3658,1711,1668,4056,8438,2359,2108,3196,1546,8062,3722,9039,6181,5030,3089,13522,2742,3851,1893,3125,3630,2091,6871,5789,97564,2424,10899,5249,11111,7371,3124,5513,32744,3967,4266,7212,38391,3160,29391,11752,3355,3303,3171,2945,6804,9246,5290,3625,9639,5471,17896,9387,2718,2880,2064
"COURT OF CRIMINAL APPEALS, PLACE #1",LIB,"Allen, Troy E., Jr.",55776,713,2024,342,232,780,109,262,2034,272,346,697,127,236,269,315,620,700,224,207,521,215,1687,580,568,586,943,310,1691,506,369,457,115,257,251,941,636,6158,170,1173,556,1245,1045,185,273,4738,232,494,1463,3289,298,1803,2047,124,211,389,308,283,1637,842,85,1134,638,2024,921,336,126,407
"COURT OF CRIMINAL APPEALS, PLACE #1",REP,"McMillan, H.W. ""Bucky""",684152,9449,32081,3063,3238,9573,855,3060,15894,4214,2319,7754,2056,4051,2552,2240,7072,6864,1792,1708,6330,2029,14116,6778,5638,8877,13881,4719,14543,3112,3539,4621,711,1898,2564,15662,4842,103168,2668,11907,3712,15162,10326,1343,855,44783,3108,4659,12239,57649,4024,32102,19351,1244,2683,4106,3265,3270,36614,12695,1153,10163,7185,22884,9321,2638,1304,4876
"COURT OF CRIMINAL APPEALS, PLACE #1",WI,WRITE-IN,1284,24,71,6,0,24,0,12,39,0,13,20,0,14,5,6,23,30,12,5,18,7,59,22,15,4,34,15,40,8,6,14,5,8,9,48,20,105,0,31,13,0,28,7,9,115,20,23,28,7,10,1,0,3,3,17,0,14,54,23,4,46,18,24,19,9,6,11
"COURT OF CRIMINAL APPEALS, PLACE #2",DEM,"Cauthen, Florence Mangum",591399,4590,10189,4053,2741,4946,2321,3260,14519,4737,3068,4584,2524,3917,1898,1872,4915,9360,2567,2297,4246,2110,9818,4352,9855,6727,6434,3477,15513,3476,4311,2419,3262,3974,2336,8091,6318,105936,2616,12738,6209,11690,9018,3455,5707,38449,4312,4896,9021,41481,3518,33556,15358,3541,3551,3637,3220,6140,11452,6113,3702,10889,6173,20463,10663,3086,3053,2679
"COURT OF CRIMINAL APPEALS, PLACE #2",REP,"Baschab, Pam",653849,9009,33117,3002,3093,9018,859,2795,15397,4101,2378,7785,1972,3863,2563,2265,6672,6435,1796,1672,5466,1684,13866,6564,5261,8534,13238,4527,13831,2805,3308,4408,659,1712,2489,14977,4803,98028,2522,11018,3242,15392,9505,1157,899,42453,2910,4414,11414,55434,3976,29084,17572,1113,2505,3923,3188,3873,35435,12456,1138,9771,6922,21648,8672,2535,1233,4493
"COURT OF CRIMINAL APPEALS, PLACE #2",WI,WRITE-IN,1856,34,86,13,0,40,0,10,86,0,12,24,0,22,7,14,29,38,10,11,18,9,53,32,26,5,41,22,60,11,18,14,5,16,13,54,25,222,0,37,18,0,36,9,12,184,16,20,40,12,12,3,0,4,5,14,0,22,77,42,5,57,36,53,24,7,2,29
SECRETARY OF STATE,DEM,"Worley, Nancy L.",632852,5121,11522,4541,3061,5032,2432,3551,15509,4922,3407,5179,2800,4396,2223,2102,5542,9801,2890,2485,5139,2215,10965,4662,10137,7393,7159,3919,16419,3915,4645,2740,3345,4175,2565,8833,6860,110811,2918,13438,6607,12391,9560,3457,5824,41564,4518,5197,10101,43540,3788,34739,17466,3649,3738,3859,3508,6387,12406,6585,3764,11587,6862,22113,11570,3332,3118,2853
SECRETARY OF STATE,LIB,"Bodenhausen, Mark",25386,260,1284,121,98,335,45,85,671,136,113,239,47,69,108,114,228,254,73,88,172,61,603,219,192,249,449,108,612,145,160,132,22,54,74,341,241,3892,67,476,186,731,395,66,84,2405,76,199,572,2121,109,959,694,34,85,125,126,173,1007,446,48,376,232,798,374,108,46,174
SECRETARY OF STATE,REP,"Thomas, Dave",630863,8679,30466,2772,2870,9358,802,2716,15164,4050,2193,7394,1828,3735,2344,2153,6354,6277,1589,1553,5101,1758,13032,6434,5157,8387,12676,4276,13367,2592,3166,4358,660,1693,2363,14797,4613,94158,2392,10851,3148,14818,9464,1251,822,40824,2907,4231,11160,54181,3795,28618,16621,1092,2503,3867,3112,3694,34627,12261,1103,9310,6574,20745,7992,2360,1193,4462
SECRETARY OF STATE,WI,WRITE-IN,1179,24,62,9,0,14,0,9,65,0,6,21,0,7,4,6,13,17,5,8,22,4,42,22,20,1,46,13,33,5,13,11,3,8,5,49,14,77,0,34,24,0,32,3,6,114,9,19,25,7,8,10,0,2,1,9,0,14,55,26,1,50,19,17,16,10,2,8
STATE TREASURER,DEM,"Black, Stephen Foster",609544,4087,11040,3827,2958,5440,2385,3121,15100,4380,3258,5156,2585,3975,2339,1881,4559,10061,2519,2335,4160,1749,10754,3796,9664,7941,5545,3584,15987,3749,4756,2193,3293,4035,2110,6892,6680,112496,2710,13860,6874,10585,9882,3372,5676,39964,4311,5098,9865,43961,3455,31251,16071,3536,3624,3305,3252,5783,12733,6401,3727,11445,6109,21429,11759,3305,2861,2950
STATE TREASURER,LIB,"Garland,Gabe",30201,297,1390,161,126,433,47,96,819,181,144,327,62,108,129,210,300,318,87,101,249,82,809,293,250,308,508,140,813,230,176,232,59,80,134,518,309,3974,122,539,244,827,511,77,100,2619,90,268,675,2478,127,938,1119,31,102,138,190,206,1151,590,55,439,290,918,442,143,46,226
STATE TREASURER,REP,"Ivey, Kay",660873,9844,31226,3578,3001,8990,961,3222,15828,4593,2370,7521,2025,4229,2361,2295,7373,6053,1993,1741,6132,2256,13253,7370,5623,7994,14480,4647,13797,2804,3090,4848,694,1920,2824,16883,4734,93594,2517,10587,2900,16708,9195,1372,979,42708,3153,4381,11462,54914,4273,33350,17405,1255,2640,4538,3279,4255,34405,12340,1140,9644,7441,21601,7904,2429,1528,4423
STATE TREASURER,WI,WRITE-IN,1098,25,57,8,0,16,0,7,50,0,9,17,0,14,4,5,25,22,9,7,12,12,36,15,23,1,18,17,34,8,7,12,3,3,10,50,7,69,0,25,10,0,25,2,7,109,9,19,25,8,5,3,0,3,0,13,0,16,59,33,2,33,21,23,11,9,1,15
STATE AUDITOR,DEM,"Gibson, Carolyn",579899,4461,9976,4030,2811,4688,2363,3175,13839,4660,3178,4760,2730,3994,2015,1847,5631,9212,2642,2244,4615,1964,9364,4231,9675,7242,5796,3467,15615,3745,4327,2474,3254,3921,2330,7665,6327,106055,2758,12334,5963,11007,8315,3366,5712,35141,4325,4971,8571,40703,3369,32439,13842,3495,3528,4340,3184,6048,10662,5693,3714,10720,5965,19799,10957,3107,3038,2510
STATE AUDITOR,LIB,"Reeves, Franklin",41397,423,1648,237,198,698,76,101,1276,200,232,497,83,160,167,265,392,471,136,141,375,106,1242,408,379,544,712,202,1125,284,326,325,51,94,164,725,452,5075,177,901,415,957,832,111,166,3673,131,410,1270,2745,182,1375,1317,70,124,179,238,256,1372,731,54,761,393,1170,768,191,73,365
STATE AUDITOR,REP,"Chapman, Beth",655189,9100,31367,3123,2943,9034,855,3265,15818,4222,2206,7410,1854,3924,2455,2176,6122,6413,1761,1692,5267,1989,13514,6648,5302,7966,13670,4570,13312,2541,3138,4368,700,1915,2481,15369,4684,96028,2350,11043,3335,15733,9994,1273,831,44411,3007,4163,11463,56363,4201,30181,18743,1181,2611,3466,3181,3889,35917,12474,1138,9606,7207,22077,7977,2443,1247,4482
STATE AUDITOR,WI,WRITE-IN,1178,29,62,5,0,27,0,6,53,0,8,27,0,11,1,10,11,25,7,7,20,6,42,21,22,6,35,12,32,8,13,11,2,5,2,46,12,74,0,25,15,0,20,1,8,120,5,13,31,9,1,2,0,6,3,6,0,15,70,32,2,46,15,31,12,14,2,16
COMMISSIONER OF AG. & INDUSTRIES,DEM,"Sparks, Ron",656382,5500,12523,4470,3409,5924,2358,3799,15993,5213,3632,5898,3018,4532,2479,2135,6167,9971,3278,2683,5872,2444,12529,5083,10445,9890,7691,4324,17346,4076,5292,3089,3420,4432,2809,9730,7420,107814,3118,13810,7051,12000,10794,3546,5819,42995,4814,5814,10906,44716,4223,33908,17741,3718,4157,3995,3674,6521,12711,6910,3856,11878,7141,21707,12297,3504,3166,3204
COMMISSIONER OF AG. & INDUSTRIES,LIB,"Hulcher, Maude G.",31442,332,1527,167,134,403,48,107,960,162,134,286,53,115,144,171,245,318,88,100,192,64,652,289,238,302,509,152,693,221,126,145,48,75,118,476,253,4811,99,571,177,891,479,99,100,3267,91,223,647,2754,130,1036,841,50,94,147,164,226,1279,564,46,462,297,1048,420,128,46,208
COMMISSIONER OF AG. & INDUSTRIES,REP,"Alley, J. Lee",590350,8153,28786,2866,2471,8204,952,2403,13841,3723,1988,6569,1638,3423,2088,2016,5674,5951,1233,1320,4394,1505,11340,5917,4701,6708,12039,3763,12163,2298,2690,4039,546,1472,2081,13600,3998,93665,2155,10101,2688,14907,8022,1090,794,36904,2570,3626,10009,50780,3387,28815,15330,1010,2136,3727,2937,3445,33499,11485,999,8886,6136,20252,7156,2119,1126,4041
COMMISSIONER OF AG. & INDUSTRIES,WI,WRITE-IN,859,20,43,6,0,24,0,5,49,0,5,17,0,7,4,4,8,15,6,4,9,10,27,21,17,3,18,7,26,5,7,8,2,2,2,31,11,71,0,16,6,0,21,1,8,79,4,7,25,7,6,1,0,2,2,5,0,13,40,22,9,20,14,22,14,10,2,9
"PUBLIC SERVICE COMMISSION, PLACE #1",DEM,"Cook, Jan",674888,5638,13468,4960,3375,5780,2612,4162,16866,5615,3650,6231,3214,4937,2624,2295,6757,10081,3432,2643,6760,2850,11973,5942,10684,8088,7825,4665,17084,4106,4916,4033,3480,4662,3224,11728,7170,110777,3186,13836,6557,13272,10667,3626,5969,41698,5142,5620,10305,48554,4607,34736,15714,3843,4192,4608,3904,6608,12993,7099,3936,12360,7578,23603,12230,3829,3267,3042
"PUBLIC SERVICE COMMISSION, PLACE #1",LIB,"Clark, Dick",36639,386,1727,192,145,548,57,107,979,189,181,339,46,134,157,213,264,395,82,112,307,85,991,318,257,416,630,163,898,252,230,180,49,86,122,496,352,5228,130,721,285,940,588,90,130,3451,93,311,786,2964,129,1371,1232,42,116,158,205,215,1467,638,50,582,325,1227,586,154,39,301
"PUBLIC SERVICE COMMISSION, PLACE #1",REP,"Martin, Charles B.",581168,8116,27918,2436,2551,8289,712,2247,13584,3409,1913,6382,1466,3206,1993,1899,5381,5854,1166,1399,3969,1289,11595,5268,4549,7570,11997,3587,12465,2358,2870,3231,525,1278,1854,12221,4192,91643,2077,10209,3173,13741,8327,1114,687,38760,2381,3777,10613,48872,3111,29114,17677,916,2038,3231,2727,3440,33271,11352,915,8418,5947,18762,7000,1916,1076,4144
"PUBLIC SERVICE COMMISSION, PLACE #1",WI,WRITE-IN,949,21,51,1,0,22,0,11,35,0,6,14,0,6,6,4,7,17,4,4,11,6,33,12,19,3,39,7,30,6,7,10,2,3,4,38,14,80,0,30,6,0,21,2,5,93,3,11,37,11,3,4,0,4,2,8,0,12,55,20,3,21,16,24,5,8,0,12
"PUBLIC SERVICE COMMISSION, PLACE #2",DEM,"Pierce, Greg",526721,3301,10098,3401,2228,4064,2081,2691,12767,4206,2746,3861,2260,3665,1548,1412,3930,8568,2325,2033,3248,1354,8179,3479,8981,6442,4715,3136,13510,2630,3798,1831,3135,3545,1940,6813,5759,99694,2134,11167,5147,10724,7325,3092,5402,36103,3935,4043,7592,40785,3197,28530,11945,3335,3121,2971,2744,5717,10290,5014,3560,9414,5782,17625,9144,2649,2777,2083
"PUBLIC SERVICE COMMISSION, PLACE #2",LIB,"Abernathy, Matthew B. ""Cardy""",37262,455,1764,136,145,546,56,108,1078,173,157,315,52,113,124,157,266,325,87,94,185,73,895,302,281,389,600,154,876,203,154,156,69,111,115,598,312,5532,80,638,210,1119,624,94,149,4444,120,208,830,2910,143,1437,1140,68,113,145,161,212,1763,629,52,518,308,1124,475,110,72,210
"PUBLIC SERVICE COMMISSION, PLACE #2",REP,"Wallace, George C., Jr.",734720,10485,31439,4181,3711,10210,1150,3728,17858,4841,2861,8904,2402,4627,3188,2971,8228,7563,2253,2065,7411,2748,15635,7820,6314,9309,15304,5159,16278,3985,4180,5555,834,2411,3170,17122,5713,102703,3181,13179,4700,16110,11695,1599,1191,43789,3584,5561,13473,57285,4590,35361,21416,1411,3152,4942,4020,4396,35843,13588,1279,11629,7930,25248,10240,3171,1506,5335
"PUBLIC SERVICE COMMISSION, PLACE #2",WI,WRITE-IN,1264,26,60,3,0,19,0,14,56,0,6,35,0,13,1,9,9,24,12,7,11,14,36,10,20,0,36,11,25,15,14,6,3,5,3,28,17,200,0,38,23,0,27,7,7,96,14,16,24,14,5,3,0,4,1,17,0,12,67,36,1,32,12,24,11,9,3,13
State Board of Education District 2,DEM,"Williams, Charlotte Kirkland",74934,0,0,4760,0,0,0,0,0,4988,0,0,0,0,2087,0,5965,0,0,0,5397,0,0,5460,0,0,0,0,0,0,0,3131,0,0,3504,10281,0,0,0,0,0,12154,0,0,0,0,0,0,0,0,0,0,0,0,0,0,3388,6249,0,0,0,1540,6030,0,0,0,0,0
State Board of Education District 2,REP,"Peters, Betty ",76646,0,0,2580,0,0,0,0,0,3858,0,0,0,0,2422,0,6059,0,0,0,4749,0,0,5997,0,0,0,0,0,0,0,4230,0,0,1739,14239,0,0,0,0,0,15308,0,0,0,0,0,0,0,0,0,0,0,0,0,0,3038,3883,0,0,0,1291,7253,0,0,0,0,0
State Board of Education District 2,WI,WRITE-IN,197,0,0,10,0,0,0,0,0,0,0,0,0,0,12,0,19,0,0,0,20,0,0,18,0,0,0,0,0,0,0,18,0,0,6,34,0,0,0,0,0,0,0,0,0,0,0,0,0,0,0,0,0,0,0,0,0,21,0,0,0,9,30,0,0,0,0,0
State Board of Education District 4,DEM,"Hall, Ethel H.",109079,0,0,0,3868,0,0,0,0,0,0,0,0,0,0,0,0,0,0,0,0,0,0,0,0,0,0,0,0,0,0,0,0,4352,0,0,0,100859,0,0,0,0,0,0,0,0,0,0,0,0,0,0,0,0,0,0,0,0,0,0,0,0,0,0,0,0,0,0
State Board of Education District 4,LIB,"Wood, Amy ",17699,0,0,0,951,0,0,0,0,0,0,0,0,0,0,0,0,0,0,0,0,0,0,0,0,0,0,0,0,0,0,0,0,958,0,0,0,15790,0,0,0,0,0,0,0,0,0,0,0,0,0,0,0,0,0,0,0,0,0,0,0,0,0,0,0,0,0,0
State Board of Education District 4,WI,WRITE-IN,615,0,0,0,0,0,0,0,0,0,0,0,0,0,0,0,0,0,0,0,0,0,0,0,0,0,0,0,0,0,0,0,0,19,0,0,0,596,0,0,0,0,0,0,0,0,0,0,0,0,0,0,0,0,0,0,0,0,0,0,0,0,0,0,0,0,0,0
State Board of Education District 6,LIB,"Vines, Patsy ",30940,0,0,0,0,2766,0,0,0,0,0,0,0,0,0,0,0,0,0,0,0,0,5498,0,0,0,0,0,0,0,0,0,0,0,0,0,0,8040,0,0,0,0,0,0,0,0,0,0,4944,0,0,0,7429,0,0,0,0,0,1750,513,0,0,0,0,0,0,0,0
State Board of Education District 6,REP,"Byers, David ",126767,0,0,0,0,10046,0,0,0,0,0,0,0,0,0,0,0,0,0,0,0,0,15378,0,0,0,0,0,0,0,0,0,0,0,0,0,0,51613,0,0,0,0,0,0,0,0,0,0,13327,0,0,0,20884,0,0,0,0,0,13956,1563,0,0,0,0,0,0,0,0
State Board of Education District 6,WI,WRITE-IN,326,0,0,0,0,37,0,0,0,0,0,0,0,0,0,0,0,0,0,0,0,0,67,0,0,0,0,0,0,0,0,0,0,0,0,0,0,122,0,0,0,0,0,0,0,0,0,0,54,0,0,0,0,0,0,0,0,0,34,12,0,0,0,0,0,0,0,0
State Board of Education District 8,DEM,"Caylor, Mary Jane",93512,0,0,0,0,0,0,0,0,0,0,0,0,0,0,0,0,0,0,0,0,0,0,0,0,7808,0,0,17802,0,0,0,0,0,0,0,7365,0,0,0,0,0,10744,0,0,49793,0,0,0,0,0,0,0,0,0,0,0,0,0,0,0,0,0,0,0,0,0,0
State Board of Education District 8,REP,"Stout, Don ",71720,0,0,0,0,0,0,0,0,0,0,0,0,0,0,0,0,0,0,0,0,0,0,0,0,8686,0,0,12546,0,0,0,0,0,0,0,4643,0,0,0,0,0,8929,0,0,36916,0,0,0,0,0,0,0,0,0,0,0,0,0,0,0,0,0,0,0,0,0,0
State Board of Education District 8,WI,WRITE-IN,212,0,0,0,0,0,0,0,0,0,0,0,0,0,0,0,0,0,0,0,0,0,0,0,0,4,0,0,50,0,0,0,0,0,0,0,10,0,0,0,0,0,52,0,0,96,0,0,0,0,0,0,0,0,0,0,0,0,0,0,0,0,0,0,0,0,0,0
US House District 1,REP,"Belk, Judy McCain",67507,0,11072,0,0,0,0,0,0,0,0,0,0,1779,0,0,0,0,0,0,0,0,0,0,0,0,0,3375,0,0,0,0,0,0,0,0,0,0,0,0,0,0,0,0,0,0,0,0,0,44729,3224,0,0,0,0,0,0,0,0,0,0,0,0,0,0,3328,0,0
US House District 1,LIB,"Coffee, Dick",2957,0,887,0,0,0,0,0,0,0,0,0,0,23,0,0,0,0,0,0,0,0,0,0,0,0,0,63,0,0,0,0,0,0,0,0,0,0,0,0,0,0,0,0,0,0,0,0,0,1860,66,0,0,0,0,0,0,0,0,0,0,0,0,0,0,58,0,0
US House District 1,REP,"Bonner, Jo ",108102,0,32662,0,0,0,0,0,0,0,0,0,0,2844,0,0,0,0,0,0,0,0,0,0,0,0,0,5318,0,0,0,0,0,0,0,0,0,0,0,0,0,0,0,0,0,0,0,0,0,59806,4710,0,0,0,0,0,0,0,0,0,0,0,0,0,0,2762,0,0
US House District 1,WI,WRITE-IN,121,0,68,0,0,0,0,0,0,0,0,0,0,4,0,0,0,0,0,0,0,0,0,0,0,0,0,18,0,0,0,0,0,0,0,0,0,0,0,0,0,0,0,0,0,0,0,0,0,13,8,0,0,0,0,0,0,0,0,0,0,0,0,0,0,10,0,0
US House District 2,DEM,"Woods, Charles ",55495,3226,0,3553,0,0,2178,2583,0,0,0,0,0,0,0,0,2934,0,2301,0,2599,1292,0,2849,0,0,4260,0,0,0,0,1424,0,0,1742,5142,0,0,0,0,0,0,0,3132,0,0,0,0,0,0,0,13487,0,0,0,2793,0,0,0,0,0,0,0,0,0,0,0,0
US House District 2,LIB,"Shackelford, Floyd ",2948,273,0,141,0,0,45,68,0,0,0,0,0,0,0,0,172,0,67,0,128,61,0,149,0,0,412,0,0,0,0,108,0,0,67,351,0,0,0,0,0,0,0,86,0,0,0,0,0,0,0,690,0,0,0,130,0,0,0,0,0,0,0,0,0,0,0,0
US House District 2,REP,"Everett, Terry ",129233,10986,0,4134,0,0,1208,3999,0,0,0,0,0,0,0,0,9713,0,2355,0,8473,2917,0,8878,0,0,16206,0,0,0,0,6243,0,0,3590,19801,0,0,0,0,0,0,0,1713,0,0,0,0,0,0,0,23738,0,0,0,5279,0,0,0,0,0,0,0,0,0,0,0,0
US House District 2,WI,WRITE-IN,289,36,0,12,0,0,0,13,0,0,0,0,0,0,0,0,28,0,10,0,21,7,0,36,0,0,44,0,0,0,0,13,0,0,7,46,0,0,0,0,0,0,0,3,0,0,0,0,0,0,0,3,0,0,0,10,0,0,0,0,0,0,0,0,0,0,0,0
US House District 3,DEM,"Turnham, Joe ",87351,0,0,0,0,0,0,0,12748,5007,2894,0,0,0,1832,1581,0,0,0,1821,0,0,0,0,0,0,0,0,0,0,0,0,0,0,0,0,0,0,0,0,0,13316,0,0,5838,0,0,0,0,0,0,16364,0,0,0,0,3287,6032,0,0,0,10603,6028,0,0,0,0,0
US House District 3,LIB,"Crispin, George ",2565,0,0,0,0,0,0,0,475,102,94,0,0,0,87,100,0,0,0,52,0,0,0,0,0,0,0,0,0,0,0,0,0,0,0,0,0,0,0,0,0,489,0,0,79,0,0,0,0,0,0,331,0,0,0,0,107,163,0,0,0,276,210,0,0,0,0,0
US House District 3,REP,"Rogers, Mike ",91169,0,0,0,0,0,0,0,19932,4489,3040,0,0,0,3291,3123,0,0,0,1324,0,0,0,0,0,0,0,0,0,0,0,0,0,0,0,0,0,0,0,0,0,15241,0,0,974,0,0,0,0,0,0,12037,0,0,0,0,3964,4373,0,0,0,11135,8246,0,0,0,0,0
US House District 3,WI,WRITE-IN,138,0,0,0,0,0,0,0,48,0,9,0,0,0,3,7,0,0,0,3,0,0,0,0,0,0,0,0,0,0,0,0,0,0,0,0,0,0,0,0,0,0,0,0,5,0,0,0,0,0,0,2,0,0,0,0,0,14,0,0,0,29,18,0,0,0,0,0
US House District 4,LIB,"McLendon, Tony Hughes",20858,0,0,0,0,1557,0,0,0,0,0,0,0,0,0,0,0,0,0,0,0,0,2791,0,0,871,0,0,3817,961,943,0,0,0,0,0,0,0,601,0,0,0,0,0,0,0,0,1059,2824,0,0,0,2133,0,261,0,0,0,0,121,0,0,0,0,2323,0,0,596
US House District 4,REP,"Aderholt, Robert ",139705,0,0,0,0,12242,0,0,0,0,0,0,0,0,0,0,0,0,0,0,0,0,19811,0,0,11288,0,0,21160,5037,5378,0,0,0,0,0,0,0,3936,0,0,0,0,0,0,0,0,7435,17639,0,0,0,12198,0,2216,0,0,0,0,1030,0,0,0,0,13812,0,0,6523
US House District 4,WI,WRITE-IN,538,0,0,0,0,55,0,0,0,0,0,0,0,0,0,0,0,0,0,0,0,0,81,0,0,8,0,0,137,28,36,0,0,0,0,0,0,0,0,0,0,0,0,0,0,0,0,32,64,0,0,0,0,0,2,0,0,0,0,2,0,0,0,0,71,0,0,22
US House District 5,DEM,"Cramer, Bud ",143029,0,0,0,0,0,0,0,0,0,0,0,0,0,0,0,0,12614,0,0,0,0,0,0,0,0,0,0,0,0,0,0,0,0,0,0,9166,0,0,18752,8644,0,14797,0,0,64618,0,0,0,0,0,0,14438,0,0,0,0,0,0,0,0,0,0,0,0,0,0,0
US House District 5,LIB,"Barksdale, Alan F.",3772,0,0,0,0,0,0,0,0,0,0,0,0,0,0,0,0,273,0,0,0,0,0,0,0,0,0,0,0,0,0,0,0,0,0,0,232,0,0,452,142,0,391,0,0,1975,0,0,0,0,0,0,307,0,0,0,0,0,0,0,0,0,0,0,0,0,0,0
US House District 5,REP,"Engel, Stephen P.",48226,0,0,0,0,0,0,0,0,0,0,0,0,0,0,0,0,4098,0,0,0,0,0,0,0,0,0,0,0,0,0,0,0,0,0,0,2958,0,0,6873,1641,0,5380,0,0,22668,0,0,0,0,0,0,4608,0,0,0,0,0,0,0,0,0,0,0,0,0,0,0
US House District 5,WI,WRITE-IN,144,0,0,0,0,0,0,0,0,0,0,0,0,0,0,0,0,38,0,0,0,0,0,0,0,0,0,0,0,0,0,0,0,0,0,0,15,0,0,49,10,0,32,0,0,0,0,0,0,0,0,0,0,0,0,0,0,0,0,0,0,0,0,0,0,0,0,0
US House District 6,LIB,"McAllister, J. Holden",19639,0,0,0,747,0,0,0,0,0,0,1793,0,0,0,0,0,0,0,145,0,0,0,0,0,0,0,0,0,0,0,0,0,0,0,0,0,9789,0,0,0,0,0,0,0,0,0,0,0,0,0,0,0,0,0,0,0,0,3822,1953,0,0,0,1390,0,0,0,0
US House District 6,REP,"Bachus, Spencer ",178171,0,0,0,4195,0,0,0,0,0,0,9794,0,0,0,0,0,0,0,813,0,0,0,0,0,0,0,0,0,0,0,0,0,0,0,0,0,97235,0,0,0,0,0,0,0,0,0,0,0,0,0,0,0,0,0,0,0,0,41225,14001,0,0,0,10908,0,0,0,0
US House District 6,WI,WRITE-IN,536,0,0,0,0,0,0,0,0,0,0,43,0,0,0,0,0,0,0,4,0,0,0,0,0,0,0,0,0,0,0,0,0,0,0,0,0,309,0,0,0,0,0,0,0,0,0,0,0,0,0,0,0,0,0,0,0,0,98,52,0,0,0,30,0,0,0,0
US House District 7,DEM,"Davis, Artur ",153735,0,0,0,0,0,0,0,0,0,0,0,3599,2791,0,0,0,0,0,0,0,0,0,0,12735,0,0,0,0,0,0,0,3761,5199,0,0,0,82221,0,0,0,0,0,0,0,0,5898,0,0,0,0,0,0,4246,3068,0,0,0,0,0,4342,0,0,22373,0,0,3502,0
US House District 7,LIB,"McCay, Lauren Orth",12100,0,0,0,0,0,0,0,0,0,0,0,349,384,0,0,0,0,0,0,0,0,0,0,1647,0,0,0,0,0,0,0,135,518,0,0,0,4472,0,0,0,0,0,0,0,0,536,0,0,0,0,0,0,246,199,0,0,0,0,0,192,0,0,3090,0,0,332,0
US House District 7,WI,WRITE-IN,474,0,0,0,0,0,0,0,0,0,0,0,0,14,0,0,0,0,0,0,0,0,0,0,31,0,0,0,0,0,0,0,5,14,0,0,0,201,0,0,0,0,0,0,0,0,14,0,0,0,0,0,0,8,7,0,0,0,0,0,7,0,0,162,0,0,11,0
State Senate District 01,DEM,"Denton, Bobby ",25174,0,0,0,0,0,0,0,0,0,0,0,0,0,0,0,0,9452,0,0,0,0,0,0,0,0,0,0,0,0,0,0,0,0,0,0,0,0,0,15722,0,0,0,0,0,0,0,0,0,0,0,0,0,0,0,0,0,0,0,0,0,0,0,0,0,0,0,0
State Senate District 01,REP,"Hanson, Quinton ",14347,0,0,0,0,0,0,0,0,0,0,0,0,0,0,0,0,4082,0,0,0,0,0,0,0,0,0,0,0,0,0,0,0,0,0,0,0,0,0,10265,0,0,0,0,0,0,0,0,0,0,0,0,0,0,0,0,0,0,0,0,0,0,0,0,0,0,0,0
State Senate District 01,WI,WRITE-IN,81,0,0,0,0,0,0,0,0,0,0,0,0,0,0,0,0,39,0,0,0,0,0,0,0,0,0,0,0,0,0,0,0,0,0,0,0,0,0,42,0,0,0,0,0,0,0,0,0,0,0,0,0,0,0,0,0,0,0,0,0,0,0,0,0,0,0,0
State Senate District 02,DEM,"Butler, Tom ",23922,0,0,0,0,0,0,0,0,0,0,0,0,0,0,0,0,0,0,0,0,0,0,0,0,0,0,0,0,0,0,0,0,0,0,0,0,0,0,0,0,0,11170,0,0,12752,0,0,0,0,0,0,0,0,0,0,0,0,0,0,0,0,0,0,0,0,0,0
State Senate District 02,REP,"Andrews, Steve ",17488,0,0,0,0,0,0,0,0,0,0,0,0,0,0,0,0,0,0,0,0,0,0,0,0,0,0,0,0,0,0,0,0,0,0,0,0,0,0,0,0,0,8230,0,0,9258,0,0,0,0,0,0,0,0,0,0,0,0,0,0,0,0,0,0,0,0,0,0
State Senate District 02,WI,WRITE-IN,183,0,0,0,0,0,0,0,0,0,0,0,0,0,0,0,0,0,0,0,0,0,0,0,0,0,0,0,0,0,0,0,0,0,0,0,0,0,0,0,0,0,107,0,0,76,0,0,0,0,0,0,0,0,0,0,0,0,0,0,0,0,0,0,0,0,0,0
State Senate District 03,DEM,"Roberts, Tommy Ed",26359,0,0,0,0,0,0,0,0,0,0,0,0,0,0,0,0,0,0,0,0,0,0,0,0,0,0,0,0,0,0,0,0,0,0,0,0,0,0,0,0,0,456,0,0,2370,0,0,0,0,0,0,23533,0,0,0,0,0,0,0,0,0,0,0,0,0,0,0
State Senate District 03,REP,"Smith, Terry ",15729,0,0,0,0,0,0,0,0,0,0,0,0,0,0,0,0,0,0,0,0,0,0,0,0,0,0,0,0,0,0,0,0,0,0,0,0,0,0,0,0,0,262,0,0,3325,0,0,0,0,0,0,12142,0,0,0,0,0,0,0,0,0,0,0,0,0,0,0
State Senate District 03,WI,WRITE-IN,35,0,0,0,0,0,0,0,0,0,0,0,0,0,0,0,0,0,0,0,0,0,0,0,0,0,0,0,0,0,0,0,0,0,0,0,0,0,0,0,0,0,3,0,0,32,0,0,0,0,0,0,0,0,0,0,0,0,0,0,0,0,0,0,0,0,0,0
State Senate District 04,DEM,"Little, Zeb ",24439,0,0,0,0,0,0,0,0,0,0,0,0,0,0,0,0,0,0,0,0,0,15254,0,0,0,0,0,0,0,0,0,0,0,0,0,0,0,0,0,6991,0,0,0,0,0,0,0,0,0,0,0,0,0,0,0,0,0,0,0,0,0,0,0,0,0,0,2194
State Senate District 04,LIB,"Graves, Greg ",836,0,0,0,0,0,0,0,0,0,0,0,0,0,0,0,0,0,0,0,0,0,586,0,0,0,0,0,0,0,0,0,0,0,0,0,0,0,0,0,176,0,0,0,0,0,0,0,0,0,0,0,0,0,0,0,0,0,0,0,0,0,0,0,0,0,0,74
State Senate District 04,REP,"Hunt, Guy ",14279,0,0,0,0,0,0,0,0,0,0,0,0,0,0,0,0,0,0,0,0,0,10013,0,0,0,0,0,0,0,0,0,0,0,0,0,0,0,0,0,2711,0,0,0,0,0,0,0,0,0,0,0,0,0,0,0,0,0,0,0,0,0,0,0,0,0,0,1555
State Senate District 04,WI,WRITE-IN,55,0,0,0,0,0,0,0,0,0,0,0,0,0,0,0,0,0,0,0,0,0,36,0,0,0,0,0,0,0,0,0,0,0,0,0,0,0,0,0,15,0,0,0,0,0,0,0,0,0,0,0,0,0,0,0,0,0,0,0,0,0,0,0,0,0,0,4
State Senate District 05,DEM,"Dutton, John Randall",17133,0,0,0,0,0,0,0,0,0,0,0,0,0,0,0,0,0,0,0,0,0,0,0,0,0,0,0,0,0,0,0,0,0,0,0,0,3683,0,0,0,0,0,0,0,0,0,0,0,0,0,0,0,0,0,0,0,0,0,0,0,0,0,2559,10465,0,0,426
State Senate District 05,REP,"Lee, Curt ",23657,0,0,0,0,0,0,0,0,0,0,0,0,0,0,0,0,0,0,0,0,0,0,0,0,0,0,0,0,0,0,0,0,0,0,0,0,7222,0,0,0,0,0,0,0,0,0,0,0,0,0,0,0,0,0,0,0,0,0,0,0,0,0,5309,10222,0,0,904
State Senate District 05,WI,WRITE-IN,31,0,0,0,0,0,0,0,0,0,0,0,0,0,0,0,0,0,0,0,0,0,0,0,0,0,0,0,0,0,0,0,0,0,0,0,0,8,0,0,0,0,0,0,0,0,0,0,0,0,0,0,0,0,0,0,0,0,0,0,0,0,0,4,13,0,0,6
State Senate District 06,DEM,"Bedford, Roger ",23486,0,0,0,0,0,0,0,0,0,0,0,0,0,0,0,0,2335,0,0,0,0,0,0,0,0,0,0,0,4287,6103,0,0,0,0,0,0,0,3720,0,385,0,0,0,0,0,0,5393,0,0,0,0,0,0,0,0,0,0,0,0,0,0,0,0,0,0,0,1263
State Senate District 06,REP,"Frazier, Betty ",15205,0,0,0,0,0,0,0,0,0,0,0,0,0,0,0,0,1392,0,0,0,0,0,0,0,0,0,0,0,2911,2402,0,0,0,0,0,0,0,2035,0,138,0,0,0,0,0,0,4762,0,0,0,0,0,0,0,0,0,0,0,0,0,0,0,0,0,0,0,1565
State Senate District 06,WI,WRITE-IN,82,0,0,0,0,0,0,0,0,0,0,0,0,0,0,0,0,9,0,0,0,0,0,0,0,0,0,0,0,27,13,0,0,0,0,0,0,0,0,0,1,0,0,0,0,0,0,25,0,0,0,0,0,0,0,0,0,0,0,0,0,0,0,0,0,0,0,7
State Senate District 07,DEM,"Enfinger, Jeff ",25365,0,0,0,0,0,0,0,0,0,0,0,0,0,0,0,0,0,0,0,0,0,0,0,0,0,0,0,0,0,0,0,0,0,0,0,0,0,0,0,0,0,0,0,0,25365,0,0,0,0,0,0,0,0,0,0,0,0,0,0,0,0,0,0,0,0,0,0
State Senate District 07,LIB,"Bacon, Gregory Eric",1266,0,0,0,0,0,0,0,0,0,0,0,0,0,0,0,0,0,0,0,0,0,0,0,0,0,0,0,0,0,0,0,0,0,0,0,0,0,0,0,0,0,0,0,0,1266,0,0,0,0,0,0,0,0,0,0,0,0,0,0,0,0,0,0,0,0,0,0
State Senate District 07,REP,"Peters, Elbert ",12823,0,0,0,0,0,0,0,0,0,0,0,0,0,0,0,0,0,0,0,0,0,0,0,0,0,0,0,0,0,0,0,0,0,0,0,0,0,0,0,0,0,0,0,0,12823,0,0,0,0,0,0,0,0,0,0,0,0,0,0,0,0,0,0,0,0,0,0
State Senate District 07,WI,WRITE-IN,139,0,0,0,0,0,0,0,0,0,0,0,0,0,0,0,0,0,0,0,0,0,0,0,0,0,0,0,0,0,0,0,0,0,0,0,0,0,0,0,0,0,0,0,0,139,0,0,0,0,0,0,0,0,0,0,0,0,0,0,0,0,0,0,0,0,0,0
State Senate District 08,DEM,"Barron, Lowell ",19890,0,0,0,0,0,0,0,0,0,0,0,0,0,0,0,0,0,0,0,0,0,0,0,0,10111,0,0,0,0,0,0,0,0,0,0,7438,0,0,0,0,0,0,0,0,2341,0,0,0,0,0,0,0,0,0,0,0,0,0,0,0,0,0,0,0,0,0,0
State Senate District 08,REP,"Hammonds, David ",14222,0,0,0,0,0,0,0,0,0,0,0,0,0,0,0,0,0,0,0,0,0,0,0,0,7590,0,0,0,0,0,0,0,0,0,0,4843,0,0,0,0,0,0,0,0,1789,0,0,0,0,0,0,0,0,0,0,0,0,0,0,0,0,0,0,0,0,0,0
State Senate District 08,WI,WRITE-IN,61,0,0,0,0,0,0,0,0,0,0,0,0,0,0,0,0,0,0,0,0,0,0,0,0,7,0,0,0,0,0,0,0,0,0,0,34,0,0,0,0,0,0,0,0,20,0,0,0,0,0,0,0,0,0,0,0,0,0,0,0,0,0,0,0,0,0,0
State Senate District 09,DEM,"Mitchem, Hinton ",24603,0,0,0,0,2029,0,0,0,0,0,0,0,0,0,0,0,0,0,0,0,0,0,0,0,0,0,0,0,0,0,0,0,0,0,0,0,0,0,0,0,0,0,0,0,6885,0,0,15689,0,0,0,0,0,0,0,0,0,0,0,0,0,0,0,0,0,0,0
State Senate District 09,REP,"Edmonds, Doris ",16995,0,0,0,0,1232,0,0,0,0,0,0,0,0,0,0,0,0,0,0,0,0,0,0,0,0,0,0,0,0,0,0,0,0,0,0,0,0,0,0,0,0,0,0,0,8206,0,0,7557,0,0,0,0,0,0,0,0,0,0,0,0,0,0,0,0,0,0,0
State Senate District 09,WI,WRITE-IN,144,0,0,0,0,11,0,0,0,0,0,0,0,0,0,0,0,0,0,0,0,0,0,0,0,0,0,0,0,0,0,0,0,0,0,0,0,0,0,0,0,0,0,0,0,83,0,0,50,0,0,0,0,0,0,0,0,0,0,0,0,0,0,0,0,0,0,0
State Senate District 10,DEM,"Means, Larry ",24702,0,0,0,0,0,0,0,0,0,3301,0,0,0,0,0,0,0,0,0,0,0,0,0,0,0,0,0,21401,0,0,0,0,0,0,0,0,0,0,0,0,0,0,0,0,0,0,0,0,0,0,0,0,0,0,0,0,0,0,0,0,0,0,0,0,0,0,0
State Senate District 10,REP,"Williams, David L.",11670,0,0,0,0,0,0,0,0,0,1472,0,0,0,0,0,0,0,0,0,0,0,0,0,0,0,0,0,10198,0,0,0,0,0,0,0,0,0,0,0,0,0,0,0,0,0,0,0,0,0,0,0,0,0,0,0,0,0,0,0,0,0,0,0,0,0,0,0
State Senate District 10,WI,WRITE-IN,92,0,0,0,0,0,0,0,0,0,19,0,0,0,0,0,0,0,0,0,0,0,0,0,0,0,0,0,73,0,0,0,0,0,0,0,0,0,0,0,0,0,0,0,0,0,0,0,0,0,0,0,0,0,0,0,0,0,0,0,0,0,0,0,0,0,0,0
State Senate District 11,DEM,"Preuitt, Jim ",23397,0,0,0,0,0,0,0,3625,0,0,0,0,0,0,0,0,0,0,2992,0,0,0,0,0,0,2022,0,0,0,0,0,0,0,0,0,0,0,0,0,0,0,0,0,0,0,0,0,0,0,0,0,0,0,0,0,0,0,0,0,0,14758,0,0,0,0,0,0
State Senate District 11,REP,"Bradford, Ralph , Sr.",11469,0,0,0,0,0,0,0,1120,0,0,0,0,0,0,0,0,0,0,1210,0,0,0,0,0,0,2065,0,0,0,0,0,0,0,0,0,0,0,0,0,0,0,0,0,0,0,0,0,0,0,0,0,0,0,0,0,0,0,0,0,0,7074,0,0,0,0,0,0
State Senate District 11,WI,WRITE-IN,114,0,0,0,0,0,0,0,23,0,0,0,0,0,0,0,0,0,0,12,0,0,0,0,0,0,18,0,0,0,0,0,0,0,0,0,0,0,0,0,0,0,0,0,0,0,0,0,0,0,0,0,0,0,0,0,0,0,0,0,0,61,0,0,0,0,0,0
State Senate District 12,DEM,"Gray, Preston R., Jr.",15537,0,0,0,0,0,0,0,11114,0,0,0,0,0,0,0,0,0,0,0,0,0,0,0,0,0,0,0,0,0,0,0,0,0,0,0,0,0,0,0,0,0,0,0,0,0,0,0,0,0,0,0,0,0,0,0,0,0,0,4423,0,0,0,0,0,0,0,0
State Senate District 12,REP,"Marsh, Del ",22712,0,0,0,0,0,0,0,16431,0,0,0,0,0,0,0,0,0,0,0,0,0,0,0,0,0,0,0,0,0,0,0,0,0,0,0,0,0,0,0,0,0,0,0,0,0,0,0,0,0,0,0,0,0,0,0,0,0,0,6281,0,0,0,0,0,0,0,0
State Senate District 12,WI,WRITE-IN,131,0,0,0,0,0,0,0,89,0,0,0,0,0,0,0,0,0,0,0,0,0,0,0,0,0,0,0,0,0,0,0,0,0,0,0,0,0,0,0,0,0,0,0,0,0,0,0,0,0,0,0,0,0,0,0,0,0,0,42,0,0,0,0,0,0,0,0
State Senate District 13,DEM,"Dial, Gerald ",24528,0,0,0,0,0,0,0,0,7409,821,0,0,0,4134,3460,0,0,0,0,0,0,0,0,0,0,0,0,0,0,0,0,0,0,0,0,0,0,0,0,0,3106,0,0,0,0,0,0,0,0,0,0,0,0,0,0,5598,0,0,0,0,0,0,0,0,0,0,0
State Senate District 13,WI,WRITE-IN,182,0,0,0,0,0,0,0,0,0,4,0,0,0,122,56,0,0,0,0,0,0,0,0,0,0,0,0,0,0,0,0,0,0,0,0,0,0,0,0,0,0,0,0,0,0,0,0,0,0,0,0,0,0,0,0,0,0,0,0,0,0,0,0,0,0,0,0
State Senate District 14,REP,"Erwin, Henry E. ""Hank"", Jr.",33936,0,0,0,3026,0,0,0,0,0,0,9547,0,0,0,0,0,0,0,0,0,0,0,0,0,0,0,0,0,0,0,0,0,0,0,0,0,5714,0,0,0,0,0,0,0,0,0,0,0,0,0,0,0,0,0,0,0,0,15649,0,0,0,0,0,0,0,0,0
State Senate District 14,WI,WRITE-IN,459,0,0,0,0,0,0,0,0,0,0,143,0,0,0,0,0,0,0,0,0,0,0,0,0,0,0,0,0,0,0,0,0,0,0,0,0,59,0,0,0,0,0,0,0,0,0,0,0,0,0,0,0,0,0,0,0,0,257,0,0,0,0,0,0,0,0,0
State Senate District 15,LIB,"Turner, John ",4675,0,0,0,0,0,0,0,0,0,0,0,0,0,0,0,0,0,0,0,0,0,0,0,0,0,0,0,0,0,0,0,0,0,0,0,0,2967,0,0,0,0,0,0,0,0,0,0,0,0,0,0,0,0,0,0,0,0,1708,0,0,0,0,0,0,0,0,0
State Senate District 15,REP,"French, Steve ",37003,0,0,0,0,0,0,0,0,0,0,0,0,0,0,0,0,0,0,0,0,0,0,0,0,0,0,0,0,0,0,0,0,0,0,0,0,25626,0,0,0,0,0,0,0,0,0,0,0,0,0,0,0,0,0,0,0,0,11377,0,0,0,0,0,0,0,0,0
State Senate District 15,WI,WRITE-IN,149,0,0,0,0,0,0,0,0,0,0,0,0,0,0,0,0,0,0,0,0,0,0,0,0,0,0,0,0,0,0,0,0,0,0,0,0,74,0,0,0,0,0,0,0,0,0,0,0,0,0,0,0,0,0,0,0,0,75,0,0,0,0,0,0,0,0,0
State Senate District 16,REP,"Waggoner, J. T. ""Jabo""",42316,0,0,0,0,0,0,0,0,0,0,0,0,0,0,0,0,0,0,0,0,0,0,0,0,0,0,0,0,0,0,0,0,0,0,0,0,29473,0,0,0,0,0,0,0,0,0,0,0,0,0,0,0,0,0,0,0,0,12843,0,0,0,0,0,0,0,0,0
State Senate District 16,WI,WRITE-IN,618,0,0,0,0,0,0,0,0,0,0,0,0,0,0,0,0,0,0,0,0,0,0,0,0,0,0,0,0,0,0,0,0,0,0,0,0,510,0,0,0,0,0,0,0,0,0,0,0,0,0,0,0,0,0,0,0,0,108,0,0,0,0,0,0,0,0,0
State Senate District 17,LIB,"Moore, Caroline B.",5685,0,0,0,0,2095,0,0,0,0,0,0,0,0,0,0,0,0,0,0,0,0,0,0,0,0,0,0,0,0,0,0,0,0,0,0,0,2422,0,0,0,0,0,0,0,0,0,0,0,0,0,0,0,0,0,0,0,0,0,1168,0,0,0,0,0,0,0,0
State Senate District 17,REP,"Biddle, Jack , III",30478,0,0,0,0,8090,0,0,0,0,0,0,0,0,0,0,0,0,0,0,0,0,0,0,0,0,0,0,0,0,0,0,0,0,0,0,0,16056,0,0,0,0,0,0,0,0,0,0,0,0,0,0,0,0,0,0,0,0,0,6332,0,0,0,0,0,0,0,0
State Senate District 17,WI,WRITE-IN,155,0,0,0,0,78,0,0,0,0,0,0,0,0,0,0,0,0,0,0,0,0,0,0,0,0,0,0,0,0,0,0,0,0,0,0,0,38,0,0,0,0,0,0,0,0,0,0,0,0,0,0,0,0,0,0,0,0,0,39,0,0,0,0,0,0,0,0
State Senate District 18,DEM,"Smitherman, Rodger M.",28206,0,0,0,0,0,0,0,0,0,0,0,0,0,0,0,0,0,0,0,0,0,0,0,0,0,0,0,0,0,0,0,0,0,0,0,0,28206,0,0,0,0,0,0,0,0,0,0,0,0,0,0,0,0,0,0,0,0,0,0,0,0,0,0,0,0,0,0
State Senate District 18,WI,WRITE-IN,414,0,0,0,0,0,0,0,0,0,0,0,0,0,0,0,0,0,0,0,0,0,0,0,0,0,0,0,0,0,0,0,0,0,0,0,0,414,0,0,0,0,0,0,0,0,0,0,0,0,0,0,0,0,0,0,0,0,0,0,0,0,0,0,0,0,0,0
State Senate District 19,DEM,"McClain, E. B. ",28085,0,0,0,0,0,0,0,0,0,0,0,0,0,0,0,0,0,0,0,0,0,0,0,0,0,0,0,0,0,0,0,0,0,0,0,0,28085,0,0,0,0,0,0,0,0,0,0,0,0,0,0,0,0,0,0,0,0,0,0,0,0,0,0,0,0,0,0
State Senate District 19,REP,"Walker, Cliff ",8451,0,0,0,0,0,0,0,0,0,0,0,0,0,0,0,0,0,0,0,0,0,0,0,0,0,0,0,0,0,0,0,0,0,0,0,0,8451,0,0,0,0,0,0,0,0,0,0,0,0,0,0,0,0,0,0,0,0,0,0,0,0,0,0,0,0,0,0
State Senate District 19,WI,WRITE-IN,39,0,0,0,0,0,0,0,0,0,0,0,0,0,0,0,0,0,0,0,0,0,0,0,0,0,0,0,0,0,0,0,0,0,0,0,0,39,0,0,0,0,0,0,0,0,0,0,0,0,0,0,0,0,0,0,0,0,0,0,0,0,0,0,0,0,0,0
State Senate District 20,DEM,"Escott, Sundra ",28775,0,0,0,0,0,0,0,0,0,0,0,0,0,0,0,0,0,0,0,0,0,0,0,0,0,0,0,0,0,0,0,0,0,0,0,0,28775,0,0,0,0,0,0,0,0,0,0,0,0,0,0,0,0,0,0,0,0,0,0,0,0,0,0,0,0,0,0
State Senate District 20,WI,WRITE-IN,389,0,0,0,0,0,0,0,0,0,0,0,0,0,0,0,0,0,0,0,0,0,0,0,0,0,0,0,0,0,0,0,0,0,0,0,0,389,0,0,0,0,0,0,0,0,0,0,0,0,0,0,0,0,0,0,0,0,0,0,0,0,0,0,0,0,0,0
State Senate District 21,DEM,"Poole, Phil ",19914,0,0,0,0,0,0,0,0,0,0,0,0,0,0,0,0,0,0,0,0,0,0,0,0,0,0,0,0,0,0,0,0,1622,0,0,0,0,0,0,0,0,0,0,0,0,0,0,0,0,0,0,0,0,4488,0,0,0,0,0,0,0,0,13804,0,0,0,0
State Senate District 21,LIB,"Allen, Jean ",769,0,0,0,0,0,0,0,0,0,0,0,0,0,0,0,0,0,0,0,0,0,0,0,0,0,0,0,0,0,0,0,0,20,0,0,0,0,0,0,0,0,0,0,0,0,0,0,0,0,0,0,0,0,93,0,0,0,0,0,0,0,0,656,0,0,0,0
State Senate District 21,REP,"Tingle, Jerry ",13179,0,0,0,0,0,0,0,0,0,0,0,0,0,0,0,0,0,0,0,0,0,0,0,0,0,0,0,0,0,0,0,0,255,0,0,0,0,0,0,0,0,0,0,0,0,0,0,0,0,0,0,0,0,2061,0,0,0,0,0,0,0,0,10863,0,0,0,0
State Senate District 21,WI,WRITE-IN,23,0,0,0,0,0,0,0,0,0,0,0,0,0,0,0,0,0,0,0,0,0,0,0,0,0,0,0,0,0,0,0,0,1,0,0,0,0,0,0,0,0,0,0,0,0,0,0,0,0,0,0,0,0,1,0,0,0,0,0,0,0,0,21,0,0,0,0
State Senate District 22,DEM,"Lindsey, Pat ",18899,0,1998,0,0,0,0,0,0,0,0,0,1925,3510,0,0,0,0,466,0,0,0,0,0,0,0,0,4401,0,0,0,0,0,0,0,0,0,0,0,0,0,0,0,0,0,0,0,0,0,2391,442,0,0,0,0,0,0,0,0,0,0,0,0,0,0,3766,0,0
State Senate District 22,REP,"Day, Sheldon A.",17993,0,2362,0,0,0,0,0,0,0,0,0,1616,3689,0,0,0,0,550,0,0,0,0,0,0,0,0,4266,0,0,0,0,0,0,0,0,0,0,0,0,0,0,0,0,0,0,0,0,0,2689,478,0,0,0,0,0,0,0,0,0,0,0,0,0,0,2343,0,0
State Senate District 22,WI,WRITE-IN,81,0,20,0,0,0,0,0,0,0,0,0,0,15,0,0,0,0,3,0,0,0,0,0,0,0,0,27,0,0,0,0,0,0,0,0,0,0,0,0,0,0,0,0,0,0,0,0,0,0,1,0,0,0,0,0,0,0,0,0,0,0,0,0,0,15,0,0
State Senate District 23,DEM,"Sanders, Hank ",26361,523,0,0,0,0,0,0,0,0,0,0,0,1212,0,0,0,0,2543,0,0,0,0,0,9236,0,0,0,0,0,0,0,0,0,0,0,0,0,0,0,0,0,0,2957,0,0,1322,0,0,0,3995,0,0,1369,0,0,0,0,0,0,0,0,0,0,0,0,3204,0
State Senate District 23,LIB,"Motes, Richard ",10882,329,0,0,0,0,0,0,0,0,0,0,0,171,0,0,0,0,707,0,0,0,0,0,5794,0,0,0,0,0,0,0,0,0,0,0,0,0,0,0,0,0,0,736,0,0,453,0,0,0,1742,0,0,138,0,0,0,0,0,0,0,0,0,0,0,0,812,0
State Senate District 23,WI,WRITE-IN,135,2,0,0,0,0,0,0,0,0,0,0,0,5,0,0,0,0,20,0,0,0,0,0,68,0,0,0,0,0,0,0,0,0,0,0,0,0,0,0,0,0,0,4,0,0,6,0,0,0,20,0,0,0,0,0,0,0,0,0,0,0,0,0,0,0,10,0
State Senate District 24,DEM,"Steele, Charles , Jr.",28942,0,0,0,1252,0,0,0,0,0,0,0,1268,0,0,0,0,0,0,0,0,0,0,0,0,0,0,0,0,0,0,0,3558,3532,0,0,0,0,0,0,0,0,0,0,0,0,3901,0,0,0,0,0,0,2476,0,0,0,0,0,0,4170,0,0,8785,0,0,0,0
State Senate District 24,WI,WRITE-IN,487,0,0,0,0,0,0,0,0,0,0,0,0,0,0,0,0,0,0,0,0,0,0,0,0,0,0,0,0,0,0,0,32,47,0,0,0,0,0,0,0,0,0,0,0,0,42,0,0,0,0,0,0,29,0,0,0,0,0,0,43,0,0,294,0,0,0,0
State Senate District 25,DEM,"Cox, Hobson ",8996,0,0,0,0,0,0,0,0,0,0,0,0,0,0,0,0,0,0,0,0,0,0,0,0,0,1978,0,0,0,0,0,0,0,0,0,0,0,0,0,0,0,0,0,0,0,0,0,0,0,0,7018,0,0,0,0,0,0,0,0,0,0,0,0,0,0,0,0
State Senate District 25,LIB,"Hayden, Mark ",1498,0,0,0,0,0,0,0,0,0,0,0,0,0,0,0,0,0,0,0,0,0,0,0,0,0,780,0,0,0,0,0,0,0,0,0,0,0,0,0,0,0,0,0,0,0,0,0,0,0,0,718,0,0,0,0,0,0,0,0,0,0,0,0,0,0,0,0
State Senate District 25,REP,"Dixon, Larry ",36716,0,0,0,0,0,0,0,0,0,0,0,0,0,0,0,0,0,0,0,0,0,0,0,0,0,9907,0,0,0,0,0,0,0,0,0,0,0,0,0,0,0,0,0,0,0,0,0,0,0,0,26809,0,0,0,0,0,0,0,0,0,0,0,0,0,0,0,0
State Senate District 25,WI,WRITE-IN,101,0,0,0,0,0,0,0,0,0,0,0,0,0,0,0,0,0,0,0,0,0,0,0,0,0,99,0,0,0,0,0,0,0,0,0,0,0,0,0,0,0,0,0,0,0,0,0,0,0,0,2,0,0,0,0,0,0,0,0,0,0,0,0,0,0,0,0
State Senate District 26,DEM,"Ross, Quinton T.",23587,0,0,0,0,0,0,0,0,0,0,0,0,0,0,0,0,0,0,0,0,0,0,0,0,0,0,0,0,0,0,0,0,0,0,0,0,0,0,0,0,0,0,0,0,0,0,0,0,0,0,23587,0,0,0,0,0,0,0,0,0,0,0,0,0,0,0,0
State Senate District 26,REP,"Love, Beverly Ray",9113,0,0,0,0,0,0,0,0,0,0,0,0,0,0,0,0,0,0,0,0,0,0,0,0,0,0,0,0,0,0,0,0,0,0,0,0,0,0,0,0,0,0,0,0,0,0,0,0,0,0,9113,0,0,0,0,0,0,0,0,0,0,0,0,0,0,0,0
State Senate District 26,WI,WRITE-IN,4,0,0,0,0,0,0,0,0,0,0,0,0,0,0,0,0,0,0,0,0,0,0,0,0,0,0,0,0,0,0,0,0,0,0,0,0,0,0,0,0,0,0,0,0,0,0,0,0,0,0,4,0,0,0,0,0,0,0,0,0,0,0,0,0,0,0,0
State Senate District 27,DEM,"Little, T. D. (Ted)",23155,0,0,0,0,0,0,0,0,0,0,0,0,0,0,0,0,0,0,0,0,0,0,0,0,0,0,0,0,0,0,0,0,0,0,0,0,0,0,0,0,9006,0,0,0,0,0,0,0,0,0,0,0,0,0,0,0,4076,0,0,0,0,10073,0,0,0,0,0
State Senate District 27,REP,"Ward, Keith J",12943,0,0,0,0,0,0,0,0,0,0,0,0,0,0,0,0,0,0,0,0,0,0,0,0,0,0,0,0,0,0,0,0,0,0,0,0,0,0,0,0,6280,0,0,0,0,0,0,0,0,0,0,0,0,0,0,0,2307,0,0,0,0,4356,0,0,0,0,0
State Senate District 27,WI,WRITE-IN,50,0,0,0,0,0,0,0,0,0,0,0,0,0,0,0,0,0,0,0,0,0,0,0,0,0,0,0,0,0,0,0,0,0,0,0,0,0,0,0,0,0,0,0,0,0,0,0,0,0,0,0,0,0,0,0,0,25,0,0,0,0,25,0,0,0,0,0
State Senate District 28,DEM,"Penn, Myron C.",26106,0,0,5544,0,0,2985,0,0,0,0,0,0,0,0,0,0,0,0,0,0,0,0,0,0,0,0,0,0,0,0,0,0,0,3458,0,0,0,0,0,0,4669,0,0,6170,0,0,0,0,0,0,0,0,0,0,0,0,3280,0,0,0,0,0,0,0,0,0,0
State Senate District 28,LIB,"Bowden, Daniel V.",4400,0,0,1578,0,0,235,0,0,0,0,0,0,0,0,0,0,0,0,0,0,0,0,0,0,0,0,0,0,0,0,0,0,0,762,0,0,0,0,0,0,1145,0,0,306,0,0,0,0,0,0,0,0,0,0,0,0,374,0,0,0,0,0,0,0,0,0,0
State Senate District 28,WI,WRITE-IN,44,0,0,14,0,0,0,0,0,0,0,0,0,0,0,0,0,0,0,0,0,0,0,0,0,0,0,0,0,0,0,0,0,0,12,0,0,0,0,0,0,0,0,0,9,0,0,0,0,0,0,0,0,0,0,0,0,9,0,0,0,0,0,0,0,0,0,0
State Senate District 29,REP,"Smith, Harri Anne",28584,0,0,0,0,0,0,0,0,0,0,0,0,0,0,0,0,0,0,0,0,0,0,4319,0,0,0,0,0,0,0,6494,0,0,0,17771,0,0,0,0,0,0,0,0,0,0,0,0,0,0,0,0,0,0,0,0,0,0,0,0,0,0,0,0,0,0,0,0
State Senate District 29,WI,WRITE-IN,383,0,0,0,0,0,0,0,0,0,0,0,0,0,0,0,0,0,0,0,0,0,0,73,0,0,0,0,0,0,0,86,0,0,0,224,0,0,0,0,0,0,0,0,0,0,0,0,0,0,0,0,0,0,0,0,0,0,0,0,0,0,0,0,0,0,0,0
State Senate District 30,DEM,"Mitchell, ""Walking"" Wendell",25930,8131,0,0,0,0,0,5201,0,0,0,0,0,0,0,0,0,0,0,0,0,3425,0,0,0,0,2324,0,0,0,0,0,0,0,0,0,0,0,0,0,0,0,0,843,0,0,0,0,0,0,0,0,0,0,0,6006,0,0,0,0,0,0,0,0,0,0,0,0
State Senate District 30,WI,WRITE-IN,366,182,0,0,0,0,0,29,0,0,0,0,0,0,0,0,0,0,0,0,0,41,0,0,0,0,41,0,0,0,0,0,0,0,0,0,0,0,0,0,0,0,0,9,0,0,0,0,0,0,0,0,0,0,0,64,0,0,0,0,0,0,0,0,0,0,0,0
State Senate District 31,DEM,"Holley, Jimmy W.",22517,0,0,0,0,0,0,0,0,0,0,0,0,0,0,0,8664,0,0,0,7050,0,0,3725,0,0,0,0,0,0,0,0,0,0,0,3078,0,0,0,0,0,0,0,0,0,0,0,0,0,0,0,0,0,0,0,0,0,0,0,0,0,0,0,0,0,0,0,0
State Senate District 31,REP,"White, Gregory B.",11935,0,0,0,0,0,0,0,0,0,0,0,0,0,0,0,4085,0,0,0,4213,0,0,2419,0,0,0,0,0,0,0,0,0,0,0,1218,0,0,0,0,0,0,0,0,0,0,0,0,0,0,0,0,0,0,0,0,0,0,0,0,0,0,0,0,0,0,0,0
State Senate District 31,WI,WRITE-IN,100,0,0,0,0,0,0,0,0,0,0,0,0,0,0,0,35,0,0,0,17,0,0,35,0,0,0,0,0,0,0,0,0,0,0,13,0,0,0,0,0,0,0,0,0,0,0,0,0,0,0,0,0,0,0,0,0,0,0,0,0,0,0,0,0,0,0,0
State Senate District 32,LIB,"Medicus, Richard ",3431,0,3431,0,0,0,0,0,0,0,0,0,0,0,0,0,0,0,0,0,0,0,0,0,0,0,0,0,0,0,0,0,0,0,0,0,0,0,0,0,0,0,0,0,0,0,0,0,0,0,0,0,0,0,0,0,0,0,0,0,0,0,0,0,0,0,0,0
State Senate District 32,REP,"Byrne, Bradley ",32743,0,32743,0,0,0,0,0,0,0,0,0,0,0,0,0,0,0,0,0,0,0,0,0,0,0,0,0,0,0,0,0,0,0,0,0,0,0,0,0,0,0,0,0,0,0,0,0,0,0,0,0,0,0,0,0,0,0,0,0,0,0,0,0,0,0,0,0
State Senate District 32,WI,WRITE-IN,235,0,235,0,0,0,0,0,0,0,0,0,0,0,0,0,0,0,0,0,0,0,0,0,0,0,0,0,0,0,0,0,0,0,0,0,0,0,0,0,0,0,0,0,0,0,0,0,0,0,0,0,0,0,0,0,0,0,0,0,0,0,0,0,0,0,0,0
State Senate District 33,DEM,"Figures, Vivian Davis",23433,0,0,0,0,0,0,0,0,0,0,0,0,0,0,0,0,0,0,0,0,0,0,0,0,0,0,0,0,0,0,0,0,0,0,0,0,0,0,0,0,0,0,0,0,0,0,0,0,23433,0,0,0,0,0,0,0,0,0,0,0,0,0,0,0,0,0,0
State Senate District 33,WI,WRITE-IN,47,0,0,0,0,0,0,0,0,0,0,0,0,0,0,0,0,0,0,0,0,0,0,0,0,0,0,0,0,0,0,0,0,0,0,0,0,0,0,0,0,0,0,0,0,0,0,0,0,47,0,0,0,0,0,0,0,0,0,0,0,0,0,0,0,0,0,0
State Senate District 34,REP,"Myers, Hap ",28723,0,0,0,0,0,0,0,0,0,0,0,0,0,0,0,0,0,0,0,0,0,0,0,0,0,0,0,0,0,0,0,0,0,0,0,0,0,0,0,0,0,0,0,0,0,0,0,0,28723,0,0,0,0,0,0,0,0,0,0,0,0,0,0,0,0,0,0
State Senate District 34,WI,WRITE-IN,31,0,0,0,0,0,0,0,0,0,0,0,0,0,0,0,0,0,0,0,0,0,0,0,0,0,0,0,0,0,0,0,0,0,0,0,0,0,0,0,0,0,0,0,0,0,0,0,0,31,0,0,0,0,0,0,0,0,0,0,0,0,0,0,0,0,0,0
State Senate District 35,DEM,"Tanner, Gary ",15826,0,0,0,0,0,0,0,0,0,0,0,0,0,0,0,0,0,0,0,0,0,0,0,0,0,0,0,0,0,0,0,0,0,0,0,0,0,0,0,0,0,0,0,0,0,0,0,0,15826,0,0,0,0,0,0,0,0,0,0,0,0,0,0,0,0,0,0
State Senate District 35,REP,"Callahan, George M.",15234,0,0,0,0,0,0,0,0,0,0,0,0,0,0,0,0,0,0,0,0,0,0,0,0,0,0,0,0,0,0,0,0,0,0,0,0,0,0,0,0,0,0,0,0,0,0,0,0,15234,0,0,0,0,0,0,0,0,0,0,0,0,0,0,0,0,0,0
State Senate District 35,WI,WRITE-IN,14,0,0,0,0,0,0,0,0,0,0,0,0,0,0,0,0,0,0,0,0,0,0,0,0,0,0,0,0,0,0,0,0,0,0,0,0,0,0,0,0,0,0,0,0,0,0,0,0,14,0,0,0,0,0,0,0,0,0,0,0,0,0,0,0,0,0,0
State House 001,DEM,"Starkey, Nelson ",8540,0,0,0,0,0,0,0,0,0,0,0,0,0,0,0,0,0,0,0,0,0,0,0,0,0,0,0,0,0,0,0,0,0,0,0,0,0,0,8540,0,0,0,0,0,0,0,0,0,0,0,0,0,0,0,0,0,0,0,0,0,0,0,0,0,0,0,0
State House 001,LIB,"Franklin, Joey ",304,0,0,0,0,0,0,0,0,0,0,0,0,0,0,0,0,0,0,0,0,0,0,0,0,0,0,0,0,0,0,0,0,0,0,0,0,0,0,304,0,0,0,0,0,0,0,0,0,0,0,0,0,0,0,0,0,0,0,0,0,0,0,0,0,0,0,0
State House 001,REP,"McNatt, William Dale",4772,0,0,0,0,0,0,0,0,0,0,0,0,0,0,0,0,0,0,0,0,0,0,0,0,0,0,0,0,0,0,0,0,0,0,0,0,0,0,4772,0,0,0,0,0,0,0,0,0,0,0,0,0,0,0,0,0,0,0,0,0,0,0,0,0,0,0,0
State House 001,WI,WRITE-IN,28,0,0,0,0,0,0,0,0,0,0,0,0,0,0,0,0,0,0,0,0,0,0,0,0,0,0,0,0,0,0,0,0,0,0,0,0,0,0,28,0,0,0,0,0,0,0,0,0,0,0,0,0,0,0,0,0,0,0,0,0,0,0,0,0,0,0,0
State House 002,DEM,"Pettus, Mary ",5718,0,0,0,0,0,0,0,0,0,0,0,0,0,0,0,0,0,0,0,0,0,0,0,0,0,0,0,0,0,0,0,0,0,0,0,0,0,0,5718,0,0,0,0,0,0,0,0,0,0,0,0,0,0,0,0,0,0,0,0,0,0,0,0,0,0,0,0
State House 002,LIB,"Letson, Johnny ",180,0,0,0,0,0,0,0,0,0,0,0,0,0,0,0,0,0,0,0,0,0,0,0,0,0,0,0,0,0,0,0,0,0,0,0,0,0,0,180,0,0,0,0,0,0,0,0,0,0,0,0,0,0,0,0,0,0,0,0,0,0,0,0,0,0,0,0
State House 002,REP,"Greer, Lynn ",6426,0,0,0,0,0,0,0,0,0,0,0,0,0,0,0,0,0,0,0,0,0,0,0,0,0,0,0,0,0,0,0,0,0,0,0,0,0,0,6426,0,0,0,0,0,0,0,0,0,0,0,0,0,0,0,0,0,0,0,0,0,0,0,0,0,0,0,0
State House 002,WI,WRITE-IN,12,0,0,0,0,0,0,0,0,0,0,0,0,0,0,0,0,0,0,0,0,0,0,0,0,0,0,0,0,0,0,0,0,0,0,0,0,0,0,12,0,0,0,0,0,0,0,0,0,0,0,0,0,0,0,0,0,0,0,0,0,0,0,0,0,0,0,0
State House 003,DEM,"Black, Marcel ",8856,0,0,0,0,0,0,0,0,0,0,0,0,0,0,0,0,8856,0,0,0,0,0,0,0,0,0,0,0,0,0,0,0,0,0,0,0,0,0,0,0,0,0,0,0,0,0,0,0,0,0,0,0,0,0,0,0,0,0,0,0,0,0,0,0,0,0,0
State House 003,REP,"Barnes, Steven C.",4299,0,0,0,0,0,0,0,0,0,0,0,0,0,0,0,0,4299,0,0,0,0,0,0,0,0,0,0,0,0,0,0,0,0,0,0,0,0,0,0,0,0,0,0,0,0,0,0,0,0,0,0,0,0,0,0,0,0,0,0,0,0,0,0,0,0,0,0
State House 003,WI,WRITE-IN,14,0,0,0,0,0,0,0,0,0,0,0,0,0,0,0,0,14,0,0,0,0,0,0,0,0,0,0,0,0,0,0,0,0,0,0,0,0,0,0,0,0,0,0,0,0,0,0,0,0,0,0,0,0,0,0,0,0,0,0,0,0,0,0,0,0,0,0
State House 004,DEM,"Hansberry, Cathy ",7140,0,0,0,0,0,0,0,0,0,0,0,0,0,0,0,0,0,0,0,0,0,0,0,0,0,0,0,0,0,0,0,0,0,0,0,0,0,0,0,0,0,2400,0,0,0,0,0,0,0,0,0,4740,0,0,0,0,0,0,0,0,0,0,0,0,0,0,0
State House 004,REP,"Hammon, Micky ",7790,0,0,0,0,0,0,0,0,0,0,0,0,0,0,0,0,0,0,0,0,0,0,0,0,0,0,0,0,0,0,0,0,0,0,0,0,0,0,0,0,0,1915,0,0,0,0,0,0,0,0,0,5875,0,0,0,0,0,0,0,0,0,0,0,0,0,0,0
State House 004,WI,WRITE-IN,4,0,0,0,0,0,0,0,0,0,0,0,0,0,0,0,0,0,0,0,0,0,0,0,0,0,0,0,0,0,0,0,0,0,0,0,0,0,0,0,0,0,4,0,0,0,0,0,0,0,0,0,0,0,0,0,0,0,0,0,0,0,0,0,0,0,0,0
State House 005,DEM,"Carter, Tommy ",7656,0,0,0,0,0,0,0,0,0,0,0,0,0,0,0,0,0,0,0,0,0,0,0,0,0,0,0,0,0,0,0,0,0,0,0,0,0,0,0,0,0,7656,0,0,0,0,0,0,0,0,0,0,0,0,0,0,0,0,0,0,0,0,0,0,0,0,0
State House 005,REP,"Coffman, Ronnie G.",5881,0,0,0,0,0,0,0,0,0,0,0,0,0,0,0,0,0,0,0,0,0,0,0,0,0,0,0,0,0,0,0,0,0,0,0,0,0,0,0,0,0,5881,0,0,0,0,0,0,0,0,0,0,0,0,0,0,0,0,0,0,0,0,0,0,0,0,0
State House 005,WI,WRITE-IN,17,0,0,0,0,0,0,0,0,0,0,0,0,0,0,0,0,0,0,0,0,0,0,0,0,0,0,0,0,0,0,0,0,0,0,0,0,0,0,0,0,0,17,0,0,0,0,0,0,0,0,0,0,0,0,0,0,0,0,0,0,0,0,0,0,0,0,0
State House 006,DEM,"Schmitz, Sue ",6659,0,0,0,0,0,0,0,0,0,0,0,0,0,0,0,0,0,0,0,0,0,0,0,0,0,0,0,0,0,0,0,0,0,0,0,0,0,0,0,0,0,0,0,0,6659,0,0,0,0,0,0,0,0,0,0,0,0,0,0,0,0,0,0,0,0,0,0
State House 006,REP,"Fargerson, Shawn ",4883,0,0,0,0,0,0,0,0,0,0,0,0,0,0,0,0,0,0,0,0,0,0,0,0,0,0,0,0,0,0,0,0,0,0,0,0,0,0,0,0,0,0,0,0,4883,0,0,0,0,0,0,0,0,0,0,0,0,0,0,0,0,0,0,0,0,0,0
State House 006,WI,WRITE-IN,19,0,0,0,0,0,0,0,0,0,0,0,0,0,0,0,0,0,0,0,0,0,0,0,0,0,0,0,0,0,0,0,0,0,0,0,0,0,0,0,0,0,0,0,0,19,0,0,0,0,0,0,0,0,0,0,0,0,0,0,0,0,0,0,0,0,0,0
State House 007,DEM,"Letson, John (Jody)",7905,0,0,0,0,0,0,0,0,0,0,0,0,0,0,0,0,0,0,0,0,0,0,0,0,0,0,0,0,0,0,0,0,0,0,0,0,0,0,0,7121,0,0,0,0,0,0,0,0,0,0,0,0,0,0,0,0,0,0,0,0,0,0,0,0,0,0,784
State House 007,IND,"Campbell, Ray ",1933,0,0,0,0,0,0,0,0,0,0,0,0,0,0,0,0,0,0,0,0,0,0,0,0,0,0,0,0,0,0,0,0,0,0,0,0,0,0,0,1732,0,0,0,0,0,0,0,0,0,0,0,0,0,0,0,0,0,0,0,0,0,0,0,0,0,0,201
State House 007,REP,"Riddle, Yolanda (Yo Yo)",2905,0,0,0,0,0,0,0,0,0,0,0,0,0,0,0,0,0,0,0,0,0,0,0,0,0,0,0,0,0,0,0,0,0,0,0,0,0,0,0,1629,0,0,0,0,0,0,0,0,0,0,0,0,0,0,0,0,0,0,0,0,0,0,0,0,0,0,1276
State House 007,WI,WRITE-IN,5,0,0,0,0,0,0,0,0,0,0,0,0,0,0,0,0,0,0,0,0,0,0,0,0,0,0,0,0,0,0,0,0,0,0,0,0,0,0,0,4,0,0,0,0,0,0,0,0,0,0,0,0,0,0,0,0,0,0,0,0,0,0,0,0,0,0,1
State House 008,DEM,"Dukes, Bill J.",8386,0,0,0,0,0,0,0,0,0,0,0,0,0,0,0,0,0,0,0,0,0,0,0,0,0,0,0,0,0,0,0,0,0,0,0,0,0,0,0,0,0,0,0,0,0,0,0,0,0,0,0,8386,0,0,0,0,0,0,0,0,0,0,0,0,0,0,0
State House 008,REP,"New, Clay H.",2949,0,0,0,0,0,0,0,0,0,0,0,0,0,0,0,0,0,0,0,0,0,0,0,0,0,0,0,0,0,0,0,0,0,0,0,0,0,0,0,0,0,0,0,0,0,0,0,0,0,0,0,2949,0,0,0,0,0,0,0,0,0,0,0,0,0,0,0
State House 008,WI,WRITE-IN,0,0,0,0,0,0,0,0,0,0,0,0,0,0,0,0,0,0,0,0,0,0,0,0,0,0,0,0,0,0,0,0,0,0,0,0,0,0,0,0,0,0,0,0,0,0,0,0,0,0,0,0,0,0,0,0,0,0,0,0,0,0,0,0,0,0,0,0
State House 009,DEM,"Grantland, Ronald ",7808,0,0,0,0,0,0,0,0,0,0,0,0,0,0,0,0,0,0,0,0,0,630,0,0,0,0,0,0,0,0,0,0,0,0,0,0,0,0,0,0,0,0,0,0,0,0,0,0,0,0,0,7178,0,0,0,0,0,0,0,0,0,0,0,0,0,0,0
State House 009,LIB,"Miller, Peter ",337,0,0,0,0,0,0,0,0,0,0,0,0,0,0,0,0,0,0,0,0,0,54,0,0,0,0,0,0,0,0,0,0,0,0,0,0,0,0,0,0,0,0,0,0,0,0,0,0,0,0,0,283,0,0,0,0,0,0,0,0,0,0,0,0,0,0,0
State House 009,REP,"Coley, Roy ",6047,0,0,0,0,0,0,0,0,0,0,0,0,0,0,0,0,0,0,0,0,0,976,0,0,0,0,0,0,0,0,0,0,0,0,0,0,0,0,0,0,0,0,0,0,0,0,0,0,0,0,0,5071,0,0,0,0,0,0,0,0,0,0,0,0,0,0,0
State House 009,WI,WRITE-IN,3,0,0,0,0,0,0,0,0,0,0,0,0,0,0,0,0,0,0,0,0,0,3,0,0,0,0,0,0,0,0,0,0,0,0,0,0,0,0,0,0,0,0,0,0,0,0,0,0,0,0,0,0,0,0,0,0,0,0,0,0,0,0,0,0,0,0,0
State House 010,DEM,"Smith, Pam ",4198,0,0,0,0,0,0,0,0,0,0,0,0,0,0,0,0,0,0,0,0,0,0,0,0,0,0,0,0,0,0,0,0,0,0,0,0,0,0,0,0,0,0,0,0,4198,0,0,0,0,0,0,0,0,0,0,0,0,0,0,0,0,0,0,0,0,0,0
State House 010,LIB,"Johnson, Jeffrey A.",417,0,0,0,0,0,0,0,0,0,0,0,0,0,0,0,0,0,0,0,0,0,0,0,0,0,0,0,0,0,0,0,0,0,0,0,0,0,0,0,0,0,0,0,0,417,0,0,0,0,0,0,0,0,0,0,0,0,0,0,0,0,0,0,0,0,0,0
State House 010,REP,"Ball, Mike ",8344,0,0,0,0,0,0,0,0,0,0,0,0,0,0,0,0,0,0,0,0,0,0,0,0,0,0,0,0,0,0,0,0,0,0,0,0,0,0,0,0,0,0,0,0,8344,0,0,0,0,0,0,0,0,0,0,0,0,0,0,0,0,0,0,0,0,0,0
State House 010,WI,WRITE-IN,17,0,0,0,0,0,0,0,0,0,0,0,0,0,0,0,0,0,0,0,0,0,0,0,0,0,0,0,0,0,0,0,0,0,0,0,0,0,0,0,0,0,0,0,0,17,0,0,0,0,0,0,0,0,0,0,0,0,0,0,0,0,0,0,0,0,0,0
State House 011,DEM,"Maze, Dennis E.",5797,0,0,0,0,1569,0,0,0,0,0,0,0,0,0,0,0,0,0,0,0,0,3804,0,0,0,0,0,0,0,0,0,0,0,0,0,0,0,0,0,0,0,0,0,0,0,0,0,0,0,0,0,424,0,0,0,0,0,0,0,0,0,0,0,0,0,0,0
State House 011,REP,"Oden, Jeremy H.",7737,0,0,0,0,1242,0,0,0,0,0,0,0,0,0,0,0,0,0,0,0,0,5526,0,0,0,0,0,0,0,0,0,0,0,0,0,0,0,0,0,0,0,0,0,0,0,0,0,0,0,0,0,969,0,0,0,0,0,0,0,0,0,0,0,0,0,0,0
State House 011,WI,WRITE-IN,10,0,0,0,0,1,0,0,0,0,0,0,0,0,0,0,0,0,0,0,0,0,9,0,0,0,0,0,0,0,0,0,0,0,0,0,0,0,0,0,0,0,0,0,0,0,0,0,0,0,0,0,0,0,0,0,0,0,0,0,0,0,0,0,0,0,0,0
State House 012,DEM,"Morrison, Neal G.",9445,0,0,0,0,0,0,0,0,0,0,0,0,0,0,0,0,0,0,0,0,0,9445,0,0,0,0,0,0,0,0,0,0,0,0,0,0,0,0,0,0,0,0,0,0,0,0,0,0,0,0,0,0,0,0,0,0,0,0,0,0,0,0,0,0,0,0,0
State House 012,REP,"BeShears, Mitchell ",5023,0,0,0,0,0,0,0,0,0,0,0,0,0,0,0,0,0,0,0,0,0,5023,0,0,0,0,0,0,0,0,0,0,0,0,0,0,0,0,0,0,0,0,0,0,0,0,0,0,0,0,0,0,0,0,0,0,0,0,0,0,0,0,0,0,0,0,0
State House 012,WI,WRITE-IN,20,0,0,0,0,0,0,0,0,0,0,0,0,0,0,0,0,0,0,0,0,0,20,0,0,0,0,0,0,0,0,0,0,0,0,0,0,0,0,0,0,0,0,0,0,0,0,0,0,0,0,0,0,0,0,0,0,0,0,0,0,0,0,0,0,0,0,0
State House 013,DEM,"Sherer, Tommy ",7445,0,0,0,0,0,0,0,0,0,0,0,0,0,0,0,0,0,0,0,0,0,0,0,0,0,0,0,0,0,0,0,0,0,0,0,0,0,0,0,0,0,0,0,0,0,0,0,0,0,0,0,0,0,0,0,0,0,0,0,0,0,0,0,7445,0,0,0
State House 013,REP,"Combs, Tommy ",4560,0,0,0,0,0,0,0,0,0,0,0,0,0,0,0,0,0,0,0,0,0,0,0,0,0,0,0,0,0,0,0,0,0,0,0,0,0,0,0,0,0,0,0,0,0,0,0,0,0,0,0,0,0,0,0,0,0,0,0,0,0,0,0,4560,0,0,0
State House 013,WI,WRITE-IN,10,0,0,0,0,0,0,0,0,0,0,0,0,0,0,0,0,0,0,0,0,0,0,0,0,0,0,0,0,0,0,0,0,0,0,0,0,0,0,0,0,0,0,0,0,0,0,0,0,0,0,0,0,0,0,0,0,0,0,0,0,0,0,0,10,0,0,0
State House 014,DEM,"Guin, Ken ",7658,0,0,0,0,0,0,0,0,0,0,0,0,0,0,0,0,0,0,0,0,0,0,0,0,0,0,0,0,0,0,0,0,0,0,0,0,0,0,0,0,0,0,0,0,0,0,0,0,0,0,0,0,0,0,0,0,0,0,0,0,0,0,807,6073,0,0,778
State House 014,REP,"Frazier, Ed ",4223,0,0,0,0,0,0,0,0,0,0,0,0,0,0,0,0,0,0,0,0,0,0,0,0,0,0,0,0,0,0,0,0,0,0,0,0,0,0,0,0,0,0,0,0,0,0,0,0,0,0,0,0,0,0,0,0,0,0,0,0,0,0,918,2504,0,0,801
State House 014,WI,WRITE-IN,18,0,0,0,0,0,0,0,0,0,0,0,0,0,0,0,0,0,0,0,0,0,0,0,0,0,0,0,0,0,0,0,0,0,0,0,0,0,0,0,0,0,0,0,0,0,0,0,0,0,0,0,0,0,0,0,0,0,0,0,0,0,0,0,17,0,0,1
State House 015,REP,"Humphryes, Bobby ",12265,0,0,0,0,0,0,0,0,0,0,0,0,0,0,0,0,0,0,0,0,0,0,0,0,0,0,0,0,0,0,0,0,0,0,0,0,12265,0,0,0,0,0,0,0,0,0,0,0,0,0,0,0,0,0,0,0,0,0,0,0,0,0,0,0,0,0,0
State House 015,WI,WRITE-IN,120,0,0,0,0,0,0,0,0,0,0,0,0,0,0,0,0,0,0,0,0,0,0,0,0,0,0,0,0,0,0,0,0,0,0,0,0,120,0,0,0,0,0,0,0,0,0,0,0,0,0,0,0,0,0,0,0,0,0,0,0,0,0,0,0,0,0,0
State House 016,DEM,"Thigpen, William E.",8244,0,0,0,0,0,0,0,0,0,0,0,0,0,0,0,0,0,0,0,0,0,0,0,0,0,0,0,0,4319,0,0,0,0,0,0,0,0,3233,0,0,0,0,0,0,0,0,0,0,0,0,0,0,0,0,0,0,0,0,0,0,0,0,692,0,0,0,0
State House 016,REP,"Acker, Joe D.",6693,0,0,0,0,0,0,0,0,0,0,0,0,0,0,0,0,0,0,0,0,0,0,0,0,0,0,0,0,2951,0,0,0,0,0,0,0,0,2479,0,0,0,0,0,0,0,0,0,0,0,0,0,0,0,0,0,0,0,0,0,0,0,0,1263,0,0,0,0
State House 016,WI,WRITE-IN,6,0,0,0,0,0,0,0,0,0,0,0,0,0,0,0,0,0,0,0,0,0,0,0,0,0,0,0,0,5,0,0,0,0,0,0,0,0,0,0,0,0,0,0,0,0,0,0,0,0,0,0,0,0,0,0,0,0,0,0,0,0,0,1,0,0,0,0
State House 017,DEM,"Millican, Mike ",7283,0,0,0,0,0,0,0,0,0,0,0,0,0,0,0,0,0,0,0,0,0,0,0,0,0,0,0,0,0,0,0,0,0,0,0,0,0,0,0,0,0,0,0,0,0,0,5355,0,0,0,0,0,0,0,0,0,0,0,0,0,0,0,0,0,0,0,1928
State House 017,REP,"Westbrooks, Mike ",6884,0,0,0,0,0,0,0,0,0,0,0,0,0,0,0,0,0,0,0,0,0,0,0,0,0,0,0,0,0,0,0,0,0,0,0,0,0,0,0,0,0,0,0,0,0,0,4822,0,0,0,0,0,0,0,0,0,0,0,0,0,0,0,0,0,0,0,2062
State House 017,WI,WRITE-IN,21,0,0,0,0,0,0,0,0,0,0,0,0,0,0,0,0,0,0,0,0,0,0,0,0,0,0,0,0,0,0,0,0,0,0,0,0,0,0,0,0,0,0,0,0,0,0,14,0,0,0,0,0,0,0,0,0,0,0,0,0,0,0,0,0,0,0,7
State House 018,DEM,"Morrow, Johnny Mack",9204,0,0,0,0,0,0,0,0,0,0,0,0,0,0,0,0,2597,0,0,0,0,0,0,0,0,0,0,0,0,6607,0,0,0,0,0,0,0,0,0,0,0,0,0,0,0,0,0,0,0,0,0,0,0,0,0,0,0,0,0,0,0,0,0,0,0,0,0
State House 018,WI,WRITE-IN,165,0,0,0,0,0,0,0,0,0,0,0,0,0,0,0,0,36,0,0,0,0,0,0,0,0,0,0,0,0,129,0,0,0,0,0,0,0,0,0,0,0,0,0,0,0,0,0,0,0,0,0,0,0,0,0,0,0,0,0,0,0,0,0,0,0,0,0
State House 019,DEM,"Hall, Laura ",9978,0,0,0,0,0,0,0,0,0,0,0,0,0,0,0,0,0,0,0,0,0,0,0,0,0,0,0,0,0,0,0,0,0,0,0,0,0,0,0,0,0,0,0,0,9978,0,0,0,0,0,0,0,0,0,0,0,0,0,0,0,0,0,0,0,0,0,0
State House 019,WI,WRITE-IN,97,0,0,0,0,0,0,0,0,0,0,0,0,0,0,0,0,0,0,0,0,0,0,0,0,0,0,0,0,0,0,0,0,0,0,0,0,0,0,0,0,0,0,0,0,97,0,0,0,0,0,0,0,0,0,0,0,0,0,0,0,0,0,0,0,0,0,0
State House 020,DEM,"Miller, Jeff ",6779,0,0,0,0,0,0,0,0,0,0,0,0,0,0,0,0,0,0,0,0,0,0,0,0,0,0,0,0,0,0,0,0,0,0,0,0,0,0,0,0,0,0,0,0,6779,0,0,0,0,0,0,0,0,0,0,0,0,0,0,0,0,0,0,0,0,0,0
State House 020,REP,"Sanderford, Howard ",11903,0,0,0,0,0,0,0,0,0,0,0,0,0,0,0,0,0,0,0,0,0,0,0,0,0,0,0,0,0,0,0,0,0,0,0,0,0,0,0,0,0,0,0,0,11903,0,0,0,0,0,0,0,0,0,0,0,0,0,0,0,0,0,0,0,0,0,0
State House 020,WI,WRITE-IN,46,0,0,0,0,0,0,0,0,0,0,0,0,0,0,0,0,0,0,0,0,0,0,0,0,0,0,0,0,0,0,0,0,0,0,0,0,0,0,0,0,0,0,0,0,46,0,0,0,0,0,0,0,0,0,0,0,0,0,0,0,0,0,0,0,0,0,0
State House 021,DEM,"Hinshaw, Randy ",5672,0,0,0,0,0,0,0,0,0,0,0,0,0,0,0,0,0,0,0,0,0,0,0,0,0,0,0,0,0,0,0,0,0,0,0,0,0,0,0,0,0,0,0,0,5672,0,0,0,0,0,0,0,0,0,0,0,0,0,0,0,0,0,0,0,0,0,0
State House 021,LIB,"Wales, Johnny L.",260,0,0,0,0,0,0,0,0,0,0,0,0,0,0,0,0,0,0,0,0,0,0,0,0,0,0,0,0,0,0,0,0,0,0,0,0,0,0,0,0,0,0,0,0,260,0,0,0,0,0,0,0,0,0,0,0,0,0,0,0,0,0,0,0,0,0,0
State House 021,REP,"Dugan, Jerry ",5156,0,0,0,0,0,0,0,0,0,0,0,0,0,0,0,0,0,0,0,0,0,0,0,0,0,0,0,0,0,0,0,0,0,0,0,0,0,0,0,0,0,0,0,0,5156,0,0,0,0,0,0,0,0,0,0,0,0,0,0,0,0,0,0,0,0,0,0
State House 021,WI,WRITE-IN,15,0,0,0,0,0,0,0,0,0,0,0,0,0,0,0,0,0,0,0,0,0,0,0,0,0,0,0,0,0,0,0,0,0,0,0,0,0,0,0,0,0,0,0,0,15,0,0,0,0,0,0,0,0,0,0,0,0,0,0,0,0,0,0,0,0,0,0
State House 022,DEM,"Hall, Albert ",7563,0,0,0,0,0,0,0,0,0,0,0,0,0,0,0,0,0,0,0,0,0,0,0,0,0,0,0,0,0,0,0,0,0,0,0,1632,0,0,0,0,0,0,0,0,5931,0,0,0,0,0,0,0,0,0,0,0,0,0,0,0,0,0,0,0,0,0,0
State House 022,REP,"Stamm, David L.",4095,0,0,0,0,0,0,0,0,0,0,0,0,0,0,0,0,0,0,0,0,0,0,0,0,0,0,0,0,0,0,0,0,0,0,0,757,0,0,0,0,0,0,0,0,3338,0,0,0,0,0,0,0,0,0,0,0,0,0,0,0,0,0,0,0,0,0,0
State House 022,WI,WRITE-IN,15,0,0,0,0,0,0,0,0,0,0,0,0,0,0,0,0,0,0,0,0,0,0,0,0,0,0,0,0,0,0,0,0,0,0,0,1,0,0,0,0,0,0,0,0,14,0,0,0,0,0,0,0,0,0,0,0,0,0,0,0,0,0,0,0,0,0,0
State House 023,DEM,"Robinson, John ",7186,0,0,0,0,0,0,0,0,0,0,0,0,0,0,0,0,0,0,0,0,0,0,0,0,0,0,0,0,0,0,0,0,0,0,0,7186,0,0,0,0,0,0,0,0,0,0,0,0,0,0,0,0,0,0,0,0,0,0,0,0,0,0,0,0,0,0,0
State House 023,WI,WRITE-IN,105,0,0,0,0,0,0,0,0,0,0,0,0,0,0,0,0,0,0,0,0,0,0,0,0,0,0,0,0,0,0,0,0,0,0,0,105,0,0,0,0,0,0,0,0,0,0,0,0,0,0,0,0,0,0,0,0,0,0,0,0,0,0,0,0,0,0,0
State House 024,DEM,"Hendrix, J. Luther",4165,0,0,0,0,0,0,0,0,0,0,0,0,0,0,0,0,0,0,0,0,0,0,0,0,4165,0,0,0,0,0,0,0,0,0,0,0,0,0,0,0,0,0,0,0,0,0,0,0,0,0,0,0,0,0,0,0,0,0,0,0,0,0,0,0,0,0,0
State House 024,REP,"Greeson, Todd ",8565,0,0,0,0,0,0,0,0,0,0,0,0,0,0,0,0,0,0,0,0,0,0,0,0,8565,0,0,0,0,0,0,0,0,0,0,0,0,0,0,0,0,0,0,0,0,0,0,0,0,0,0,0,0,0,0,0,0,0,0,0,0,0,0,0,0,0,0
State House 024,WI,WRITE-IN,6,0,0,0,0,0,0,0,0,0,0,0,0,0,0,0,0,0,0,0,0,0,0,0,0,6,0,0,0,0,0,0,0,0,0,0,0,0,0,0,0,0,0,0,0,0,0,0,0,0,0,0,0,0,0,0,0,0,0,0,0,0,0,0,0,0,0,0
State House 025,DEM,"Miles, Pam ",5148,0,0,0,0,0,0,0,0,0,0,0,0,0,0,0,0,0,0,0,0,0,0,0,0,0,0,0,0,0,0,0,0,0,0,0,0,0,0,0,0,0,1037,0,0,4111,0,0,0,0,0,0,0,0,0,0,0,0,0,0,0,0,0,0,0,0,0,0
State House 025,REP,"Garner, Ray ",8993,0,0,0,0,0,0,0,0,0,0,0,0,0,0,0,0,0,0,0,0,0,0,0,0,0,0,0,0,0,0,0,0,0,0,0,0,0,0,0,0,0,1410,0,0,7583,0,0,0,0,0,0,0,0,0,0,0,0,0,0,0,0,0,0,0,0,0,0
State House 025,WI,WRITE-IN,17,0,0,0,0,0,0,0,0,0,0,0,0,0,0,0,0,0,0,0,0,0,0,0,0,0,0,0,0,0,0,0,0,0,0,0,0,0,0,0,0,0,4,0,0,13,0,0,0,0,0,0,0,0,0,0,0,0,0,0,0,0,0,0,0,0,0,0
State House 026,DEM,"McDaniel, Frank ",7069,0,0,0,0,0,0,0,0,0,0,0,0,0,0,0,0,0,0,0,0,0,0,0,0,1102,0,0,0,0,0,0,0,0,0,0,0,0,0,0,0,0,0,0,0,0,0,0,5967,0,0,0,0,0,0,0,0,0,0,0,0,0,0,0,0,0,0,0
State House 026,REP,"Patterson, Jeffery ",4459,0,0,0,0,0,0,0,0,0,0,0,0,0,0,0,0,0,0,0,0,0,0,0,0,598,0,0,0,0,0,0,0,0,0,0,0,0,0,0,0,0,0,0,0,0,0,0,3861,0,0,0,0,0,0,0,0,0,0,0,0,0,0,0,0,0,0,0
State House 026,WI,WRITE-IN,5,0,0,0,0,0,0,0,0,0,0,0,0,0,0,0,0,0,0,0,0,0,0,0,0,0,0,0,0,0,0,0,0,0,0,0,0,0,0,0,0,0,0,0,0,0,0,0,5,0,0,0,0,0,0,0,0,0,0,0,0,0,0,0,0,0,0,0
State House 027,DEM,"McLaughlin, Jeffrey ",7724,0,0,0,0,0,0,0,0,0,0,0,0,0,0,0,0,0,0,0,0,0,0,0,0,0,0,0,0,0,0,0,0,0,0,0,0,0,0,0,0,0,0,0,0,0,0,0,7724,0,0,0,0,0,0,0,0,0,0,0,0,0,0,0,0,0,0,0
State House 027,LIB,"Driggers, Allen Eugene",662,0,0,0,0,0,0,0,0,0,0,0,0,0,0,0,0,0,0,0,0,0,0,0,0,0,0,0,0,0,0,0,0,0,0,0,0,0,0,0,0,0,0,0,0,0,0,0,662,0,0,0,0,0,0,0,0,0,0,0,0,0,0,0,0,0,0,0
State House 027,REP,"Hawkins, Gerald (Jerry)",4789,0,0,0,0,0,0,0,0,0,0,0,0,0,0,0,0,0,0,0,0,0,0,0,0,0,0,0,0,0,0,0,0,0,0,0,0,0,0,0,0,0,0,0,0,0,0,0,4789,0,0,0,0,0,0,0,0,0,0,0,0,0,0,0,0,0,0,0
State House 027,WI,WRITE-IN,14,0,0,0,0,0,0,0,0,0,0,0,0,0,0,0,0,0,0,0,0,0,0,0,0,0,0,0,0,0,0,0,0,0,0,0,0,0,0,0,0,0,0,0,0,0,0,0,14,0,0,0,0,0,0,0,0,0,0,0,0,0,0,0,0,0,0,0
State House 028,DEM,"Ford, Craig ",7925,0,0,0,0,0,0,0,0,0,0,0,0,0,0,0,0,0,0,0,0,0,0,0,0,0,0,0,7925,0,0,0,0,0,0,0,0,0,0,0,0,0,0,0,0,0,0,0,0,0,0,0,0,0,0,0,0,0,0,0,0,0,0,0,0,0,0,0
State House 028,REP,"Abel, David C.",4394,0,0,0,0,0,0,0,0,0,0,0,0,0,0,0,0,0,0,0,0,0,0,0,0,0,0,0,4394,0,0,0,0,0,0,0,0,0,0,0,0,0,0,0,0,0,0,0,0,0,0,0,0,0,0,0,0,0,0,0,0,0,0,0,0,0,0,0
State House 028,WI,WRITE-IN,24,0,0,0,0,0,0,0,0,0,0,0,0,0,0,0,0,0,0,0,0,0,0,0,0,0,0,0,24,0,0,0,0,0,0,0,0,0,0,0,0,0,0,0,0,0,0,0,0,0,0,0,0,0,0,0,0,0,0,0,0,0,0,0,0,0,0,0
State House 029,DEM,"Page, Jack ",7429,0,0,0,0,0,0,0,0,0,0,0,0,0,0,0,0,0,0,0,0,0,0,0,0,1238,0,0,6191,0,0,0,0,0,0,0,0,0,0,0,0,0,0,0,0,0,0,0,0,0,0,0,0,0,0,0,0,0,0,0,0,0,0,0,0,0,0,0
State House 029,REP,"Nordgren, Becky ",3942,0,0,0,0,0,0,0,0,0,0,0,0,0,0,0,0,0,0,0,0,0,0,0,0,702,0,0,3240,0,0,0,0,0,0,0,0,0,0,0,0,0,0,0,0,0,0,0,0,0,0,0,0,0,0,0,0,0,0,0,0,0,0,0,0,0,0,0
State House 029,WI,WRITE-IN,165,0,0,0,0,0,0,0,0,0,0,0,0,0,0,0,0,0,0,0,0,0,0,0,0,0,0,0,165,0,0,0,0,0,0,0,0,0,0,0,0,0,0,0,0,0,0,0,0,0,0,0,0,0,0,0,0,0,0,0,0,0,0,0,0,0,0,0
State House 030,REP,"Galliher, Blaine ",10202,0,0,0,0,0,0,0,0,0,0,0,0,0,0,0,0,0,0,0,0,0,0,0,0,0,0,0,7203,0,0,0,0,0,0,0,0,0,0,0,0,0,0,0,0,0,0,0,0,0,0,0,0,0,0,0,0,0,0,2999,0,0,0,0,0,0,0,0
State House 030,WI,WRITE-IN,138,0,0,0,0,0,0,0,0,0,0,0,0,0,0,0,0,0,0,0,0,0,0,0,0,0,0,0,104,0,0,0,0,0,0,0,0,0,0,0,0,0,0,0,0,0,0,0,0,0,0,0,0,0,0,0,0,0,0,34,0,0,0,0,0,0,0,0
State House 031,DEM,"Venable, Jack B.",8723,0,0,0,0,0,0,0,0,0,0,0,0,0,0,0,0,0,0,2263,0,0,0,0,0,0,6460,0,0,0,0,0,0,0,0,0,0,0,0,0,0,0,0,0,0,0,0,0,0,0,0,0,0,0,0,0,0,0,0,0,0,0,0,0,0,0,0,0
State House 031,LIB,"Martin, John ""Taxcut""",512,0,0,0,0,0,0,0,0,0,0,0,0,0,0,0,0,0,0,108,0,0,0,0,0,0,404,0,0,0,0,0,0,0,0,0,0,0,0,0,0,0,0,0,0,0,0,0,0,0,0,0,0,0,0,0,0,0,0,0,0,0,0,0,0,0,0,0
State House 031,REP,"Shaw, Mickey B.",5659,0,0,0,0,0,0,0,0,0,0,0,0,0,0,0,0,0,0,831,0,0,0,0,0,0,4828,0,0,0,0,0,0,0,0,0,0,0,0,0,0,0,0,0,0,0,0,0,0,0,0,0,0,0,0,0,0,0,0,0,0,0,0,0,0,0,0,0
State House 031,WI,WRITE-IN,19,0,0,0,0,0,0,0,0,0,0,0,0,0,0,0,0,0,0,7,0,0,0,0,0,0,12,0,0,0,0,0,0,0,0,0,0,0,0,0,0,0,0,0,0,0,0,0,0,0,0,0,0,0,0,0,0,0,0,0,0,0,0,0,0,0,0,0
State House 032,DEM,"Boyd, Barbara Bigsby",7188,0,0,0,0,0,0,0,3678,0,0,0,0,0,0,0,0,0,0,0,0,0,0,0,0,0,0,0,0,0,0,0,0,0,0,0,0,0,0,0,0,0,0,0,0,0,0,0,0,0,0,0,0,0,0,0,0,0,0,0,0,3510,0,0,0,0,0,0
State House 032,REP,"Little, Benjamin L.",2658,0,0,0,0,0,0,0,1500,0,0,0,0,0,0,0,0,0,0,0,0,0,0,0,0,0,0,0,0,0,0,0,0,0,0,0,0,0,0,0,0,0,0,0,0,0,0,0,0,0,0,0,0,0,0,0,0,0,0,0,0,1158,0,0,0,0,0,0
State House 032,WI,WRITE-IN,13,0,0,0,0,0,0,0,6,0,0,0,0,0,0,0,0,0,0,0,0,0,0,0,0,0,0,0,0,0,0,0,0,0,0,0,0,0,0,0,0,0,0,0,0,0,0,0,0,0,0,0,0,0,0,0,0,0,0,0,0,7,0,0,0,0,0,0
State House 033,DEM,"Curtis, Clara ",4539,0,0,0,0,0,0,0,0,0,0,0,0,0,0,0,0,0,0,303,0,0,0,0,0,0,0,0,0,0,0,0,0,0,0,0,0,0,0,0,0,0,0,0,0,0,0,0,0,0,0,0,0,0,0,0,0,0,0,0,0,4236,0,0,0,0,0,0
State House 033,REP,"Johnson, Ron ",7313,0,0,0,0,0,0,0,0,0,0,0,0,0,0,0,0,0,0,712,0,0,0,0,0,0,0,0,0,0,0,0,0,0,0,0,0,0,0,0,0,0,0,0,0,0,0,0,0,0,0,0,0,0,0,0,0,0,0,0,0,6601,0,0,0,0,0,0
State House 033,WI,WRITE-IN,24,0,0,0,0,0,0,0,0,0,0,0,0,0,0,0,0,0,0,2,0,0,0,0,0,0,0,0,0,0,0,0,0,0,0,0,0,0,0,0,0,0,0,0,0,0,0,0,0,0,0,0,0,0,0,0,0,0,0,0,0,22,0,0,0,0,0,0
State House 034,LIB,"Moore, Claude Harley",1427,0,0,0,0,1316,0,0,0,0,0,0,0,0,0,0,0,0,0,0,0,0,0,0,0,0,0,0,0,0,0,0,0,0,0,0,0,111,0,0,0,0,0,0,0,0,0,0,0,0,0,0,0,0,0,0,0,0,0,0,0,0,0,0,0,0,0,0
State House 034,REP,"Thomas, Elwyn ",10921,0,0,0,0,10107,0,0,0,0,0,0,0,0,0,0,0,0,0,0,0,0,0,0,0,0,0,0,0,0,0,0,0,0,0,0,0,814,0,0,0,0,0,0,0,0,0,0,0,0,0,0,0,0,0,0,0,0,0,0,0,0,0,0,0,0,0,0
State House 034,WI,WRITE-IN,39,0,0,0,0,37,0,0,0,0,0,0,0,0,0,0,0,0,0,0,0,0,0,0,0,0,0,0,0,0,0,0,0,0,0,0,0,2,0,0,0,0,0,0,0,0,0,0,0,0,0,0,0,0,0,0,0,0,0,0,0,0,0,0,0,0,0,0
State House 035,DEM,"Hurst, Steve ",7529,0,0,0,0,0,0,0,3443,0,0,0,0,0,0,0,0,0,0,0,0,0,0,0,0,0,0,0,0,0,0,0,0,0,0,0,0,0,0,0,0,0,0,0,0,0,0,0,0,0,0,0,0,0,0,0,0,0,0,0,0,4086,0,0,0,0,0,0
State House 035,REP,"Sims, Larry P.",5283,0,0,0,0,0,0,0,3007,0,0,0,0,0,0,0,0,0,0,0,0,0,0,0,0,0,0,0,0,0,0,0,0,0,0,0,0,0,0,0,0,0,0,0,0,0,0,0,0,0,0,0,0,0,0,0,0,0,0,0,0,2276,0,0,0,0,0,0
State House 035,WI,WRITE-IN,16,0,0,0,0,0,0,0,7,0,0,0,0,0,0,0,0,0,0,0,0,0,0,0,0,0,0,0,0,0,0,0,0,0,0,0,0,0,0,0,0,0,0,0,0,0,0,0,0,0,0,0,0,0,0,0,0,0,0,0,0,9,0,0,0,0,0,0
State House 036,DEM,"Chandler, Wayne ",4454,0,0,0,0,0,0,0,2945,0,0,0,0,0,0,0,0,0,0,0,0,0,0,0,0,0,0,0,0,0,0,0,0,0,0,0,0,0,0,0,0,0,0,0,0,0,0,0,0,0,0,0,0,0,0,0,0,0,0,1509,0,0,0,0,0,0,0,0
State House 036,REP,"Wood, Randy ",8800,0,0,0,0,0,0,0,5832,0,0,0,0,0,0,0,0,0,0,0,0,0,0,0,0,0,0,0,0,0,0,0,0,0,0,0,0,0,0,0,0,0,0,0,0,0,0,0,0,0,0,0,0,0,0,0,0,0,0,2968,0,0,0,0,0,0,0,0
State House 036,WI,WRITE-IN,18,0,0,0,0,0,0,0,10,0,0,0,0,0,0,0,0,0,0,0,0,0,0,0,0,0,0,0,0,0,0,0,0,0,0,0,0,0,0,0,0,0,0,0,0,0,0,0,0,0,0,0,0,0,0,0,0,0,0,8,0,0,0,0,0,0,0,0
State House 037,DEM,"Laird, Richard ",10761,0,0,0,0,0,0,0,0,1578,0,0,0,0,3665,0,0,0,0,0,0,0,0,0,0,0,0,0,0,0,0,0,0,0,0,0,0,0,0,0,0,0,0,0,0,0,0,0,0,0,0,0,0,0,0,0,5518,0,0,0,0,0,0,0,0,0,0,0
State House 037,REP,"Creed, Wayne J.",3730,0,0,0,0,0,0,0,0,438,0,0,0,0,1440,0,0,0,0,0,0,0,0,0,0,0,0,0,0,0,0,0,0,0,0,0,0,0,0,0,0,0,0,0,0,0,0,0,0,0,0,0,0,0,0,0,1852,0,0,0,0,0,0,0,0,0,0,0
State House 037,WI,WRITE-IN,8,0,0,0,0,0,0,0,0,0,0,0,0,0,8,0,0,0,0,0,0,0,0,0,0,0,0,0,0,0,0,0,0,0,0,0,0,0,0,0,0,0,0,0,0,0,0,0,0,0,0,0,0,0,0,0,0,0,0,0,0,0,0,0,0,0,0,0
State House 038,DEM,"Patterson, Arthur Frank, Jr.",4401,0,0,0,0,0,0,0,0,3339,0,0,0,0,0,0,0,0,0,0,0,0,0,0,0,0,0,0,0,0,0,0,0,0,0,0,0,0,0,0,0,1062,0,0,0,0,0,0,0,0,0,0,0,0,0,0,0,0,0,0,0,0,0,0,0,0,0,0
State House 038,REP,"Bridges, DuWayne ",6211,0,0,0,0,0,0,0,0,4241,0,0,0,0,0,0,0,0,0,0,0,0,0,0,0,0,0,0,0,0,0,0,0,0,0,0,0,0,0,0,0,1970,0,0,0,0,0,0,0,0,0,0,0,0,0,0,0,0,0,0,0,0,0,0,0,0,0,0
State House 038,WI,WRITE-IN,0,0,0,0,0,0,0,0,0,0,0,0,0,0,0,0,0,0,0,0,0,0,0,0,0,0,0,0,0,0,0,0,0,0,0,0,0,0,0,0,0,0,0,0,0,0,0,0,0,0,0,0,0,0,0,0,0,0,0,0,0,0,0,0,0,0,0,0
State House 039,DEM,"Lindsey, Richard J.",8673,0,0,0,0,0,0,0,0,0,4652,0,0,0,0,3274,0,0,0,0,0,0,0,0,0,747,0,0,0,0,0,0,0,0,0,0,0,0,0,0,0,0,0,0,0,0,0,0,0,0,0,0,0,0,0,0,0,0,0,0,0,0,0,0,0,0,0,0
State House 039,WI,WRITE-IN,84,0,0,0,0,0,0,0,0,0,45,0,0,0,0,39,0,0,0,0,0,0,0,0,0,0,0,0,0,0,0,0,0,0,0,0,0,0,0,0,0,0,0,0,0,0,0,0,0,0,0,0,0,0,0,0,0,0,0,0,0,0,0,0,0,0,0,0
State House 040,DEM,"Fite, Lea ",6259,0,0,0,0,0,0,0,6259,0,0,0,0,0,0,0,0,0,0,0,0,0,0,0,0,0,0,0,0,0,0,0,0,0,0,0,0,0,0,0,0,0,0,0,0,0,0,0,0,0,0,0,0,0,0,0,0,0,0,0,0,0,0,0,0,0,0,0
State House 040,IND,"Cobb, Frank E.",848,0,0,0,0,0,0,0,848,0,0,0,0,0,0,0,0,0,0,0,0,0,0,0,0,0,0,0,0,0,0,0,0,0,0,0,0,0,0,0,0,0,0,0,0,0,0,0,0,0,0,0,0,0,0,0,0,0,0,0,0,0,0,0,0,0,0,0
State House 040,REP,"Brooks, Pete ",5184,0,0,0,0,0,0,0,5184,0,0,0,0,0,0,0,0,0,0,0,0,0,0,0,0,0,0,0,0,0,0,0,0,0,0,0,0,0,0,0,0,0,0,0,0,0,0,0,0,0,0,0,0,0,0,0,0,0,0,0,0,0,0,0,0,0,0,0
State House 040,WI,WRITE-IN,7,0,0,0,0,0,0,0,7,0,0,0,0,0,0,0,0,0,0,0,0,0,0,0,0,0,0,0,0,0,0,0,0,0,0,0,0,0,0,0,0,0,0,0,0,0,0,0,0,0,0,0,0,0,0,0,0,0,0,0,0,0,0,0,0,0,0,0
State House 041,DEM,"McKinzie, Mack ",2567,0,0,0,0,0,0,0,0,0,0,0,0,0,0,0,0,0,0,0,0,0,0,0,0,0,0,0,0,0,0,0,0,0,0,0,0,0,0,0,0,0,0,0,0,0,0,0,0,0,0,0,0,0,0,0,0,0,2567,0,0,0,0,0,0,0,0,0
State House 041,REP,"Hill, Mike ",11786,0,0,0,0,0,0,0,0,0,0,0,0,0,0,0,0,0,0,0,0,0,0,0,0,0,0,0,0,0,0,0,0,0,0,0,0,0,0,0,0,0,0,0,0,0,0,0,0,0,0,0,0,0,0,0,0,0,11786,0,0,0,0,0,0,0,0,0
State House 041,WI,WRITE-IN,18,0,0,0,0,0,0,0,0,0,0,0,0,0,0,0,0,0,0,0,0,0,0,0,0,0,0,0,0,0,0,0,0,0,0,0,0,0,0,0,0,0,0,0,0,0,0,0,0,0,0,0,0,0,0,0,0,0,18,0,0,0,0,0,0,0,0,0
State House 042,DEM,"Martin, James M. (Jimmy)",8663,0,0,0,0,0,0,0,0,0,0,8000,0,0,0,0,0,0,0,0,0,0,0,0,0,0,0,0,0,0,0,0,0,0,0,0,0,0,0,0,0,0,0,0,0,0,0,0,0,0,0,0,0,0,0,0,0,0,663,0,0,0,0,0,0,0,0,0
State House 042,REP,"Caton, Allen ",6009,0,0,0,0,0,0,0,0,0,0,5575,0,0,0,0,0,0,0,0,0,0,0,0,0,0,0,0,0,0,0,0,0,0,0,0,0,0,0,0,0,0,0,0,0,0,0,0,0,0,0,0,0,0,0,0,0,0,434,0,0,0,0,0,0,0,0,0
State House 042,WI,WRITE-IN,15,0,0,0,0,0,0,0,0,0,0,11,0,0,0,0,0,0,0,0,0,0,0,0,0,0,0,0,0,0,0,0,0,0,0,0,0,0,0,0,0,0,0,0,0,0,0,0,0,0,0,0,0,0,0,0,0,0,4,0,0,0,0,0,0,0,0,0
State House 043,REP,"McClurkin, Mary Sue",15080,0,0,0,0,0,0,0,0,0,0,0,0,0,0,0,0,0,0,0,0,0,0,0,0,0,0,0,0,0,0,0,0,0,0,0,0,222,0,0,0,0,0,0,0,0,0,0,0,0,0,0,0,0,0,0,0,0,14858,0,0,0,0,0,0,0,0,0
State House 043,WI,WRITE-IN,104,0,0,0,0,0,0,0,0,0,0,0,0,0,0,0,0,0,0,0,0,0,0,0,0,0,0,0,0,0,0,0,0,0,0,0,0,5,0,0,0,0,0,0,0,0,0,0,0,0,0,0,0,0,0,0,0,0,99,0,0,0,0,0,0,0,0,0
State House 044,REP,"Payne, Arthur ",11569,0,0,0,0,0,0,0,0,0,0,0,0,0,0,0,0,0,0,0,0,0,0,0,0,0,0,0,0,0,0,0,0,0,0,0,0,11569,0,0,0,0,0,0,0,0,0,0,0,0,0,0,0,0,0,0,0,0,0,0,0,0,0,0,0,0,0,0
State House 044,WI,WRITE-IN,170,0,0,0,0,0,0,0,0,0,0,0,0,0,0,0,0,0,0,0,0,0,0,0,0,0,0,0,0,0,0,0,0,0,0,0,0,170,0,0,0,0,0,0,0,0,0,0,0,0,0,0,0,0,0,0,0,0,0,0,0,0,0,0,0,0,0,0
State House 045,LIB,"Echols, Jeff ",1794,0,0,0,0,0,0,0,0,0,0,0,0,0,0,0,0,0,0,0,0,0,0,0,0,0,0,0,0,0,0,0,0,0,0,0,0,1740,0,0,0,0,0,0,0,0,0,0,0,0,0,0,0,0,0,0,0,0,0,54,0,0,0,0,0,0,0,0
State House 045,REP,"Morton, Albert ",9109,0,0,0,0,0,0,0,0,0,0,0,0,0,0,0,0,0,0,0,0,0,0,0,0,0,0,0,0,0,0,0,0,0,0,0,0,8671,0,0,0,0,0,0,0,0,0,0,0,0,0,0,0,0,0,0,0,0,0,438,0,0,0,0,0,0,0,0
State House 045,WI,WRITE-IN,41,0,0,0,0,0,0,0,0,0,0,0,0,0,0,0,0,0,0,0,0,0,0,0,0,0,0,0,0,0,0,0,0,0,0,0,0,40,0,0,0,0,0,0,0,0,0,0,0,0,0,0,0,0,0,0,0,0,0,1,0,0,0,0,0,0,0,0
State House 046,REP,"Gaines, Mark ",14412,0,0,0,0,0,0,0,0,0,0,0,0,0,0,0,0,0,0,0,0,0,0,0,0,0,0,0,0,0,0,0,0,0,0,0,0,14412,0,0,0,0,0,0,0,0,0,0,0,0,0,0,0,0,0,0,0,0,0,0,0,0,0,0,0,0,0,0
State House 046,WI,WRITE-IN,192,0,0,0,0,0,0,0,0,0,0,0,0,0,0,0,0,0,0,0,0,0,0,0,0,0,0,0,0,0,0,0,0,0,0,0,0,192,0,0,0,0,0,0,0,0,0,0,0,0,0,0,0,0,0,0,0,0,0,0,0,0,0,0,0,0,0,0
State House 047,REP,"Hawkins, John H.",12812,0,0,0,0,0,0,0,0,0,0,0,0,0,0,0,0,0,0,0,0,0,0,0,0,0,0,0,0,0,0,0,0,0,0,0,0,12812,0,0,0,0,0,0,0,0,0,0,0,0,0,0,0,0,0,0,0,0,0,0,0,0,0,0,0,0,0,0
State House 047,WI,WRITE-IN,185,0,0,0,0,0,0,0,0,0,0,0,0,0,0,0,0,0,0,0,0,0,0,0,0,0,0,0,0,0,0,0,0,0,0,0,0,185,0,0,0,0,0,0,0,0,0,0,0,0,0,0,0,0,0,0,0,0,0,0,0,0,0,0,0,0,0,0
State House 048,REP,"Carns, Jim ",15146,0,0,0,0,0,0,0,0,0,0,0,0,0,0,0,0,0,0,0,0,0,0,0,0,0,0,0,0,0,0,0,0,0,0,0,0,11209,0,0,0,0,0,0,0,0,0,0,0,0,0,0,0,0,0,0,0,0,3937,0,0,0,0,0,0,0,0,0
State House 048,WI,WRITE-IN,143,0,0,0,0,0,0,0,0,0,0,0,0,0,0,0,0,0,0,0,0,0,0,0,0,0,0,0,0,0,0,0,0,0,0,0,0,116,0,0,0,0,0,0,0,0,0,0,0,0,0,0,0,0,0,0,0,0,27,0,0,0,0,0,0,0,0,0
State House 049,REP,"Ward, Cam ",10609,0,0,0,2970,0,0,0,0,0,0,0,0,0,0,0,0,0,0,0,0,0,0,0,0,0,0,0,0,0,0,0,0,0,0,0,0,0,0,0,0,0,0,0,0,0,0,0,0,0,0,0,0,0,0,0,0,0,7639,0,0,0,0,0,0,0,0,0
State House 049,WI,WRITE-IN,73,0,0,0,0,0,0,0,0,0,0,0,0,0,0,0,0,0,0,0,0,0,0,0,0,0,0,0,0,0,0,0,0,0,0,0,0,0,0,0,0,0,0,0,0,0,0,0,0,0,0,0,0,0,0,0,0,0,73,0,0,0,0,0,0,0,0,0
State House 050,DEM,"Quarles, Marilyn ",3345,0,0,0,0,0,0,0,0,0,0,0,0,0,0,0,0,0,0,0,0,0,0,0,0,0,0,0,0,0,0,0,0,0,0,0,0,0,0,0,0,0,0,0,0,0,0,0,0,0,0,0,0,0,0,0,0,0,821,2524,0,0,0,0,0,0,0,0
State House 050,REP,"McClendon, Jim ",8995,0,0,0,0,0,0,0,0,0,0,0,0,0,0,0,0,0,0,0,0,0,0,0,0,0,0,0,0,0,0,0,0,0,0,0,0,0,0,0,0,0,0,0,0,0,0,0,0,0,0,0,0,0,0,0,0,0,1346,7649,0,0,0,0,0,0,0,0
State House 050,WI,WRITE-IN,29,0,0,0,0,0,0,0,0,0,0,0,0,0,0,0,0,0,0,0,0,0,0,0,0,0,0,0,0,0,0,0,0,0,0,0,0,0,0,0,0,0,0,0,0,0,0,0,0,0,0,0,0,0,0,0,0,0,4,25,0,0,0,0,0,0,0,0
State House 051,REP,"Beason, Scott ",12397,0,0,0,0,0,0,0,0,0,0,0,0,0,0,0,0,0,0,0,0,0,0,0,0,0,0,0,0,0,0,0,0,0,0,0,0,12397,0,0,0,0,0,0,0,0,0,0,0,0,0,0,0,0,0,0,0,0,0,0,0,0,0,0,0,0,0,0
State House 051,WI,WRITE-IN,137,0,0,0,0,0,0,0,0,0,0,0,0,0,0,0,0,0,0,0,0,0,0,0,0,0,0,0,0,0,0,0,0,0,0,0,0,137,0,0,0,0,0,0,0,0,0,0,0,0,0,0,0,0,0,0,0,0,0,0,0,0,0,0,0,0,0,0
State House 052,DEM,"Rogers, John W., Jr.",9909,0,0,0,0,0,0,0,0,0,0,0,0,0,0,0,0,0,0,0,0,0,0,0,0,0,0,0,0,0,0,0,0,0,0,0,0,9909,0,0,0,0,0,0,0,0,0,0,0,0,0,0,0,0,0,0,0,0,0,0,0,0,0,0,0,0,0,0
State House 052,WI,WRITE-IN,188,0,0,0,0,0,0,0,0,0,0,0,0,0,0,0,0,0,0,0,0,0,0,0,0,0,0,0,0,0,0,0,0,0,0,0,0,188,0,0,0,0,0,0,0,0,0,0,0,0,0,0,0,0,0,0,0,0,0,0,0,0,0,0,0,0,0,0
State House 053,DEM,"Newton, Demetrius C.",8916,0,0,0,0,0,0,0,0,0,0,0,0,0,0,0,0,0,0,0,0,0,0,0,0,0,0,0,0,0,0,0,0,0,0,0,0,8916,0,0,0,0,0,0,0,0,0,0,0,0,0,0,0,0,0,0,0,0,0,0,0,0,0,0,0,0,0,0
State House 053,LIB,"Presson, Freeman Craig",914,0,0,0,0,0,0,0,0,0,0,0,0,0,0,0,0,0,0,0,0,0,0,0,0,0,0,0,0,0,0,0,0,0,0,0,0,914,0,0,0,0,0,0,0,0,0,0,0,0,0,0,0,0,0,0,0,0,0,0,0,0,0,0,0,0,0,0
State House 053,WI,WRITE-IN,44,0,0,0,0,0,0,0,0,0,0,0,0,0,0,0,0,0,0,0,0,0,0,0,0,0,0,0,0,0,0,0,0,0,0,0,0,44,0,0,0,0,0,0,0,0,0,0,0,0,0,0,0,0,0,0,0,0,0,0,0,0,0,0,0,0,0,0
State House 054,DEM,"Perdue, George ",8392,0,0,0,0,0,0,0,0,0,0,0,0,0,0,0,0,0,0,0,0,0,0,0,0,0,0,0,0,0,0,0,0,0,0,0,0,8392,0,0,0,0,0,0,0,0,0,0,0,0,0,0,0,0,0,0,0,0,0,0,0,0,0,0,0,0,0,0
State House 054,WI,WRITE-IN,120,0,0,0,0,0,0,0,0,0,0,0,0,0,0,0,0,0,0,0,0,0,0,0,0,0,0,0,0,0,0,0,0,0,0,0,0,120,0,0,0,0,0,0,0,0,0,0,0,0,0,0,0,0,0,0,0,0,0,0,0,0,0,0,0,0,0,0
State House 055,DEM,"Major, Eric ",9145,0,0,0,0,0,0,0,0,0,0,0,0,0,0,0,0,0,0,0,0,0,0,0,0,0,0,0,0,0,0,0,0,0,0,0,0,9145,0,0,0,0,0,0,0,0,0,0,0,0,0,0,0,0,0,0,0,0,0,0,0,0,0,0,0,0,0,0
State House 055,WI,WRITE-IN,117,0,0,0,0,0,0,0,0,0,0,0,0,0,0,0,0,0,0,0,0,0,0,0,0,0,0,0,0,0,0,0,0,0,0,0,0,117,0,0,0,0,0,0,0,0,0,0,0,0,0,0,0,0,0,0,0,0,0,0,0,0,0,0,0,0,0,0
State House 056,DEM,"Dunn, Pricilla ",10335,0,0,0,0,0,0,0,0,0,0,0,0,0,0,0,0,0,0,0,0,0,0,0,0,0,0,0,0,0,0,0,0,0,0,0,0,10335,0,0,0,0,0,0,0,0,0,0,0,0,0,0,0,0,0,0,0,0,0,0,0,0,0,0,0,0,0,0
State House 056,WI,WRITE-IN,183,0,0,0,0,0,0,0,0,0,0,0,0,0,0,0,0,0,0,0,0,0,0,0,0,0,0,0,0,0,0,0,0,0,0,0,0,183,0,0,0,0,0,0,0,0,0,0,0,0,0,0,0,0,0,0,0,0,0,0,0,0,0,0,0,0,0,0
State House 057,DEM,"Coleman, Merika ",11121,0,0,0,0,0,0,0,0,0,0,0,0,0,0,0,0,0,0,0,0,0,0,0,0,0,0,0,0,0,0,0,0,0,0,0,0,11121,0,0,0,0,0,0,0,0,0,0,0,0,0,0,0,0,0,0,0,0,0,0,0,0,0,0,0,0,0,0
State House 057,WI,WRITE-IN,151,0,0,0,0,0,0,0,0,0,0,0,0,0,0,0,0,0,0,0,0,0,0,0,0,0,0,0,0,0,0,0,0,0,0,0,0,151,0,0,0,0,0,0,0,0,0,0,0,0,0,0,0,0,0,0,0,0,0,0,0,0,0,0,0,0,0,0
State House 058,DEM,"Robinson, Oliver ",9204,0,0,0,0,0,0,0,0,0,0,0,0,0,0,0,0,0,0,0,0,0,0,0,0,0,0,0,0,0,0,0,0,0,0,0,0,9204,0,0,0,0,0,0,0,0,0,0,0,0,0,0,0,0,0,0,0,0,0,0,0,0,0,0,0,0,0,0
State House 058,WI,WRITE-IN,112,0,0,0,0,0,0,0,0,0,0,0,0,0,0,0,0,0,0,0,0,0,0,0,0,0,0,0,0,0,0,0,0,0,0,0,0,112,0,0,0,0,0,0,0,0,0,0,0,0,0,0,0,0,0,0,0,0,0,0,0,0,0,0,0,0,0,0
State House 059,DEM,"Moore, Mary ",8484,0,0,0,0,0,0,0,0,0,0,0,0,0,0,0,0,0,0,0,0,0,0,0,0,0,0,0,0,0,0,0,0,0,0,0,0,8484,0,0,0,0,0,0,0,0,0,0,0,0,0,0,0,0,0,0,0,0,0,0,0,0,0,0,0,0,0,0
State House 059,REP,"Washington, William ",2004,0,0,0,0,0,0,0,0,0,0,0,0,0,0,0,0,0,0,0,0,0,0,0,0,0,0,0,0,0,0,0,0,0,0,0,0,2004,0,0,0,0,0,0,0,0,0,0,0,0,0,0,0,0,0,0,0,0,0,0,0,0,0,0,0,0,0,0
State House 059,WI,WRITE-IN,13,0,0,0,0,0,0,0,0,0,0,0,0,0,0,0,0,0,0,0,0,0,0,0,0,0,0,0,0,0,0,0,0,0,0,0,0,13,0,0,0,0,0,0,0,0,0,0,0,0,0,0,0,0,0,0,0,0,0,0,0,0,0,0,0,0,0,0
State House 060,DEM,"Coleman, Linda ",11190,0,0,0,0,0,0,0,0,0,0,0,0,0,0,0,0,0,0,0,0,0,0,0,0,0,0,0,0,0,0,0,0,0,0,0,0,11190,0,0,0,0,0,0,0,0,0,0,0,0,0,0,0,0,0,0,0,0,0,0,0,0,0,0,0,0,0,0
State House 060,WI,WRITE-IN,121,0,0,0,0,0,0,0,0,0,0,0,0,0,0,0,0,0,0,0,0,0,0,0,0,0,0,0,0,0,0,0,0,0,0,0,0,121,0,0,0,0,0,0,0,0,0,0,0,0,0,0,0,0,0,0,0,0,0,0,0,0,0,0,0,0,0,0
State House 061,DEM,"Layson, Allen ",9193,0,0,0,0,0,0,0,0,0,0,0,0,0,0,0,0,0,0,0,0,0,0,0,0,0,0,0,0,0,0,0,0,0,0,0,0,0,0,0,0,0,0,0,0,0,0,0,0,0,0,0,0,0,5463,0,0,0,0,0,0,0,0,3730,0,0,0,0
State House 061,WI,WRITE-IN,139,0,0,0,0,0,0,0,0,0,0,0,0,0,0,0,0,0,0,0,0,0,0,0,0,0,0,0,0,0,0,0,0,0,0,0,0,0,0,0,0,0,0,0,0,0,0,0,0,0,0,0,0,0,32,0,0,0,0,0,0,0,0,107,0,0,0,0
State House 062,DEM,"Merrill, John H.",5659,0,0,0,0,0,0,0,0,0,0,0,0,0,0,0,0,0,0,0,0,0,0,0,0,0,0,0,0,0,0,0,0,0,0,0,0,0,0,0,0,0,0,0,0,0,0,0,0,0,0,0,0,0,0,0,0,0,0,0,0,0,0,5659,0,0,0,0
State House 062,REP,"Allen, Gerald ",6788,0,0,0,0,0,0,0,0,0,0,0,0,0,0,0,0,0,0,0,0,0,0,0,0,0,0,0,0,0,0,0,0,0,0,0,0,0,0,0,0,0,0,0,0,0,0,0,0,0,0,0,0,0,0,0,0,0,0,0,0,0,0,6788,0,0,0,0
State House 062,WI,WRITE-IN,16,0,0,0,0,0,0,0,0,0,0,0,0,0,0,0,0,0,0,0,0,0,0,0,0,0,0,0,0,0,0,0,0,0,0,0,0,0,0,0,0,0,0,0,0,0,0,0,0,0,0,0,0,0,0,0,0,0,0,0,0,0,0,16,0,0,0,0
State House 063,DEM,"VanderMeer, Jeanette ",4909,0,0,0,0,0,0,0,0,0,0,0,0,0,0,0,0,0,0,0,0,0,0,0,0,0,0,0,0,0,0,0,0,0,0,0,0,0,0,0,0,0,0,0,0,0,0,0,0,0,0,0,0,0,0,0,0,0,0,0,0,0,0,4909,0,0,0,0
State House 063,REP,"Bentley, Robert ",8615,0,0,0,0,0,0,0,0,0,0,0,0,0,0,0,0,0,0,0,0,0,0,0,0,0,0,0,0,0,0,0,0,0,0,0,0,0,0,0,0,0,0,0,0,0,0,0,0,0,0,0,0,0,0,0,0,0,0,0,0,0,0,8615,0,0,0,0
State House 063,WI,WRITE-IN,15,0,0,0,0,0,0,0,0,0,0,0,0,0,0,0,0,0,0,0,0,0,0,0,0,0,0,0,0,0,0,0,0,0,0,0,0,0,0,0,0,0,0,0,0,0,0,0,0,0,0,0,0,0,0,0,0,0,0,0,0,0,0,15,0,0,0,0
State House 064,DEM,"Warren, J. E. (Jimmy)",4797,0,1356,0,0,0,0,0,0,0,0,0,0,0,0,0,0,0,632,0,0,0,0,0,0,0,0,473,0,0,0,0,0,0,0,0,0,0,0,0,0,0,0,0,0,0,0,0,0,0,2336,0,0,0,0,0,0,0,0,0,0,0,0,0,0,0,0,0
State House 064,REP,"Albritton, Greg ",5929,0,2553,0,0,0,0,0,0,0,0,0,0,0,0,0,0,0,339,0,0,0,0,0,0,0,0,519,0,0,0,0,0,0,0,0,0,0,0,0,0,0,0,0,0,0,0,0,0,0,2518,0,0,0,0,0,0,0,0,0,0,0,0,0,0,0,0,0
State House 064,WI,WRITE-IN,14,0,9,0,0,0,0,0,0,0,0,0,0,0,0,0,0,0,1,0,0,0,0,0,0,0,0,2,0,0,0,0,0,0,0,0,0,0,0,0,0,0,0,0,0,0,0,0,0,0,2,0,0,0,0,0,0,0,0,0,0,0,0,0,0,0,0,0
State House 065,DEM,"Dolbare, Jeff ",7903,0,0,0,0,0,0,0,0,0,0,0,2073,2118,0,0,0,0,0,0,0,0,0,0,0,0,0,0,0,0,0,0,0,0,0,0,0,0,0,0,0,0,0,0,0,0,0,0,0,0,0,0,0,0,0,0,0,0,0,0,0,0,0,0,0,3712,0,0
State House 065,REP,"Williams, Nick ",5737,0,0,0,0,0,0,0,0,0,0,0,1364,1944,0,0,0,0,0,0,0,0,0,0,0,0,0,0,0,0,0,0,0,0,0,0,0,0,0,0,0,0,0,0,0,0,0,0,0,0,0,0,0,0,0,0,0,0,0,0,0,0,0,0,0,2429,0,0
State House 065,WI,WRITE-IN,17,0,0,0,0,0,0,0,0,0,0,0,0,8,0,0,0,0,0,0,0,0,0,0,0,0,0,0,0,0,0,0,0,0,0,0,0,0,0,0,0,0,0,0,0,0,0,0,0,0,0,0,0,0,0,0,0,0,0,0,0,0,0,0,0,9,0,0
State House 066,DEM,"White, F. P. ""Skippy""",6165,0,1244,0,0,0,0,0,0,0,0,0,0,0,0,0,0,0,0,0,0,0,0,0,0,0,0,4921,0,0,0,0,0,0,0,0,0,0,0,0,0,0,0,0,0,0,0,0,0,0,0,0,0,0,0,0,0,0,0,0,0,0,0,0,0,0,0,0
State House 066,WI,WRITE-IN,128,0,40,0,0,0,0,0,0,0,0,0,0,0,0,0,0,0,0,0,0,0,0,0,0,0,0,88,0,0,0,0,0,0,0,0,0,0,0,0,0,0,0,0,0,0,0,0,0,0,0,0,0,0,0,0,0,0,0,0,0,0,0,0,0,0,0,0
State House 067,DEM,"Salaam, Y. ",6192,0,0,0,0,0,0,0,0,0,0,0,0,0,0,0,0,0,0,0,0,0,0,0,6192,0,0,0,0,0,0,0,0,0,0,0,0,0,0,0,0,0,0,0,0,0,0,0,0,0,0,0,0,0,0,0,0,0,0,0,0,0,0,0,0,0,0,0
State House 067,REP,"Story, Mark A.",5349,0,0,0,0,0,0,0,0,0,0,0,0,0,0,0,0,0,0,0,0,0,0,0,5349,0,0,0,0,0,0,0,0,0,0,0,0,0,0,0,0,0,0,0,0,0,0,0,0,0,0,0,0,0,0,0,0,0,0,0,0,0,0,0,0,0,0,0
State House 067,WI,WRITE-IN,2615,0,0,0,0,0,0,0,0,0,0,0,0,0,0,0,0,0,0,0,0,0,0,0,2615,0,0,0,0,0,0,0,0,0,0,0,0,0,0,0,0,0,0,0,0,0,0,0,0,0,0,0,0,0,0,0,0,0,0,0,0,0,0,0,0,0,0,0
State House 068,DEM,"Jackson, Thomas E.",9093,0,0,0,0,0,0,0,0,0,0,0,1287,3203,0,0,0,0,1365,0,0,0,0,0,0,0,0,0,0,0,0,0,0,0,0,0,0,0,0,0,0,0,0,0,0,0,831,0,0,0,2407,0,0,0,0,0,0,0,0,0,0,0,0,0,0,0,0,0
State House 068,WI,WRITE-IN,60,0,0,0,0,0,0,0,0,0,0,0,0,29,0,0,0,0,11,0,0,0,0,0,0,0,0,0,0,0,0,0,0,0,0,0,0,0,0,0,0,0,0,0,0,0,4,0,0,0,16,0,0,0,0,0,0,0,0,0,0,0,0,0,0,0,0,0
State House 069,DEM,"Thomas, James L.",10198,1611,0,0,0,0,0,0,0,0,0,0,0,0,0,0,0,0,0,0,0,0,0,0,1358,0,0,0,0,0,0,0,0,0,0,0,0,0,0,0,0,0,0,3790,0,0,0,0,0,0,0,0,0,0,0,0,0,0,0,0,0,0,0,0,0,0,3439,0
State House 069,WI,WRITE-IN,155,25,0,0,0,0,0,0,0,0,0,0,0,0,0,0,0,0,0,0,0,0,0,0,34,0,0,0,0,0,0,0,0,0,0,0,0,0,0,0,0,0,0,30,0,0,0,0,0,0,0,0,0,0,0,0,0,0,0,0,0,0,0,0,0,0,66,0
State House 070,DEM,"Melton, Bryant ",6544,0,0,0,0,0,0,0,0,0,0,0,0,0,0,0,0,0,0,0,0,0,0,0,0,0,0,0,0,0,0,0,0,0,0,0,0,0,0,0,0,0,0,0,0,0,0,0,0,0,0,0,0,0,0,0,0,0,0,0,0,0,0,6544,0,0,0,0
State House 070,LIB,"Robinson, John L.",145,0,0,0,0,0,0,0,0,0,0,0,0,0,0,0,0,0,0,0,0,0,0,0,0,0,0,0,0,0,0,0,0,0,0,0,0,0,0,0,0,0,0,0,0,0,0,0,0,0,0,0,0,0,0,0,0,0,0,0,0,0,0,145,0,0,0,0
State House 070,REP,"Hill, Stephen ",1772,0,0,0,0,0,0,0,0,0,0,0,0,0,0,0,0,0,0,0,0,0,0,0,0,0,0,0,0,0,0,0,0,0,0,0,0,0,0,0,0,0,0,0,0,0,0,0,0,0,0,0,0,0,0,0,0,0,0,0,0,0,0,1772,0,0,0,0
State House 070,WI,WRITE-IN,7,0,0,0,0,0,0,0,0,0,0,0,0,0,0,0,0,0,0,0,0,0,0,0,0,0,0,0,0,0,0,0,0,0,0,0,0,0,0,0,0,0,0,0,0,0,0,0,0,0,0,0,0,0,0,0,0,0,0,0,0,0,0,7,0,0,0,0
State House 071,DEM,"Black, Lucius ",10876,0,0,0,0,0,0,0,0,0,0,0,0,0,0,0,0,0,0,0,0,0,0,0,0,0,0,0,0,0,0,0,3519,0,0,0,0,0,0,0,0,0,0,0,0,0,2689,0,0,0,0,0,0,0,0,0,0,0,0,0,4146,0,0,522,0,0,0,0
State House 071,WI,WRITE-IN,135,0,0,0,0,0,0,0,0,0,0,0,0,0,0,0,0,0,0,0,0,0,0,0,0,0,0,0,0,0,0,0,24,0,0,0,0,0,0,0,0,0,0,0,0,0,39,0,0,0,0,0,0,0,0,0,0,0,0,0,55,0,0,17,0,0,0,0
State House 072,DEM,"Singleton, Bobby ",11306,0,0,0,1105,0,0,0,0,0,0,0,0,0,0,0,0,0,0,0,0,0,0,0,0,0,0,0,0,0,0,0,0,4608,0,0,0,0,0,0,0,0,0,0,0,0,1735,0,0,0,0,0,0,3858,0,0,0,0,0,0,0,0,0,0,0,0,0,0
State House 072,WI,WRITE-IN,212,0,0,0,0,0,0,0,0,0,0,0,0,0,0,0,0,0,0,0,0,0,0,0,0,0,0,0,0,0,0,0,0,163,0,0,0,0,0,0,0,0,0,0,0,0,10,0,0,0,0,0,0,39,0,0,0,0,0,0,0,0,0,0,0,0,0,0
State House 073,REP,"Grimes, David ",9918,0,0,0,0,0,0,0,0,0,0,0,0,0,0,0,0,0,0,0,0,0,0,0,0,0,0,0,0,0,0,0,0,0,0,0,0,0,0,0,0,0,0,0,0,0,0,0,0,0,0,9918,0,0,0,0,0,0,0,0,0,0,0,0,0,0,0,0
State House 073,WI,WRITE-IN,22,0,0,0,0,0,0,0,0,0,0,0,0,0,0,0,0,0,0,0,0,0,0,0,0,0,0,0,0,0,0,0,0,0,0,0,0,0,0,0,0,0,0,0,0,0,0,0,0,0,0,22,0,0,0,0,0,0,0,0,0,0,0,0,0,0,0,0
State House 074,DEM,"Ott, Ruth Mitchell",3667,0,0,0,0,0,0,0,0,0,0,0,0,0,0,0,0,0,0,0,0,0,0,0,0,0,0,0,0,0,0,0,0,0,0,0,0,0,0,0,0,0,0,0,0,0,0,0,0,0,0,3667,0,0,0,0,0,0,0,0,0,0,0,0,0,0,0,0
State House 074,REP,"Love, Jay , Jr.",9712,0,0,0,0,0,0,0,0,0,0,0,0,0,0,0,0,0,0,0,0,0,0,0,0,0,0,0,0,0,0,0,0,0,0,0,0,0,0,0,0,0,0,0,0,0,0,0,0,0,0,9712,0,0,0,0,0,0,0,0,0,0,0,0,0,0,0,0
State House 074,WI,WRITE-IN,1,0,0,0,0,0,0,0,0,0,0,0,0,0,0,0,0,0,0,0,0,0,0,0,0,0,0,0,0,0,0,0,0,0,0,0,0,0,0,0,0,0,0,0,0,0,0,0,0,0,0,1,0,0,0,0,0,0,0,0,0,0,0,0,0,0,0,0
State House 075,REP,"Brewbaker, Dick L.",11208,0,0,0,0,0,0,0,0,0,0,0,0,0,0,0,0,0,0,0,0,0,0,0,0,0,5105,0,0,0,0,0,0,0,0,0,0,0,0,0,0,0,0,0,0,0,0,0,0,0,0,6103,0,0,0,0,0,0,0,0,0,0,0,0,0,0,0,0
State House 075,WI,WRITE-IN,60,0,0,0,0,0,0,0,0,0,0,0,0,0,0,0,0,0,0,0,0,0,0,0,0,0,54,0,0,0,0,0,0,0,0,0,0,0,0,0,0,0,0,0,0,0,0,0,0,0,0,6,0,0,0,0,0,0,0,0,0,0,0,0,0,0,0,0
State House 076,DEM,"McClammy, Thad ",7367,0,0,0,0,0,0,0,0,0,0,0,0,0,0,0,0,0,0,0,0,0,0,0,0,0,0,0,0,0,0,0,0,0,0,0,0,0,0,0,0,0,0,0,0,0,0,0,0,0,0,7367,0,0,0,0,0,0,0,0,0,0,0,0,0,0,0,0
State House 076,LIB,"McCoy, Horace ",449,0,0,0,0,0,0,0,0,0,0,0,0,0,0,0,0,0,0,0,0,0,0,0,0,0,0,0,0,0,0,0,0,0,0,0,0,0,0,0,0,0,0,0,0,0,0,0,0,0,0,449,0,0,0,0,0,0,0,0,0,0,0,0,0,0,0,0
State House 076,REP,"Grant, Tanner ",3035,0,0,0,0,0,0,0,0,0,0,0,0,0,0,0,0,0,0,0,0,0,0,0,0,0,0,0,0,0,0,0,0,0,0,0,0,0,0,0,0,0,0,0,0,0,0,0,0,0,0,3035,0,0,0,0,0,0,0,0,0,0,0,0,0,0,0,0
State House 076,WI,WRITE-IN,0,0,0,0,0,0,0,0,0,0,0,0,0,0,0,0,0,0,0,0,0,0,0,0,0,0,0,0,0,0,0,0,0,0,0,0,0,0,0,0,0,0,0,0,0,0,0,0,0,0,0,0,0,0,0,0,0,0,0,0,0,0,0,0,0,0,0,0
State House 077,DEM,"Knight, John ",7920,0,0,0,0,0,0,0,0,0,0,0,0,0,0,0,0,0,0,0,0,0,0,0,0,0,0,0,0,0,0,0,0,0,0,0,0,0,0,0,0,0,0,0,0,0,0,0,0,0,0,7920,0,0,0,0,0,0,0,0,0,0,0,0,0,0,0,0
State House 077,WI,WRITE-IN,7,0,0,0,0,0,0,0,0,0,0,0,0,0,0,0,0,0,0,0,0,0,0,0,0,0,0,0,0,0,0,0,0,0,0,0,0,0,0,0,0,0,0,0,0,0,0,0,0,0,0,7,0,0,0,0,0,0,0,0,0,0,0,0,0,0,0,0
State House 078,DEM,"Holmes, Alvin ",7839,0,0,0,0,0,0,0,0,0,0,0,0,0,0,0,0,0,0,0,0,0,0,0,0,0,0,0,0,0,0,0,0,0,0,0,0,0,0,0,0,0,0,0,0,0,0,0,0,0,0,7839,0,0,0,0,0,0,0,0,0,0,0,0,0,0,0,0
State House 078,WI,WRITE-IN,9,0,0,0,0,0,0,0,0,0,0,0,0,0,0,0,0,0,0,0,0,0,0,0,0,0,0,0,0,0,0,0,0,0,0,0,0,0,0,0,0,0,0,0,0,0,0,0,0,0,0,9,0,0,0,0,0,0,0,0,0,0,0,0,0,0,0,0
State House 079,LIB,"Johnson, Charles W.",1597,0,0,0,0,0,0,0,0,0,0,0,0,0,0,0,0,0,0,0,0,0,0,0,0,0,0,0,0,0,0,0,0,0,0,0,0,0,0,0,0,1597,0,0,0,0,0,0,0,0,0,0,0,0,0,0,0,0,0,0,0,0,0,0,0,0,0,0
State House 079,REP,"Hubbard, Mike ",10425,0,0,0,0,0,0,0,0,0,0,0,0,0,0,0,0,0,0,0,0,0,0,0,0,0,0,0,0,0,0,0,0,0,0,0,0,0,0,0,0,10425,0,0,0,0,0,0,0,0,0,0,0,0,0,0,0,0,0,0,0,0,0,0,0,0,0,0
State House 079,WI,WRITE-IN,0,0,0,0,0,0,0,0,0,0,0,0,0,0,0,0,0,0,0,0,0,0,0,0,0,0,0,0,0,0,0,0,0,0,0,0,0,0,0,0,0,0,0,0,0,0,0,0,0,0,0,0,0,0,0,0,0,0,0,0,0,0,0,0,0,0,0,0
State House 080,DEM,"Vance, Lesley ",6020,0,0,0,0,0,0,0,0,0,0,0,0,0,0,0,0,0,0,0,0,0,0,0,0,0,0,0,0,0,0,0,0,0,0,0,0,0,0,0,0,1549,0,0,0,0,0,0,0,0,0,0,0,0,0,0,0,4471,0,0,0,0,0,0,0,0,0,0
State House 080,WI,WRITE-IN,80,0,0,0,0,0,0,0,0,0,0,0,0,0,0,0,0,0,0,0,0,0,0,0,0,0,0,0,0,0,0,0,0,0,0,0,0,0,0,0,0,0,0,0,0,0,0,0,0,0,0,0,0,0,0,0,0,80,0,0,0,0,0,0,0,0,0,0
State House 081,DEM,"Graham, Betty Carol",10400,0,0,0,0,0,0,0,0,0,0,0,0,0,0,0,0,0,0,0,0,0,0,0,0,0,0,0,0,0,0,0,0,0,0,0,0,0,0,0,0,187,0,0,0,0,0,0,0,0,0,0,0,0,0,0,0,0,0,0,0,0,10213,0,0,0,0,0
State House 081,REP,"Patterson, Benjie ",4458,0,0,0,0,0,0,0,0,0,0,0,0,0,0,0,0,0,0,0,0,0,0,0,0,0,0,0,0,0,0,0,0,0,0,0,0,0,0,0,0,191,0,0,0,0,0,0,0,0,0,0,0,0,0,0,0,0,0,0,0,0,4267,0,0,0,0,0
State House 081,WI,WRITE-IN,14,0,0,0,0,0,0,0,0,0,0,0,0,0,0,0,0,0,0,0,0,0,0,0,0,0,0,0,0,0,0,0,0,0,0,0,0,0,0,0,0,0,0,0,0,0,0,0,0,0,0,0,0,0,0,0,0,0,0,0,0,0,14,0,0,0,0,0
State House 082,DEM,"Ford, Johnny ",9003,0,0,0,0,0,698,0,0,0,0,0,0,0,0,0,0,0,0,0,0,0,0,0,0,0,0,0,0,0,0,0,0,0,0,0,0,0,0,0,0,2341,0,0,5964,0,0,0,0,0,0,0,0,0,0,0,0,0,0,0,0,0,0,0,0,0,0,0
State House 082,WI,WRITE-IN,96,0,0,0,0,0,0,0,0,0,0,0,0,0,0,0,0,0,0,0,0,0,0,0,0,0,0,0,0,0,0,0,0,0,0,0,0,0,0,0,0,0,0,0,96,0,0,0,0,0,0,0,0,0,0,0,0,0,0,0,0,0,0,0,0,0,0,0
State House 083,DEM,"Bandy, George (Tootie)",6107,0,0,0,0,0,0,0,0,0,0,0,0,0,0,0,0,0,0,0,0,0,0,0,0,0,0,0,0,0,0,0,0,0,0,0,0,0,0,0,0,3359,0,0,0,0,0,0,0,0,0,0,0,0,0,0,0,2748,0,0,0,0,0,0,0,0,0,0
State House 083,LIB,"Billoni, Donald J.",1530,0,0,0,0,0,0,0,0,0,0,0,0,0,0,0,0,0,0,0,0,0,0,0,0,0,0,0,0,0,0,0,0,0,0,0,0,0,0,0,0,1224,0,0,0,0,0,0,0,0,0,0,0,0,0,0,0,306,0,0,0,0,0,0,0,0,0,0
State House 083,WI,WRITE-IN,123,0,0,0,0,0,0,0,0,0,0,0,0,0,0,0,0,0,0,0,0,0,0,0,0,0,0,0,0,0,0,0,0,0,0,0,0,0,0,0,0,0,0,0,0,0,0,0,0,0,0,0,0,0,0,0,0,123,0,0,0,0,0,0,0,0,0,0
State House 084,DEM,"Beasley, Billy ",8618,0,0,6278,0,0,1794,0,0,0,0,0,0,0,0,0,0,0,0,0,0,0,0,0,0,0,0,0,0,0,0,0,0,0,0,0,0,0,0,0,0,0,0,0,0,0,0,0,0,0,0,0,0,0,0,0,0,546,0,0,0,0,0,0,0,0,0,0
State House 084,WI,WRITE-IN,203,0,0,66,0,0,0,0,0,0,0,0,0,0,0,0,0,0,0,0,0,0,0,0,0,0,0,0,0,0,0,0,0,0,0,0,0,0,0,0,0,0,0,0,0,0,0,0,0,0,0,0,0,0,0,0,0,137,0,0,0,0,0,0,0,0,0,0
State House 085,DEM,"Baker, Locy ""Sonny""",6718,0,0,0,0,0,0,0,0,0,0,0,0,0,0,0,0,0,0,0,0,0,0,0,0,0,0,0,0,0,0,0,0,0,3167,3551,0,0,0,0,0,0,0,0,0,0,0,0,0,0,0,0,0,0,0,0,0,0,0,0,0,0,0,0,0,0,0,0
State House 085,REP,"Smith, Gary L.",4350,0,0,0,0,0,0,0,0,0,0,0,0,0,0,0,0,0,0,0,0,0,0,0,0,0,0,0,0,0,0,0,0,0,2253,2097,0,0,0,0,0,0,0,0,0,0,0,0,0,0,0,0,0,0,0,0,0,0,0,0,0,0,0,0,0,0,0,0
State House 085,WI,WRITE-IN,10,0,0,0,0,0,0,0,0,0,0,0,0,0,0,0,0,0,0,0,0,0,0,0,0,0,0,0,0,0,0,0,0,0,4,6,0,0,0,0,0,0,0,0,0,0,0,0,0,0,0,0,0,0,0,0,0,0,0,0,0,0,0,0,0,0,0,0
State House 086,DEM,"Carothers, Joe ",8482,0,0,0,0,0,0,0,0,0,0,0,0,0,0,0,0,0,0,0,0,0,0,0,0,0,0,0,0,0,0,0,0,0,0,8482,0,0,0,0,0,0,0,0,0,0,0,0,0,0,0,0,0,0,0,0,0,0,0,0,0,0,0,0,0,0,0,0
State House 086,WI,WRITE-IN,206,0,0,0,0,0,0,0,0,0,0,0,0,0,0,0,0,0,0,0,0,0,0,0,0,0,0,0,0,0,0,0,0,0,0,206,0,0,0,0,0,0,0,0,0,0,0,0,0,0,0,0,0,0,0,0,0,0,0,0,0,0,0,0,0,0,0,0
State House 087,DEM,"Hutto, Mickey A.",3453,0,0,0,0,0,0,0,0,0,0,0,0,0,0,0,0,0,0,0,0,0,0,0,0,0,0,0,0,0,0,2466,0,0,0,987,0,0,0,0,0,0,0,0,0,0,0,0,0,0,0,0,0,0,0,0,0,0,0,0,0,0,0,0,0,0,0,0
State House 087,REP,"Beck, Warren Harris",9083,0,0,0,0,0,0,0,0,0,0,0,0,0,0,0,0,0,0,0,0,0,0,0,0,0,0,0,0,0,0,5290,0,0,0,3793,0,0,0,0,0,0,0,0,0,0,0,0,0,0,0,0,0,0,0,0,0,0,0,0,0,0,0,0,0,0,0,0
State House 087,WI,WRITE-IN,20,0,0,0,0,0,0,0,0,0,0,0,0,0,0,0,0,0,0,0,0,0,0,0,0,0,0,0,0,0,0,12,0,0,0,8,0,0,0,0,0,0,0,0,0,0,0,0,0,0,0,0,0,0,0,0,0,0,0,0,0,0,0,0,0,0,0,0
State House 088,REP,"Gipson, H. Mac",11681,9881,0,0,0,0,0,0,0,0,0,0,0,0,0,0,0,0,0,0,0,0,0,0,0,0,1800,0,0,0,0,0,0,0,0,0,0,0,0,0,0,0,0,0,0,0,0,0,0,0,0,0,0,0,0,0,0,0,0,0,0,0,0,0,0,0,0,0
State House 088,WI,WRITE-IN,170,134,0,0,0,0,0,0,0,0,0,0,0,0,0,0,0,0,0,0,0,0,0,0,0,0,36,0,0,0,0,0,0,0,0,0,0,0,0,0,0,0,0,0,0,0,0,0,0,0,0,0,0,0,0,0,0,0,0,0,0,0,0,0,0,0,0,0
State House 089,DEM,"Boothe, Alan ",7708,0,0,0,0,0,0,0,0,0,0,0,0,0,0,0,0,0,0,0,0,0,0,1623,0,0,0,0,0,0,0,0,0,0,0,0,0,0,0,0,0,0,0,0,0,0,0,0,0,0,0,0,0,0,0,6085,0,0,0,0,0,0,0,0,0,0,0,0
State House 089,WI,WRITE-IN,83,0,0,0,0,0,0,0,0,0,0,0,0,0,0,0,0,0,0,0,0,0,0,25,0,0,0,0,0,0,0,0,0,0,0,0,0,0,0,0,0,0,0,0,0,0,0,0,0,0,0,0,0,0,0,58,0,0,0,0,0,0,0,0,0,0,0,0
State House 090,DEM,"Newton, Charles ",9575,0,0,0,0,0,0,5247,0,0,0,0,0,0,0,0,0,0,1233,0,0,3095,0,0,0,0,0,0,0,0,0,0,0,0,0,0,0,0,0,0,0,0,0,0,0,0,0,0,0,0,0,0,0,0,0,0,0,0,0,0,0,0,0,0,0,0,0,0
State House 090,WI,WRITE-IN,83,0,0,0,0,0,0,48,0,0,0,0,0,0,0,0,0,0,9,0,0,26,0,0,0,0,0,0,0,0,0,0,0,0,0,0,0,0,0,0,0,0,0,0,0,0,0,0,0,0,0,0,0,0,0,0,0,0,0,0,0,0,0,0,0,0,0,0
State House 091,DEM,"Spicer, Terry ",7984,0,0,0,0,0,0,0,0,0,0,0,0,0,0,0,7984,0,0,0,0,0,0,0,0,0,0,0,0,0,0,0,0,0,0,0,0,0,0,0,0,0,0,0,0,0,0,0,0,0,0,0,0,0,0,0,0,0,0,0,0,0,0,0,0,0,0,0
State House 091,REP,"Howell, Wess ",4865,0,0,0,0,0,0,0,0,0,0,0,0,0,0,0,4865,0,0,0,0,0,0,0,0,0,0,0,0,0,0,0,0,0,0,0,0,0,0,0,0,0,0,0,0,0,0,0,0,0,0,0,0,0,0,0,0,0,0,0,0,0,0,0,0,0,0,0
State House 091,WI,WRITE-IN,14,0,0,0,0,0,0,0,0,0,0,0,0,0,0,0,14,0,0,0,0,0,0,0,0,0,0,0,0,0,0,0,0,0,0,0,0,0,0,0,0,0,0,0,0,0,0,0,0,0,0,0,0,0,0,0,0,0,0,0,0,0,0,0,0,0,0,0
State House 092,DEM,"Hammett, Seth ",8546,0,0,0,0,0,0,0,0,0,0,0,0,0,0,0,0,0,0,0,8101,0,0,0,0,0,0,445,0,0,0,0,0,0,0,0,0,0,0,0,0,0,0,0,0,0,0,0,0,0,0,0,0,0,0,0,0,0,0,0,0,0,0,0,0,0,0,0
State House 092,REP,"Broxton, Roger ",3599,0,0,0,0,0,0,0,0,0,0,0,0,0,0,0,0,0,0,0,3299,0,0,0,0,0,0,300,0,0,0,0,0,0,0,0,0,0,0,0,0,0,0,0,0,0,0,0,0,0,0,0,0,0,0,0,0,0,0,0,0,0,0,0,0,0,0,0
State House 092,WI,WRITE-IN,8,0,0,0,0,0,0,0,0,0,0,0,0,0,0,0,0,0,0,0,7,0,0,0,0,0,0,1,0,0,0,0,0,0,0,0,0,0,0,0,0,0,0,0,0,0,0,0,0,0,0,0,0,0,0,0,0,0,0,0,0,0,0,0,0,0,0,0
State House 093,REP,"Clouse, Steve ",9593,0,0,0,0,0,0,0,0,0,0,0,0,0,0,0,0,0,0,0,0,0,0,7494,0,0,0,0,0,0,0,0,0,0,0,2099,0,0,0,0,0,0,0,0,0,0,0,0,0,0,0,0,0,0,0,0,0,0,0,0,0,0,0,0,0,0,0,0
State House 093,WI,WRITE-IN,106,0,0,0,0,0,0,0,0,0,0,0,0,0,0,0,0,0,0,0,0,0,0,92,0,0,0,0,0,0,0,0,0,0,0,14,0,0,0,0,0,0,0,0,0,0,0,0,0,0,0,0,0,0,0,0,0,0,0,0,0,0,0,0,0,0,0,0
State House 094,LIB,"Ponder, Alvie Gene, II",2077,0,2077,0,0,0,0,0,0,0,0,0,0,0,0,0,0,0,0,0,0,0,0,0,0,0,0,0,0,0,0,0,0,0,0,0,0,0,0,0,0,0,0,0,0,0,0,0,0,0,0,0,0,0,0,0,0,0,0,0,0,0,0,0,0,0,0,0
State House 094,REP,"Faust, Joe , Sr.",10967,0,10967,0,0,0,0,0,0,0,0,0,0,0,0,0,0,0,0,0,0,0,0,0,0,0,0,0,0,0,0,0,0,0,0,0,0,0,0,0,0,0,0,0,0,0,0,0,0,0,0,0,0,0,0,0,0,0,0,0,0,0,0,0,0,0,0,0
State House 094,WI,WRITE-IN,31,0,31,0,0,0,0,0,0,0,0,0,0,0,0,0,0,0,0,0,0,0,0,0,0,0,0,0,0,0,0,0,0,0,0,0,0,0,0,0,0,0,0,0,0,0,0,0,0,0,0,0,0,0,0,0,0,0,0,0,0,0,0,0,0,0,0,0
State House 095,REP,"McMillan, Steve ",12227,0,12227,0,0,0,0,0,0,0,0,0,0,0,0,0,0,0,0,0,0,0,0,0,0,0,0,0,0,0,0,0,0,0,0,0,0,0,0,0,0,0,0,0,0,0,0,0,0,0,0,0,0,0,0,0,0,0,0,0,0,0,0,0,0,0,0,0
State House 095,WI,WRITE-IN,133,0,133,0,0,0,0,0,0,0,0,0,0,0,0,0,0,0,0,0,0,0,0,0,0,0,0,0,0,0,0,0,0,0,0,0,0,0,0,0,0,0,0,0,0,0,0,0,0,0,0,0,0,0,0,0,0,0,0,0,0,0,0,0,0,0,0,0
State House 096,LIB,"Bennett, Christle ",1251,0,779,0,0,0,0,0,0,0,0,0,0,0,0,0,0,0,0,0,0,0,0,0,0,0,0,0,0,0,0,0,0,0,0,0,0,0,0,0,0,0,0,0,0,0,0,0,0,472,0,0,0,0,0,0,0,0,0,0,0,0,0,0,0,0,0,0
State House 096,REP,"Davis, Randy ",11374,0,6882,0,0,0,0,0,0,0,0,0,0,0,0,0,0,0,0,0,0,0,0,0,0,0,0,0,0,0,0,0,0,0,0,0,0,0,0,0,0,0,0,0,0,0,0,0,0,4492,0,0,0,0,0,0,0,0,0,0,0,0,0,0,0,0,0,0
State House 096,WI,WRITE-IN,27,0,24,0,0,0,0,0,0,0,0,0,0,0,0,0,0,0,0,0,0,0,0,0,0,0,0,0,0,0,0,0,0,0,0,0,0,0,0,0,0,0,0,0,0,0,0,0,0,3,0,0,0,0,0,0,0,0,0,0,0,0,0,0,0,0,0,0
State House 097,DEM,"Kennedy, Yvonne ",7288,0,0,0,0,0,0,0,0,0,0,0,0,0,0,0,0,0,0,0,0,0,0,0,0,0,0,0,0,0,0,0,0,0,0,0,0,0,0,0,0,0,0,0,0,0,0,0,0,7288,0,0,0,0,0,0,0,0,0,0,0,0,0,0,0,0,0,0
State House 097,WI,WRITE-IN,20,0,0,0,0,0,0,0,0,0,0,0,0,0,0,0,0,0,0,0,0,0,0,0,0,0,0,0,0,0,0,0,0,0,0,0,0,0,0,0,0,0,0,0,0,0,0,0,0,20,0,0,0,0,0,0,0,0,0,0,0,0,0,0,0,0,0,0
State House 098,DEM,"Clark, William ""Bill""",7779,0,0,0,0,0,0,0,0,0,0,0,0,0,0,0,0,0,0,0,0,0,0,0,0,0,0,0,0,0,0,0,0,0,0,0,0,0,0,0,0,0,0,0,0,0,0,0,0,7779,0,0,0,0,0,0,0,0,0,0,0,0,0,0,0,0,0,0
State House 098,WI,WRITE-IN,2,0,0,0,0,0,0,0,0,0,0,0,0,0,0,0,0,0,0,0,0,0,0,0,0,0,0,0,0,0,0,0,0,0,0,0,0,0,0,0,0,0,0,0,0,0,0,0,0,2,0,0,0,0,0,0,0,0,0,0,0,0,0,0,0,0,0,0
State House 099,DEM,"Buskey, James E.",8478,0,0,0,0,0,0,0,0,0,0,0,0,0,0,0,0,0,0,0,0,0,0,0,0,0,0,0,0,0,0,0,0,0,0,0,0,0,0,0,0,0,0,0,0,0,0,0,0,8478,0,0,0,0,0,0,0,0,0,0,0,0,0,0,0,0,0,0
State House 099,WI,WRITE-IN,10,0,0,0,0,0,0,0,0,0,0,0,0,0,0,0,0,0,0,0,0,0,0,0,0,0,0,0,0,0,0,0,0,0,0,0,0,0,0,0,0,0,0,0,0,0,0,0,0,10,0,0,0,0,0,0,0,0,0,0,0,0,0,0,0,0,0,0
State House 100,REP,"Gaston, Victor ",10119,0,0,0,0,0,0,0,0,0,0,0,0,0,0,0,0,0,0,0,0,0,0,0,0,0,0,0,0,0,0,0,0,0,0,0,0,0,0,0,0,0,0,0,0,0,0,0,0,10119,0,0,0,0,0,0,0,0,0,0,0,0,0,0,0,0,0,0
State House 100,WI,WRITE-IN,13,0,0,0,0,0,0,0,0,0,0,0,0,0,0,0,0,0,0,0,0,0,0,0,0,0,0,0,0,0,0,0,0,0,0,0,0,0,0,0,0,0,0,0,0,0,0,0,0,13,0,0,0,0,0,0,0,0,0,0,0,0,0,0,0,0,0,0
State House 101,REP,"Ison, Jamie ",9039,0,0,0,0,0,0,0,0,0,0,0,0,0,0,0,0,0,0,0,0,0,0,0,0,0,0,0,0,0,0,0,0,0,0,0,0,0,0,0,0,0,0,0,0,0,0,0,0,9039,0,0,0,0,0,0,0,0,0,0,0,0,0,0,0,0,0,0
State House 101,WI,WRITE-IN,10,0,0,0,0,0,0,0,0,0,0,0,0,0,0,0,0,0,0,0,0,0,0,0,0,0,0,0,0,0,0,0,0,0,0,0,0,0,0,0,0,0,0,0,0,0,0,0,0,10,0,0,0,0,0,0,0,0,0,0,0,0,0,0,0,0,0,0
State House 102,DEM,"Johnson, Gary ",2349,0,0,0,0,0,0,0,0,0,0,0,0,0,0,0,0,0,0,0,0,0,0,0,0,0,0,0,0,0,0,0,0,0,0,0,0,0,0,0,0,0,0,0,0,0,0,0,0,2349,0,0,0,0,0,0,0,0,0,0,0,0,0,0,0,0,0,0
State House 102,REP,"Glover, Rusty",8212,0,0,0,0,0,0,0,0,0,0,0,0,0,0,0,0,0,0,0,0,0,0,0,0,0,0,0,0,0,0,0,0,0,0,0,0,0,0,0,0,0,0,0,0,0,0,0,0,8212,0,0,0,0,0,0,0,0,0,0,0,0,0,0,0,0,0,0
State House 102,WI,WRITE-IN,14,0,0,0,0,0,0,0,0,0,0,0,0,0,0,0,0,0,0,0,0,0,0,0,0,0,0,0,0,0,0,0,0,0,0,0,0,0,0,0,0,0,0,0,0,0,0,0,0,14,0,0,0,0,0,0,0,0,0,0,0,0,0,0,0,0,0,0
State House 103,DEM,"Mitchell, Joseph C.",6256,0,0,0,0,0,0,0,0,0,0,0,0,0,0,0,0,0,0,0,0,0,0,0,0,0,0,0,0,0,0,0,0,0,0,0,0,0,0,0,0,0,0,0,0,0,0,0,0,6256,0,0,0,0,0,0,0,0,0,0,0,0,0,0,0,0,0,0
State House 103,WI,WRITE-IN,12,0,0,0,0,0,0,0,0,0,0,0,0,0,0,0,0,0,0,0,0,0,0,0,0,0,0,0,0,0,0,0,0,0,0,0,0,0,0,0,0,0,0,0,0,0,0,0,0,12,0,0,0,0,0,0,0,0,0,0,0,0,0,0,0,0,0,0
State House 104,DEM,"Webster, Daniel J.",3454,0,0,0,0,0,0,0,0,0,0,0,0,0,0,0,0,0,0,0,0,0,0,0,0,0,0,0,0,0,0,0,0,0,0,0,0,0,0,0,0,0,0,0,0,0,0,0,0,3454,0,0,0,0,0,0,0,0,0,0,0,0,0,0,0,0,0,0
State House 104,REP,"Barton, Jim ",9449,0,0,0,0,0,0,0,0,0,0,0,0,0,0,0,0,0,0,0,0,0,0,0,0,0,0,0,0,0,0,0,0,0,0,0,0,0,0,0,0,0,0,0,0,0,0,0,0,9449,0,0,0,0,0,0,0,0,0,0,0,0,0,0,0,0,0,0
State House 104,WI,WRITE-IN,0,0,0,0,0,0,0,0,0,0,0,0,0,0,0,0,0,0,0,0,0,0,0,0,0,0,0,0,0,0,0,0,0,0,0,0,0,0,0,0,0,0,0,0,0,0,0,0,0,0,0,0,0,0,0,0,0,0,0,0,0,0,0,0,0,0,0,0
State House 105,REP,"Collier, ""Jack"" Spencer",6717,0,0,0,0,0,0,0,0,0,0,0,0,0,0,0,0,0,0,0,0,0,0,0,0,0,0,0,0,0,0,0,0,0,0,0,0,0,0,0,0,0,0,0,0,0,0,0,0,6717,0,0,0,0,0,0,0,0,0,0,0,0,0,0,0,0,0,0
State House 105,WI,WRITE-IN,15,0,0,0,0,0,0,0,0,0,0,0,0,0,0,0,0,0,0,0,0,0,0,0,0,0,0,0,0,0,0,0,0,0,0,0,0,0,0,0,0,0,0,0,0,0,0,0,0,15,0,0,0,0,0,0,0,0,0,0,0,0,0,0,0,0,0,0
"Circuit Court, District 06, Place 04",DEM,"England, John H., Jr.",31259,0,0,0,0,0,0,0,0,0,0,0,0,0,0,0,0,0,0,0,0,0,0,0,0,0,0,0,0,0,0,0,0,0,0,0,0,0,0,0,0,0,0,0,0,0,0,0,0,0,0,0,0,0,0,0,0,0,0,0,0,0,0,31259,0,0,0,0
"Circuit Court, District 06, Place 04",WI,WRITE-IN,815,0,0,0,0,0,0,0,0,0,0,0,0,0,0,0,0,0,0,0,0,0,0,0,0,0,0,0,0,0,0,0,0,0,0,0,0,0,0,0,0,0,0,0,0,0,0,0,0,0,0,0,0,0,0,0,0,0,0,0,0,0,0,815,0,0,0,0
"Circuit Court, District 07, Place 04",REP,"Hughes, Jack W.",24605,0,0,0,0,0,0,0,21522,0,0,0,0,0,0,3083,0,0,0,0,0,0,0,0,0,0,0,0,0,0,0,0,0,0,0,0,0,0,0,0,0,0,0,0,0,0,0,0,0,0,0,0,0,0,0,0,0,0,0,0,0,0,0,0,0,0,0,0
"Circuit Court, District 07, Place 04",WI,WRITE-IN,476,0,0,0,0,0,0,0,445,0,0,0,0,0,0,31,0,0,0,0,0,0,0,0,0,0,0,0,0,0,0,0,0,0,0,0,0,0,0,0,0,0,0,0,0,0,0,0,0,0,0,0,0,0,0,0,0,0,0,0,0,0,0,0,0,0,0,0
"Circuit Court, District 10, Place 10",DEM,"King, Tom , Jr.",119629,0,0,0,0,0,0,0,0,0,0,0,0,0,0,0,0,0,0,0,0,0,0,0,0,0,0,0,0,0,0,0,0,0,0,0,0,119629,0,0,0,0,0,0,0,0,0,0,0,0,0,0,0,0,0,0,0,0,0,0,0,0,0,0,0,0,0,0
"Circuit Court, District 10, Place 10",REP,"Cleveland, Lee ",85155,0,0,0,0,0,0,0,0,0,0,0,0,0,0,0,0,0,0,0,0,0,0,0,0,0,0,0,0,0,0,0,0,0,0,0,0,85155,0,0,0,0,0,0,0,0,0,0,0,0,0,0,0,0,0,0,0,0,0,0,0,0,0,0,0,0,0,0
"Circuit Court, District 10, Place 10",WI,WRITE-IN,168,0,0,0,0,0,0,0,0,0,0,0,0,0,0,0,0,0,0,0,0,0,0,0,0,0,0,0,0,0,0,0,0,0,0,0,0,168,0,0,0,0,0,0,0,0,0,0,0,0,0,0,0,0,0,0,0,0,0,0,0,0,0,0,0,0,0,0
"Circuit Court, District 15, Place 04",DEM,"Price, Charles ",41607,0,0,0,0,0,0,0,0,0,0,0,0,0,0,0,0,0,0,0,0,0,0,0,0,0,0,0,0,0,0,0,0,0,0,0,0,0,0,0,0,0,0,0,0,0,0,0,0,0,0,41607,0,0,0,0,0,0,0,0,0,0,0,0,0,0,0,0
"Circuit Court, District 15, Place 04",WI,WRITE-IN,24,0,0,0,0,0,0,0,0,0,0,0,0,0,0,0,0,0,0,0,0,0,0,0,0,0,0,0,0,0,0,0,0,0,0,0,0,0,0,0,0,0,0,0,0,0,0,0,0,0,0,24,0,0,0,0,0,0,0,0,0,0,0,0,0,0,0,0
"Circuit Court, District 15, Place 06",DEM,"Reese, Gene ",41332,0,0,0,0,0,0,0,0,0,0,0,0,0,0,0,0,0,0,0,0,0,0,0,0,0,0,0,0,0,0,0,0,0,0,0,0,0,0,0,0,0,0,0,0,0,0,0,0,0,0,41332,0,0,0,0,0,0,0,0,0,0,0,0,0,0,0,0
"Circuit Court, District 15, Place 06",WI,WRITE-IN,19,0,0,0,0,0,0,0,0,0,0,0,0,0,0,0,0,0,0,0,0,0,0,0,0,0,0,0,0,0,0,0,0,0,0,0,0,0,0,0,0,0,0,0,0,0,0,0,0,0,0,19,0,0,0,0,0,0,0,0,0,0,0,0,0,0,0,0
"Circuit Court, District 15, Place 09",DEM,"Hardwick, Johnny ",32928,0,0,0,0,0,0,0,0,0,0,0,0,0,0,0,0,0,0,0,0,0,0,0,0,0,0,0,0,0,0,0,0,0,0,0,0,0,0,0,0,0,0,0,0,0,0,0,0,0,0,32928,0,0,0,0,0,0,0,0,0,0,0,0,0,0,0,0
"Circuit Court, District 15, Place 09",REP,"James, Randy ",32777,0,0,0,0,0,0,0,0,0,0,0,0,0,0,0,0,0,0,0,0,0,0,0,0,0,0,0,0,0,0,0,0,0,0,0,0,0,0,0,0,0,0,0,0,0,0,0,0,0,0,32777,0,0,0,0,0,0,0,0,0,0,0,0,0,0,0,0
"Circuit Court, District 15, Place 09",WI,WRITE-IN,1,0,0,0,0,0,0,0,0,0,0,0,0,0,0,0,0,0,0,0,0,0,0,0,0,0,0,0,0,0,0,0,0,0,0,0,0,0,0,0,0,0,0,0,0,0,0,0,0,0,0,1,0,0,0,0,0,0,0,0,0,0,0,0,0,0,0,0
"Circuit Court, District 18, Place 02",REP,"Crowson, D. Al",42079,0,0,0,0,0,0,0,0,0,0,0,0,0,0,0,0,0,0,0,0,0,0,0,0,0,0,0,0,0,0,0,0,0,0,0,0,0,0,0,0,0,0,0,0,0,0,0,0,0,0,0,0,0,0,0,0,0,42079,0,0,0,0,0,0,0,0,0
"Circuit Court, District 18, Place 02",WI,WRITE-IN,345,0,0,0,0,0,0,0,0,0,0,0,0,0,0,0,0,0,0,0,0,0,0,0,0,0,0,0,0,0,0,0,0,0,0,0,0,0,0,0,0,0,0,0,0,0,0,0,0,0,0,0,0,0,0,0,0,0,345,0,0,0,0,0,0,0,0,0
"Circuit Court, District 20, Place 02",REP,"Jackson, Edward ",22351,0,0,0,0,0,0,0,0,0,0,0,0,0,0,0,0,0,0,0,0,0,0,0,0,0,0,0,0,0,0,0,0,0,3139,19212,0,0,0,0,0,0,0,0,0,0,0,0,0,0,0,0,0,0,0,0,0,0,0,0,0,0,0,0,0,0,0,0
"Circuit Court, District 20, Place 02",WI,WRITE-IN,260,0,0,0,0,0,0,0,0,0,0,0,0,0,0,0,0,0,0,0,0,0,0,0,0,0,0,0,0,0,0,0,0,0,39,221,0,0,0,0,0,0,0,0,0,0,0,0,0,0,0,0,0,0,0,0,0,0,0,0,0,0,0,0,0,0,0,0
"Circuit Court, District 23, Place 02",DEM,"Bell, Billy ",46183,0,0,0,0,0,0,0,0,0,0,0,0,0,0,0,0,0,0,0,0,0,0,0,0,0,0,0,0,0,0,0,0,0,0,0,0,0,0,0,0,0,0,0,0,46183,0,0,0,0,0,0,0,0,0,0,0,0,0,0,0,0,0,0,0,0,0,0
"Circuit Court, District 23, Place 02",REP,"Richardson, Dick ",38947,0,0,0,0,0,0,0,0,0,0,0,0,0,0,0,0,0,0,0,0,0,0,0,0,0,0,0,0,0,0,0,0,0,0,0,0,0,0,0,0,0,0,0,0,38947,0,0,0,0,0,0,0,0,0,0,0,0,0,0,0,0,0,0,0,0,0,0
"Circuit Court, District 23, Place 02",WI,WRITE-IN,118,0,0,0,0,0,0,0,0,0,0,0,0,0,0,0,0,0,0,0,0,0,0,0,0,0,0,0,0,0,0,0,0,0,0,0,0,0,0,0,0,0,0,0,0,118,0,0,0,0,0,0,0,0,0,0,0,0,0,0,0,0,0,0,0,0,0,0
"Circuit Court, District 23, Place 03",REP,"Williams, Bruce E.",58707,0,0,0,0,0,0,0,0,0,0,0,0,0,0,0,0,0,0,0,0,0,0,0,0,0,0,0,0,0,0,0,0,0,0,0,0,0,0,0,0,0,0,0,0,58707,0,0,0,0,0,0,0,0,0,0,0,0,0,0,0,0,0,0,0,0,0,0
"Circuit Court, District 23, Place 03",WI,WRITE-IN,1127,0,0,0,0,0,0,0,0,0,0,0,0,0,0,0,0,0,0,0,0,0,0,0,0,0,0,0,0,0,0,0,0,0,0,0,0,0,0,0,0,0,0,0,0,1127,0,0,0,0,0,0,0,0,0,0,0,0,0,0,0,0,0,0,0,0,0,0
"Circuit Court, District 26, Place 02",DEM,"Johnson, Albert (Al) L.",8527,0,0,0,0,0,0,0,0,0,0,0,0,0,0,0,0,0,0,0,0,0,0,0,0,0,0,0,0,0,0,0,0,0,0,0,0,0,0,0,0,0,0,0,0,0,0,0,0,0,0,0,0,0,0,0,0,8527,0,0,0,0,0,0,0,0,0,0
"Circuit Court, District 26, Place 02",WI,WRITE-IN,103,0,0,0,0,0,0,0,0,0,0,0,0,0,0,0,0,0,0,0,0,0,0,0,0,0,0,0,0,0,0,0,0,0,0,0,0,0,0,0,0,0,0,0,0,0,0,0,0,0,0,0,0,0,0,0,0,103,0,0,0,0,0,0,0,0,0,0
"Circuit Court, District 28, Place 03",REP,"Floyd, J. Langford",35211,0,35211,0,0,0,0,0,0,0,0,0,0,0,0,0,0,0,0,0,0,0,0,0,0,0,0,0,0,0,0,0,0,0,0,0,0,0,0,0,0,0,0,0,0,0,0,0,0,0,0,0,0,0,0,0,0,0,0,0,0,0,0,0,0,0,0,0
"Circuit Court, District 28, Place 03",WI,WRITE-IN,353,0,353,0,0,0,0,0,0,0,0,0,0,0,0,0,0,0,0,0,0,0,0,0,0,0,0,0,0,0,0,0,0,0,0,0,0,0,0,0,0,0,0,0,0,0,0,0,0,0,0,0,0,0,0,0,0,0,0,0,0,0,0,0,0,0,0,0
"Circuit Court, District 30, Place 02",DEM,"Robinson, Charles E.",11921,0,0,0,0,0,0,0,0,0,0,0,0,0,0,0,0,0,0,0,0,0,0,0,0,0,0,0,0,0,0,0,0,0,0,0,0,0,0,0,0,0,0,0,0,0,0,0,0,0,0,0,0,0,0,0,0,0,0,11921,0,0,0,0,0,0,0,0
"Circuit Court, District 30, Place 02",WI,WRITE-IN,307,0,0,0,0,0,0,0,0,0,0,0,0,0,0,0,0,0,0,0,0,0,0,0,0,0,0,0,0,0,0,0,0,0,0,0,0,0,0,0,0,0,0,0,0,0,0,0,0,0,0,0,0,0,0,0,0,0,0,307,0,0,0,0,0,0,0,0
"Circuit Court, District 38, Place 02",DEM,"Holt, Jenifer C.",9073,0,0,0,0,0,0,0,0,0,0,0,0,0,0,0,0,0,0,0,0,0,0,0,0,0,0,0,0,0,0,0,0,0,0,0,9073,0,0,0,0,0,0,0,0,0,0,0,0,0,0,0,0,0,0,0,0,0,0,0,0,0,0,0,0,0,0,0
"Circuit Court, District 38, Place 02",WI,WRITE-IN,115,0,0,0,0,0,0,0,0,0,0,0,0,0,0,0,0,0,0,0,0,0,0,0,0,0,0,0,0,0,0,0,0,0,0,0,115,0,0,0,0,0,0,0,0,0,0,0,0,0,0,0,0,0,0,0,0,0,0,0,0,0,0,0,0,0,0,0
"District Attorney, District: Bessemer",DEM,"Green, Arthur , Jr.",33454,0,0,0,0,0,0,0,0,0,0,0,0,0,0,0,0,0,0,0,0,0,0,0,0,0,0,0,0,0,0,0,0,0,0,0,0,33454,0,0,0,0,0,0,0,0,0,0,0,0,0,0,0,0,0,0,0,0,0,0,0,0,0,0,0,0,0,0
"District Attorney, District: Bessemer",WI,WRITE-IN,537,0,0,0,0,0,0,0,0,0,0,0,0,0,0,0,0,0,0,0,0,0,0,0,0,0,0,0,0,0,0,0,0,0,0,0,0,537,0,0,0,0,0,0,0,0,0,0,0,0,0,0,0,0,0,0,0,0,0,0,0,0,0,0,0,0,0,0
"District Court, Autauga Co.",REP,"Wood, Phillip W.",11572,11572,0,0,0,0,0,0,0,0,0,0,0,0,0,0,0,0,0,0,0,0,0,0,0,0,0,0,0,0,0,0,0,0,0,0,0,0,0,0,0,0,0,0,0,0,0,0,0,0,0,0,0,0,0,0,0,0,0,0,0,0,0,0,0,0,0,0
"District Court, Autauga Co.",WI,WRITE-IN,144,144,0,0,0,0,0,0,0,0,0,0,0,0,0,0,0,0,0,0,0,0,0,0,0,0,0,0,0,0,0,0,0,0,0,0,0,0,0,0,0,0,0,0,0,0,0,0,0,0,0,0,0,0,0,0,0,0,0,0,0,0,0,0,0,0,0,0
"District Court, Baldwin Co., Place 01",REP,"Bosch, Carmen ",35879,0,35879,0,0,0,0,0,0,0,0,0,0,0,0,0,0,0,0,0,0,0,0,0,0,0,0,0,0,0,0,0,0,0,0,0,0,0,0,0,0,0,0,0,0,0,0,0,0,0,0,0,0,0,0,0,0,0,0,0,0,0,0,0,0,0,0,0
"District Court, Baldwin Co., Place 01",WI,WRITE-IN,341,0,341,0,0,0,0,0,0,0,0,0,0,0,0,0,0,0,0,0,0,0,0,0,0,0,0,0,0,0,0,0,0,0,0,0,0,0,0,0,0,0,0,0,0,0,0,0,0,0,0,0,0,0,0,0,0,0,0,0,0,0,0,0,0,0,0,0
"District Court, Butler Co.",DEM,"Russell, Mack ",5610,0,0,0,0,0,0,5610,0,0,0,0,0,0,0,0,0,0,0,0,0,0,0,0,0,0,0,0,0,0,0,0,0,0,0,0,0,0,0,0,0,0,0,0,0,0,0,0,0,0,0,0,0,0,0,0,0,0,0,0,0,0,0,0,0,0,0,0
"District Court, Butler Co.",WI,WRITE-IN,26,0,0,0,0,0,0,26,0,0,0,0,0,0,0,0,0,0,0,0,0,0,0,0,0,0,0,0,0,0,0,0,0,0,0,0,0,0,0,0,0,0,0,0,0,0,0,0,0,0,0,0,0,0,0,0,0,0,0,0,0,0,0,0,0,0,0,0
"District Court, Calhoun Co., Place #01",DEM,"Crow, Allen ",18418,0,0,0,0,0,0,0,18418,0,0,0,0,0,0,0,0,0,0,0,0,0,0,0,0,0,0,0,0,0,0,0,0,0,0,0,0,0,0,0,0,0,0,0,0,0,0,0,0,0,0,0,0,0,0,0,0,0,0,0,0,0,0,0,0,0,0,0
"District Court, Calhoun Co., Place #01",REP,"Semmes, Sara C.",13769,0,0,0,0,0,0,0,13769,0,0,0,0,0,0,0,0,0,0,0,0,0,0,0,0,0,0,0,0,0,0,0,0,0,0,0,0,0,0,0,0,0,0,0,0,0,0,0,0,0,0,0,0,0,0,0,0,0,0,0,0,0,0,0,0,0,0,0
"District Court, Calhoun Co., Place #01",WI,WRITE-IN,35,0,0,0,0,0,0,0,35,0,0,0,0,0,0,0,0,0,0,0,0,0,0,0,0,0,0,0,0,0,0,0,0,0,0,0,0,0,0,0,0,0,0,0,0,0,0,0,0,0,0,0,0,0,0,0,0,0,0,0,0,0,0,0,0,0,0,0
"District Court, Cherokee Co.",DEM,"Carver, Sheri W.",4428,0,0,0,0,0,0,0,0,0,4428,0,0,0,0,0,0,0,0,0,0,0,0,0,0,0,0,0,0,0,0,0,0,0,0,0,0,0,0,0,0,0,0,0,0,0,0,0,0,0,0,0,0,0,0,0,0,0,0,0,0,0,0,0,0,0,0,0
"District Court, Cherokee Co.",WI,WRITE-IN,39,0,0,0,0,0,0,0,0,0,39,0,0,0,0,0,0,0,0,0,0,0,0,0,0,0,0,0,0,0,0,0,0,0,0,0,0,0,0,0,0,0,0,0,0,0,0,0,0,0,0,0,0,0,0,0,0,0,0,0,0,0,0,0,0,0,0,0
"District Court, Clarke Co.",DEM,"Kimbrough, Bill ",6269,0,0,0,0,0,0,0,0,0,0,0,0,6269,0,0,0,0,0,0,0,0,0,0,0,0,0,0,0,0,0,0,0,0,0,0,0,0,0,0,0,0,0,0,0,0,0,0,0,0,0,0,0,0,0,0,0,0,0,0,0,0,0,0,0,0,0,0
"District Court, Clarke Co.",WI,WRITE-IN,53,0,0,0,0,0,0,0,0,0,0,0,0,53,0,0,0,0,0,0,0,0,0,0,0,0,0,0,0,0,0,0,0,0,0,0,0,0,0,0,0,0,0,0,0,0,0,0,0,0,0,0,0,0,0,0,0,0,0,0,0,0,0,0,0,0,0,0
"District Court, Cleburne Co.",DEM,"Sarrell, Warren Glea, Jr.",3454,0,0,0,0,0,0,0,0,0,0,0,0,0,0,3454,0,0,0,0,0,0,0,0,0,0,0,0,0,0,0,0,0,0,0,0,0,0,0,0,0,0,0,0,0,0,0,0,0,0,0,0,0,0,0,0,0,0,0,0,0,0,0,0,0,0,0,0
"District Court, Cleburne Co.",WI,WRITE-IN,90,0,0,0,0,0,0,0,0,0,0,0,0,0,0,90,0,0,0,0,0,0,0,0,0,0,0,0,0,0,0,0,0,0,0,0,0,0,0,0,0,0,0,0,0,0,0,0,0,0,0,0,0,0,0,0,0,0,0,0,0,0,0,0,0,0,0,0
"District Court, Cullman Co., Place #02",REP,"Thomas, Terri Willingham",19828,0,0,0,0,0,0,0,0,0,0,0,0,0,0,0,0,0,0,0,0,0,19828,0,0,0,0,0,0,0,0,0,0,0,0,0,0,0,0,0,0,0,0,0,0,0,0,0,0,0,0,0,0,0,0,0,0,0,0,0,0,0,0,0,0,0,0,0
"District Court, Cullman Co., Place #02",WI,WRITE-IN,301,0,0,0,0,0,0,0,0,0,0,0,0,0,0,0,0,0,0,0,0,0,301,0,0,0,0,0,0,0,0,0,0,0,0,0,0,0,0,0,0,0,0,0,0,0,0,0,0,0,0,0,0,0,0,0,0,0,0,0,0,0,0,0,0,0,0,0
"District Court, Dekalb Co.",DEM,"Whitmire, Steve , II",10289,0,0,0,0,0,0,0,0,0,0,0,0,0,0,0,0,0,0,0,0,0,0,0,0,10289,0,0,0,0,0,0,0,0,0,0,0,0,0,0,0,0,0,0,0,0,0,0,0,0,0,0,0,0,0,0,0,0,0,0,0,0,0,0,0,0,0,0
"District Court, Dekalb Co.",REP,"Dobbins, Sherry Weldon",7120,0,0,0,0,0,0,0,0,0,0,0,0,0,0,0,0,0,0,0,0,0,0,0,0,7120,0,0,0,0,0,0,0,0,0,0,0,0,0,0,0,0,0,0,0,0,0,0,0,0,0,0,0,0,0,0,0,0,0,0,0,0,0,0,0,0,0,0
"District Court, Dekalb Co.",WI,WRITE-IN,6,0,0,0,0,0,0,0,0,0,0,0,0,0,0,0,0,0,0,0,0,0,0,0,0,6,0,0,0,0,0,0,0,0,0,0,0,0,0,0,0,0,0,0,0,0,0,0,0,0,0,0,0,0,0,0,0,0,0,0,0,0,0,0,0,0,0,0
"District Court, Elmore Co.",REP,"Culberson, Maura ",16052,0,0,0,0,0,0,0,0,0,0,0,0,0,0,0,0,0,0,0,0,0,0,0,0,0,16052,0,0,0,0,0,0,0,0,0,0,0,0,0,0,0,0,0,0,0,0,0,0,0,0,0,0,0,0,0,0,0,0,0,0,0,0,0,0,0,0,0
"District Court, Elmore Co.",WI,WRITE-IN,329,0,0,0,0,0,0,0,0,0,0,0,0,0,0,0,0,0,0,0,0,0,0,0,0,0,329,0,0,0,0,0,0,0,0,0,0,0,0,0,0,0,0,0,0,0,0,0,0,0,0,0,0,0,0,0,0,0,0,0,0,0,0,0,0,0,0,0
"District Court, Greene Co.",DEM,"Jones-Osborne, Lillie ",3617,0,0,0,0,0,0,0,0,0,0,0,0,0,0,0,0,0,0,0,0,0,0,0,0,0,0,0,0,0,0,0,3617,0,0,0,0,0,0,0,0,0,0,0,0,0,0,0,0,0,0,0,0,0,0,0,0,0,0,0,0,0,0,0,0,0,0,0
"District Court, Greene Co.",WI,WRITE-IN,14,0,0,0,0,0,0,0,0,0,0,0,0,0,0,0,0,0,0,0,0,0,0,0,0,0,0,0,0,0,0,0,14,0,0,0,0,0,0,0,0,0,0,0,0,0,0,0,0,0,0,0,0,0,0,0,0,0,0,0,0,0,0,0,0,0,0,0
"District Court, Houston Co., Place #02",REP,"Steensland, John ",19281,0,0,0,0,0,0,0,0,0,0,0,0,0,0,0,0,0,0,0,0,0,0,0,0,0,0,0,0,0,0,0,0,0,0,19281,0,0,0,0,0,0,0,0,0,0,0,0,0,0,0,0,0,0,0,0,0,0,0,0,0,0,0,0,0,0,0,0
"District Court, Houston Co., Place #02",WI,WRITE-IN,221,0,0,0,0,0,0,0,0,0,0,0,0,0,0,0,0,0,0,0,0,0,0,0,0,0,0,0,0,0,0,0,0,0,0,221,0,0,0,0,0,0,0,0,0,0,0,0,0,0,0,0,0,0,0,0,0,0,0,0,0,0,0,0,0,0,0,0
"District Court, Lamar Co.",DEM,"Sudduth, Mose Lee, Jr.",2633,0,0,0,0,0,0,0,0,0,0,0,0,0,0,0,0,0,0,0,0,0,0,0,0,0,0,0,0,0,0,0,0,0,0,0,0,0,2633,0,0,0,0,0,0,0,0,0,0,0,0,0,0,0,0,0,0,0,0,0,0,0,0,0,0,0,0,0
"District Court, Lamar Co.",REP,"Gosa, L. E. (Ed)",3134,0,0,0,0,0,0,0,0,0,0,0,0,0,0,0,0,0,0,0,0,0,0,0,0,0,0,0,0,0,0,0,0,0,0,0,0,0,3134,0,0,0,0,0,0,0,0,0,0,0,0,0,0,0,0,0,0,0,0,0,0,0,0,0,0,0,0,0
"District Court, Lamar Co.",WI,WRITE-IN,0,0,0,0,0,0,0,0,0,0,0,0,0,0,0,0,0,0,0,0,0,0,0,0,0,0,0,0,0,0,0,0,0,0,0,0,0,0,0,0,0,0,0,0,0,0,0,0,0,0,0,0,0,0,0,0,0,0,0,0,0,0,0,0,0,0,0,0
"District Court, Macon Co.",DEM,"Ford, Aubrey ",6153,0,0,0,0,0,0,0,0,0,0,0,0,0,0,0,0,0,0,0,0,0,0,0,0,0,0,0,0,0,0,0,0,0,0,0,0,0,0,0,0,0,0,0,6153,0,0,0,0,0,0,0,0,0,0,0,0,0,0,0,0,0,0,0,0,0,0,0
"District Court, Macon Co.",WI,WRITE-IN,32,0,0,0,0,0,0,0,0,0,0,0,0,0,0,0,0,0,0,0,0,0,0,0,0,0,0,0,0,0,0,0,0,0,0,0,0,0,0,0,0,0,0,0,32,0,0,0,0,0,0,0,0,0,0,0,0,0,0,0,0,0,0,0,0,0,0,0
"District Court, Madison Co., Place #01",DEM,"Moquin, Susan Tuggle",58987,0,0,0,0,0,0,0,0,0,0,0,0,0,0,0,0,0,0,0,0,0,0,0,0,0,0,0,0,0,0,0,0,0,0,0,0,0,0,0,0,0,0,0,0,58987,0,0,0,0,0,0,0,0,0,0,0,0,0,0,0,0,0,0,0,0,0,0
"District Court, Madison Co., Place #01",WI,WRITE-IN,1154,0,0,0,0,0,0,0,0,0,0,0,0,0,0,0,0,0,0,0,0,0,0,0,0,0,0,0,0,0,0,0,0,0,0,0,0,0,0,0,0,0,0,0,0,1154,0,0,0,0,0,0,0,0,0,0,0,0,0,0,0,0,0,0,0,0,0,0
"District Court, Madison Co., Place #02",REP,"Hall, Karen ",59639,0,0,0,0,0,0,0,0,0,0,0,0,0,0,0,0,0,0,0,0,0,0,0,0,0,0,0,0,0,0,0,0,0,0,0,0,0,0,0,0,0,0,0,0,59639,0,0,0,0,0,0,0,0,0,0,0,0,0,0,0,0,0,0,0,0,0,0
"District Court, Madison Co., Place #02",WI,WRITE-IN,934,0,0,0,0,0,0,0,0,0,0,0,0,0,0,0,0,0,0,0,0,0,0,0,0,0,0,0,0,0,0,0,0,0,0,0,0,0,0,0,0,0,0,0,0,934,0,0,0,0,0,0,0,0,0,0,0,0,0,0,0,0,0,0,0,0,0,0
"District Court, Marshall Co., Place #01",DEM,"Hawk, Howard ",17197,0,0,0,0,0,0,0,0,0,0,0,0,0,0,0,0,0,0,0,0,0,0,0,0,0,0,0,0,0,0,0,0,0,0,0,0,0,0,0,0,0,0,0,0,0,0,0,17197,0,0,0,0,0,0,0,0,0,0,0,0,0,0,0,0,0,0,0
"District Court, Marshall Co., Place #01",WI,WRITE-IN,288,0,0,0,0,0,0,0,0,0,0,0,0,0,0,0,0,0,0,0,0,0,0,0,0,0,0,0,0,0,0,0,0,0,0,0,0,0,0,0,0,0,0,0,0,0,0,0,288,0,0,0,0,0,0,0,0,0,0,0,0,0,0,0,0,0,0,0
"District Court, Mobile Co., Place #03",REP,"McKnight, Charlie ",60112,0,0,0,0,0,0,0,0,0,0,0,0,0,0,0,0,0,0,0,0,0,0,0,0,0,0,0,0,0,0,0,0,0,0,0,0,0,0,0,0,0,0,0,0,0,0,0,0,60112,0,0,0,0,0,0,0,0,0,0,0,0,0,0,0,0,0,0
"District Court, Mobile Co., Place #03",WI,WRITE-IN,79,0,0,0,0,0,0,0,0,0,0,0,0,0,0,0,0,0,0,0,0,0,0,0,0,0,0,0,0,0,0,0,0,0,0,0,0,0,0,0,0,0,0,0,0,0,0,0,0,79,0,0,0,0,0,0,0,0,0,0,0,0,0,0,0,0,0,0
"District Court, Montgomery Co., Place #01",DEM,"Bright, Lynn Clardy",40932,0,0,0,0,0,0,0,0,0,0,0,0,0,0,0,0,0,0,0,0,0,0,0,0,0,0,0,0,0,0,0,0,0,0,0,0,0,0,0,0,0,0,0,0,0,0,0,0,0,0,40932,0,0,0,0,0,0,0,0,0,0,0,0,0,0,0,0
"District Court, Montgomery Co., Place #01",WI,WRITE-IN,16,0,0,0,0,0,0,0,0,0,0,0,0,0,0,0,0,0,0,0,0,0,0,0,0,0,0,0,0,0,0,0,0,0,0,0,0,0,0,0,0,0,0,0,0,0,0,0,0,0,0,16,0,0,0,0,0,0,0,0,0,0,0,0,0,0,0,0
"District Court, Morgan Co., Place #01",DEM,"Breland, David J.",27435,0,0,0,0,0,0,0,0,0,0,0,0,0,0,0,0,0,0,0,0,0,0,0,0,0,0,0,0,0,0,0,0,0,0,0,0,0,0,0,0,0,0,0,0,0,0,0,0,0,0,0,27435,0,0,0,0,0,0,0,0,0,0,0,0,0,0,0
"District Court, Morgan Co., Place #01",WI,WRITE-IN,0,0,0,0,0,0,0,0,0,0,0,0,0,0,0,0,0,0,0,0,0,0,0,0,0,0,0,0,0,0,0,0,0,0,0,0,0,0,0,0,0,0,0,0,0,0,0,0,0,0,0,0,0,0,0,0,0,0,0,0,0,0,0,0,0,0,0,0
"District Court, Shelby Co., Place #02",REP,"Jackson, Ron ",40232,0,0,0,0,0,0,0,0,0,0,0,0,0,0,0,0,0,0,0,0,0,0,0,0,0,0,0,0,0,0,0,0,0,0,0,0,0,0,0,0,0,0,0,0,0,0,0,0,0,0,0,0,0,0,0,0,0,40232,0,0,0,0,0,0,0,0,0
"District Court, Shelby Co., Place #02",WI,WRITE-IN,290,0,0,0,0,0,0,0,0,0,0,0,0,0,0,0,0,0,0,0,0,0,0,0,0,0,0,0,0,0,0,0,0,0,0,0,0,0,0,0,0,0,0,0,0,0,0,0,0,0,0,0,0,0,0,0,0,0,90,0,0,0,0,0,0,0,0,0
"District Court, Sumter Co.",DEM,"Montgomery, Tammy Jackson",4155,0,0,0,0,0,0,0,0,0,0,0,0,0,0,0,0,0,0,0,0,0,0,0,0,0,0,0,0,0,0,0,0,0,0,0,0,0,0,0,0,0,0,0,0,0,0,0,0,0,0,0,0,0,0,0,0,0,0,0,4155,0,0,0,0,0,0,0
"District Court, Sumter Co.",WI,WRITE-IN,125,0,0,0,0,0,0,0,0,0,0,0,0,0,0,0,0,0,0,0,0,0,0,0,0,0,0,0,0,0,0,0,0,0,0,0,0,0,0,0,0,0,0,0,0,0,0,0,0,0,0,0,0,0,0,0,0,0,0,0,125,0,0,0,0,0,0,0
"District Court, Talladega Co., Place #02",DEM,"Dobson, Tommy Ray",16926,0,0,0,0,0,0,0,0,0,0,0,0,0,0,0,0,0,0,0,0,0,0,0,0,0,0,0,0,0,0,0,0,0,0,0,0,0,0,0,0,0,0,0,0,0,0,0,0,0,0,0,0,0,0,0,0,0,0,0,0,16926,0,0,0,0,0,0
"District Court, Talladega Co., Place #02",WI,WRITE-IN,259,0,0,0,0,0,0,0,0,0,0,0,0,0,0,0,0,0,0,0,0,0,0,0,0,0,0,0,0,0,0,0,0,0,0,0,0,0,0,0,0,0,0,0,0,0,0,0,0,0,0,0,0,0,0,0,0,0,0,0,0,259,0,0,0,0,0,0
"District Court, Tallapoosa Co.",DEM,"Taylor, Clayton Kim",9096,0,0,0,0,0,0,0,0,0,0,0,0,0,0,0,0,0,0,0,0,0,0,0,0,0,0,0,0,0,0,0,0,0,0,0,0,0,0,0,0,0,0,0,0,0,0,0,0,0,0,0,0,0,0,0,0,0,0,0,0,0,9096,0,0,0,0,0
"District Court, Tallapoosa Co.",REP,"Gavin, Mitch ",5346,0,0,0,0,0,0,0,0,0,0,0,0,0,0,0,0,0,0,0,0,0,0,0,0,0,0,0,0,0,0,0,0,0,0,0,0,0,0,0,0,0,0,0,0,0,0,0,0,0,0,0,0,0,0,0,0,0,0,0,0,0,5346,0,0,0,0,0
"District Court, Tallapoosa Co.",WI,WRITE-IN,19,0,0,0,0,0,0,0,0,0,0,0,0,0,0,0,0,0,0,0,0,0,0,0,0,0,0,0,0,0,0,0,0,0,0,0,0,0,0,0,0,0,0,0,0,0,0,0,0,0,0,0,0,0,0,0,0,0,0,0,0,0,19,0,0,0,0,0
"District Court, Walker Co., Place #01",DEM,"Wells, Jim ",16625,0,0,0,0,0,0,0,0,0,0,0,0,0,0,0,0,0,0,0,0,0,0,0,0,0,0,0,0,0,0,0,0,0,0,0,0,0,0,0,0,0,0,0,0,0,0,0,0,0,0,0,0,0,0,0,0,0,0,0,0,0,0,0,16625,0,0,0
"District Court, Walker Co., Place #01",WI,WRITE-IN,230,0,0,0,0,0,0,0,0,0,0,0,0,0,0,0,0,0,0,0,0,0,0,0,0,0,0,0,0,0,0,0,0,0,0,0,0,0,0,0,0,0,0,0,0,0,0,0,0,0,0,0,0,0,0,0,0,0,0,0,0,0,0,0,230,0,0,0
Statewide Amendment #1,,YES,882066,9631,32075,4919,4053,9846,1167,3869,22843,6341,3715,8323,2504,5503,3353,2866,8725,11822,3022,2671,7032,2497,16311,8333,9963,9769,13107,5509,21876,4026,4969,4463,1625,4026,3458,17071,6745,150907,3359,18452,6727,22301,14492,3267,5017,64310,4892,5708,15937,56012,5394,38181,25346,3350,4211,5269,4780,5978,36646,12733,2602,14857,9182,30327,13096,3533,2669,4503
Statewide Amendment #1,,NO,210122,3180,6402,1208,1207,3061,293,1456,4446,1527,921,3251,728,1400,1592,851,2056,2153,777,946,2123,908,5629,2113,1877,2732,5729,1314,4686,1716,1469,2278,383,804,774,4589,2338,25866,757,3377,1606,3229,3229,868,698,12347,894,2338,3643,16059,1282,11836,4954,455,1006,1300,1173,2040,6540,3533,360,3291,2459,8046,4260,1352,681,1726
Statewide Amendment #2,,YES,497408,5010,13687,3135,2378,5154,874,2562,14132,4202,2321,4603,1429,3344,2127,1776,5152,7806,2183,1837,4120,1552,8632,4708,7163,6108,6169,3154,11683,2412,3213,2332,1184,2927,2054,9179,3640,88532,1969,11613,3387,13130,7095,2546,4249,30885,3214,3553,8560,30323,3629,23387,11379,2754,2585,3289,2849,3718,16749,6774,1989,9729,5913,15765,7447,2206,1961,2287
Statewide Amendment #2,,NO,527495,7163,22279,2631,2613,6871,509,2495,10905,3294,2010,6450,1577,3159,2610,1666,5045,5119,1438,1605,4363,1652,11970,5145,3984,5492,11903,3192,13079,2985,2667,4032,743,1578,1820,10976,4439,79079,1852,8390,4391,10826,9246,1474,1300,39934,2169,4014,9480,38075,2637,24884,16832,854,2292,2860,2816,3792,23447,8560,819,7352,5167,19300,8980,2458,1253,3503
Statewide Amendment #3,,YES,666679,8538,23006,4230,3346,7796,1242,3910,15361,5171,2878,6832,2018,4502,2673,2179,7455,9544,2701,2237,6352,2448,12953,6937,8726,7868,11660,4256,16996,3357,4114,3731,1448,3651,2784,12915,5062,104003,2569,14786,5304,17500,10297,3086,4465,40579,4170,4536,11303,40941,4483,33635,18122,3116,3593,5055,4236,4281,24341,9662,2206,10967,7630,22061,10006,2892,2479,3498
Statewide Amendment #3,,NO,345004,3536,11886,1649,1688,4351,205,1231,9244,2213,1410,4181,1001,1857,2008,1276,2623,3384,916,1194,2185,838,7389,2925,2400,3601,6046,1943,7508,1999,1871,2548,478,992,1007,6746,3026,62706,1273,5269,2308,6122,5826,875,1085,27637,1257,3032,6327,24704,1789,13650,9471,515,1375,1298,1521,3150,15628,5710,616,5977,3317,12123,6280,1707,745,2356
